Location,Street,City,District,State,Area_sqft,Property_Type,Bedrooms,Bathrooms,Year_Built,Condition,latitude,longitude,hospitalApplicable,hospitalDistance,schoolApplicable,schoolDistance,railwayApplicable,railwayDistance,busApplicable,busDistance,Predicted_Price
"Gandhipuram Cross Cut, Coimbatore",Gandhipuram Cross Cut,Coimbatore,Coimbatore,Tamil Nadu,1619,Independent House,4,4,1994,Excellent,11.0175,76.9725,applicable,1.08,applicable,2.69,notApplicable,0.0,applicable,4.75,6545500
"Rajapalayam Rd, Virudhunagar",Rajapalayam Rd,Virudhunagar,Virudhunagar,Tamil Nadu,989,Duplex,4,3,1994,Excellent,9.4523,77.5533,applicable,1.74,applicable,4.12,notApplicable,0.0,applicable,3.03,2471400
"Trichy Rd, Singanallur, Coimbatore","Trichy Rd, Singanallur",Coimbatore,Coimbatore,Tamil Nadu,2229,Apartment,3,2,2020,Needs Renovation,10.9979,76.9994,applicable,2.79,applicable,2.48,applicable,6.01,applicable,4.93,6044900
"Rajapalayam Rd, Virudhunagar",Rajapalayam Rd,Virudhunagar,Virudhunagar,Tamil Nadu,725,Villa,4,4,2011,Good,9.4523,77.5533,applicable,5.94,applicable,1.09,notApplicable,0.0,notApplicable,0.0,2007500
"Dindigul Rd, Palani, Palani","Dindigul Rd, Palani",Palani,Dindigul,Tamil Nadu,1859,Apartment,3,3,1999,Needs Renovation,10.4508,77.5148,applicable,3.57,applicable,4.75,applicable,8.61,applicable,4.39,3717000
"Sathyamangalam Rd, Edayarpalayam, Erode","Sathyamangalam Rd, Edayarpalayam",Erode,Erode,Tamil Nadu,806,Apartment,2,2,1994,Excellent,11.349,77.6951,notApplicable,0.0,applicable,3.19,notApplicable,0.0,applicable,2.23,2060300
"Trichy Rd, Singanallur, Coimbatore","Trichy Rd, Singanallur",Coimbatore,Coimbatore,Tamil Nadu,3087,Apartment,4,3,2017,Excellent,10.9979,76.9994,applicable,4.77,applicable,1.64,applicable,4.73,notApplicable,0.0,12476300
"Ettayapuram Rd, Thoothukudi",Ettayapuram Rd,Thoothukudi,Thoothukudi,Tamil Nadu,1929,Independent House,2,3,2025,Good,8.813,78.1341,applicable,1.58,applicable,5.48,notApplicable,0.0,notApplicable,0.0,5284400
"100 Feet Rd, Velachery, Chennai","100 Feet Rd, Velachery",Chennai,Chennai,Tamil Nadu,2092,Apartment,3,3,2013,Needs Renovation,12.9791,80.2209,applicable,4.4,applicable,1.98,applicable,3.1,applicable,2.5,8097600
"Avinashi Rd, Peelamedu, Coimbatore","Avinashi Rd, Peelamedu",Coimbatore,Coimbatore,Tamil Nadu,3408,Villa,4,4,2006,Needs Renovation,11.0183,76.997,applicable,1.47,applicable,5.24,applicable,8.43,applicable,2.67,12057900
"100 Feet Rd, Velachery, Chennai","100 Feet Rd, Velachery",Chennai,Chennai,Tamil Nadu,392,Villa,2,1,2008,Needs Renovation,12.9791,80.2209,applicable,2.83,applicable,4.81,notApplicable,0.0,applicable,0.45,2516500
"Gandhipuram Cross Cut, Coimbatore",Gandhipuram Cross Cut,Coimbatore,Coimbatore,Tamil Nadu,3591,Apartment,3,3,2016,Needs Renovation,11.0175,76.9725,applicable,4.18,applicable,4.48,applicable,4.02,applicable,3.3,8663600
"Ettayapuram Rd, Thoothukudi",Ettayapuram Rd,Thoothukudi,Thoothukudi,Tamil Nadu,1951,Duplex,4,5,2015,Good,8.813,78.1341,applicable,3.1,applicable,4.48,notApplicable,0.0,applicable,1.78,4804500
"Rajapalayam Rd, Virudhunagar",Rajapalayam Rd,Virudhunagar,Virudhunagar,Tamil Nadu,2570,Independent House,1,1,2024,Needs Renovation,9.4523,77.5533,applicable,1.03,applicable,2.29,notApplicable,0.0,applicable,3.73,5216100
"Dindigul Rd, Palani, Palani","Dindigul Rd, Palani",Palani,Dindigul,Tamil Nadu,3584,Villa,5,6,2004,Needs Renovation,10.4508,77.5148,applicable,4.84,applicable,1.01,applicable,4.44,applicable,4.8,10617800
"Dindigul Rd, Palani, Palani","Dindigul Rd, Palani",Palani,Dindigul,Tamil Nadu,1100,Apartment,5,5,2005,Excellent,10.4508,77.5148,notApplicable,0.0,notApplicable,0.0,applicable,8.75,applicable,1.39,3716900
"Alagarkoil Rd, Madurai",Alagarkoil Rd,Madurai,Madurai,Tamil Nadu,1543,Villa,3,3,1999,Needs Renovation,9.9677,78.1653,applicable,2.85,applicable,1.67,applicable,4.82,applicable,4.77,3942300
"East Coast Rd, Thiruvanmiyur, Chennai","East Coast Rd, Thiruvanmiyur",Chennai,Chennai,Tamil Nadu,2599,Apartment,2,2,2012,Good,12.9834,80.259,notApplicable,0.0,notApplicable,0.0,applicable,6.74,notApplicable,0.0,14543800
"Simmakkal, Madurai",Simmakkal,Madurai,Madurai,Tamil Nadu,3970,Independent House,1,2,2024,Excellent,9.921,78.1197,applicable,3.68,applicable,4.55,notApplicable,0.0,applicable,4.97,15101600
"MTP Rd, Coimbatore",MTP Rd,Coimbatore,Coimbatore,Tamil Nadu,3405,Duplex,2,2,2015,Needs Renovation,11.0616,76.9366,notApplicable,0.0,applicable,5.05,applicable,5.11,notApplicable,0.0,12597000
"Avinashi Rd, Peelamedu, Coimbatore","Avinashi Rd, Peelamedu",Coimbatore,Coimbatore,Tamil Nadu,501,Apartment,1,1,2021,Excellent,11.0183,76.997,applicable,5.17,applicable,4.5,notApplicable,0.0,applicable,4.33,1901600
"Avinashi Rd, Peelamedu, Coimbatore","Avinashi Rd, Peelamedu",Coimbatore,Coimbatore,Tamil Nadu,539,Independent House,1,1,2007,Good,11.0183,76.997,notApplicable,0.0,applicable,4.39,notApplicable,0.0,notApplicable,0.0,2329400
"100 Feet Rd, Velachery, Chennai","100 Feet Rd, Velachery",Chennai,Chennai,Tamil Nadu,746,Villa,3,2,2023,Excellent,12.9791,80.2209,applicable,4.11,applicable,0.73,applicable,3.13,applicable,1.25,6224500
"Alagarkoil Rd, Madurai",Alagarkoil Rd,Madurai,Madurai,Tamil Nadu,459,Independent House,2,1,1999,Good,9.9677,78.1653,applicable,1.82,applicable,0.28,notApplicable,0.0,applicable,4.78,1570600
"MTP Rd, Coimbatore",MTP Rd,Coimbatore,Coimbatore,Tamil Nadu,3909,Apartment,2,2,2007,Excellent,11.0616,76.9366,applicable,0.27,applicable,3.01,applicable,6.86,notApplicable,0.0,13928300
"Gandhipuram Cross Cut, Coimbatore",Gandhipuram Cross Cut,Coimbatore,Coimbatore,Tamil Nadu,2458,Duplex,2,3,2017,Good,11.0175,76.9725,applicable,2.27,applicable,5.69,applicable,3.71,applicable,1.62,9932700
"Trichy Rd, Singanallur, Coimbatore","Trichy Rd, Singanallur",Coimbatore,Coimbatore,Tamil Nadu,513,Independent House,2,2,1998,Needs Renovation,10.9979,76.9994,applicable,0.6,applicable,0.54,applicable,6.6,applicable,1.12,1703400
"Simmakkal, Madurai",Simmakkal,Madurai,Madurai,Tamil Nadu,1250,Villa,3,4,2020,Excellent,9.921,78.1197,applicable,3.7,notApplicable,0.0,notApplicable,0.0,notApplicable,0.0,6389700
"Dindigul Rd, Palani, Palani","Dindigul Rd, Palani",Palani,Dindigul,Tamil Nadu,2419,Independent House,5,5,2013,Good,10.4508,77.5148,applicable,0.69,notApplicable,0.0,notApplicable,0.0,notApplicable,0.0,11605500
"Bypass Rd, Madurai",Bypass Rd,Madurai,Madurai,Tamil Nadu,3866,Independent House,5,4,1992,Excellent,9.924,78.135,notApplicable,0.0,notApplicable,0.0,applicable,2.55,applicable,1.41,13717400
"Simmakkal, Madurai",Simmakkal,Madurai,Madurai,Tamil Nadu,406,Independent House,2,2,1990,Needs Renovation,9.921,78.1197,applicable,2.76,applicable,4.36,applicable,2.77,notApplicable,0.0,909300
"NH 44, Tirunelveli, Tirunelveli","NH 44, Tirunelveli",Tirunelveli,Tirunelveli,Tamil Nadu,2102,Duplex,1,1,2003,Excellent,8.7139,77.7567,applicable,0.45,applicable,0.55,applicable,4.52,applicable,3.21,5468600
"NH 44, Tirunelveli, Tirunelveli","NH 44, Tirunelveli",Tirunelveli,Tirunelveli,Tamil Nadu,2157,Independent House,4,4,2025,Good,8.7139,77.7567,applicable,3.99,applicable,1.6,notApplicable,0.0,notApplicable,0.0,5941000
"Bypass Rd, Madurai",Bypass Rd,Madurai,Madurai,Tamil Nadu,1911,Duplex,5,5,1994,Good,9.924,78.135,applicable,2.01,applicable,1.38,applicable,9.74,applicable,3.81,5769300
"NH 44, Tirunelveli, Tirunelveli","NH 44, Tirunelveli",Tirunelveli,Tirunelveli,Tamil Nadu,3199,Independent House,5,5,2016,Good,8.7139,77.7567,notApplicable,0.0,applicable,4.66,notApplicable,0.0,applicable,4.65,8477200
"Sathyamangalam Rd, Edayarpalayam, Erode","Sathyamangalam Rd, Edayarpalayam",Erode,Erode,Tamil Nadu,1769,Independent House,2,1,1990,Needs Renovation,11.349,77.6951,applicable,1.74,notApplicable,0.0,applicable,3.85,applicable,4.6,3466000
"Simmakkal, Madurai",Simmakkal,Madurai,Madurai,Tamil Nadu,3169,Apartment,3,2,2008,Excellent,9.921,78.1197,notApplicable,0.0,applicable,2.94,applicable,5.68,applicable,1.18,9748800
"100 Feet Rd, Velachery, Chennai","100 Feet Rd, Velachery",Chennai,Chennai,Tamil Nadu,1216,Villa,3,3,1999,Excellent,12.9791,80.2209,applicable,4.07,applicable,5.62,applicable,5.89,notApplicable,0.0,8684200
"NH 44, Tirunelveli, Tirunelveli","NH 44, Tirunelveli",Tirunelveli,Tirunelveli,Tamil Nadu,1632,Villa,5,4,2024,Good,8.7139,77.7567,applicable,3.09,applicable,2.86,notApplicable,0.0,applicable,3.16,4180200
"Sathyamangalam Rd, Edayarpalayam, Erode","Sathyamangalam Rd, Edayarpalayam",Erode,Erode,Tamil Nadu,4161,Independent House,5,5,2017,Needs Renovation,11.349,77.6951,notApplicable,0.0,applicable,3.2,notApplicable,0.0,applicable,2.58,10687900
"MTP Rd, Coimbatore",MTP Rd,Coimbatore,Coimbatore,Tamil Nadu,1064,Independent House,4,4,2020,Excellent,11.0616,76.9366,applicable,5.5,applicable,1.03,notApplicable,0.0,applicable,2.29,5314500
"Sathyamangalam Rd, Edayarpalayam, Erode","Sathyamangalam Rd, Edayarpalayam",Erode,Erode,Tamil Nadu,1172,Duplex,1,1,2019,Excellent,11.349,77.6951,applicable,5.28,applicable,5.87,applicable,4.45,applicable,0.62,3296600
"Trichy Rd, Singanallur, Coimbatore","Trichy Rd, Singanallur",Coimbatore,Coimbatore,Tamil Nadu,2296,Duplex,2,3,2023,Needs Renovation,10.9979,76.9994,applicable,1.78,applicable,1.65,notApplicable,0.0,notApplicable,0.0,10391900
"Trichy Rd, Singanallur, Coimbatore","Trichy Rd, Singanallur",Coimbatore,Coimbatore,Tamil Nadu,1880,Apartment,5,6,2010,Good,10.9979,76.9994,notApplicable,0.0,applicable,3.46,applicable,5.63,applicable,3.51,5464500
"East Coast Rd, Thiruvanmiyur, Chennai","East Coast Rd, Thiruvanmiyur",Chennai,Chennai,Tamil Nadu,972,Independent House,4,5,1994,Excellent,12.9834,80.259,applicable,3.69,applicable,4.75,applicable,6.5,notApplicable,0.0,5638000
"Ettayapuram Rd, Thoothukudi",Ettayapuram Rd,Thoothukudi,Thoothukudi,Tamil Nadu,350,Apartment,4,4,1996,Needs Renovation,8.813,78.1341,notApplicable,0.0,applicable,3.56,applicable,3.96,applicable,1.16,586700
"Avinashi Rd, Peelamedu, Coimbatore","Avinashi Rd, Peelamedu",Coimbatore,Coimbatore,Tamil Nadu,634,Independent House,1,1,1995,Excellent,11.0183,76.997,applicable,2.67,applicable,1.29,applicable,8.42,applicable,1.0,2439100
"Dindigul Rd, Palani, Palani","Dindigul Rd, Palani",Palani,Dindigul,Tamil Nadu,3746,Independent House,4,3,1990,Needs Renovation,10.4508,77.5148,applicable,4.54,applicable,5.72,notApplicable,0.0,notApplicable,0.0,10498300
"Alagarkoil Rd, Madurai",Alagarkoil Rd,Madurai,Madurai,Tamil Nadu,2020,Independent House,5,5,2006,Excellent,9.9677,78.1653,notApplicable,0.0,applicable,5.5,notApplicable,0.0,applicable,1.63,8207600
"Trichy Rd, Singanallur, Coimbatore","Trichy Rd, Singanallur",Coimbatore,Coimbatore,Tamil Nadu,3452,Apartment,2,3,1999,Needs Renovation,10.9979,76.9994,notApplicable,0.0,notApplicable,0.0,notApplicable,0.0,applicable,3.15,10694100
"MTP Rd, Coimbatore",MTP Rd,Coimbatore,Coimbatore,Tamil Nadu,704,Independent House,5,4,2001,Excellent,11.0616,76.9366,applicable,5.19,applicable,5.25,notApplicable,0.0,applicable,1.15,2803100
"East Coast Rd, Thiruvanmiyur, Chennai","East Coast Rd, Thiruvanmiyur",Chennai,Chennai,Tamil Nadu,2900,Duplex,2,2,1999,Needs Renovation,12.9834,80.259,notApplicable,0.0,notApplicable,0.0,applicable,4.65,applicable,2.86,15560500
"100 Feet Rd, Velachery, Chennai","100 Feet Rd, Velachery",Chennai,Chennai,Tamil Nadu,3981,Apartment,1,1,2015,Good,12.9791,80.2209,applicable,4.81,applicable,4.5,applicable,4.41,notApplicable,0.0,18178700
"Rajapalayam Rd, Virudhunagar",Rajapalayam Rd,Virudhunagar,Virudhunagar,Tamil Nadu,1533,Villa,4,5,2004,Excellent,9.4523,77.5533,applicable,4.18,applicable,5.6,notApplicable,0.0,applicable,1.76,4248200
"Dindigul Rd, Palani, Palani","Dindigul Rd, Palani",Palani,Dindigul,Tamil Nadu,1561,Apartment,1,1,1991,Good,10.4508,77.5148,applicable,1.15,applicable,1.89,notApplicable,0.0,applicable,4.65,4480000
"Avinashi Rd, Peelamedu, Coimbatore","Avinashi Rd, Peelamedu",Coimbatore,Coimbatore,Tamil Nadu,623,Apartment,5,5,1991,Needs Renovation,11.0183,76.997,applicable,5.62,applicable,1.55,applicable,3.61,applicable,4.49,1301500
"100 Feet Rd, Velachery, Chennai","100 Feet Rd, Velachery",Chennai,Chennai,Tamil Nadu,927,Villa,5,4,1997,Needs Renovation,12.9791,80.2209,applicable,4.56,applicable,0.57,applicable,2.34,applicable,0.24,5796600
"Simmakkal, Madurai",Simmakkal,Madurai,Madurai,Tamil Nadu,2085,Apartment,2,2,1992,Good,9.921,78.1197,applicable,1.78,applicable,5.72,applicable,8.12,applicable,3.62,4535700
"Gandhipuram Cross Cut, Coimbatore",Gandhipuram Cross Cut,Coimbatore,Coimbatore,Tamil Nadu,3915,Duplex,2,1,2000,Good,11.0175,76.9725,notApplicable,0.0,applicable,3.88,notApplicable,0.0,applicable,2.76,14420700
"Avinashi Rd, Peelamedu, Coimbatore","Avinashi Rd, Peelamedu",Coimbatore,Coimbatore,Tamil Nadu,539,Apartment,3,3,2016,Good,11.0183,76.997,notApplicable,0.0,applicable,3.59,applicable,3.71,notApplicable,0.0,1813600
"Bypass Rd, Madurai",Bypass Rd,Madurai,Madurai,Tamil Nadu,608,Duplex,4,4,2011,Excellent,9.924,78.135,notApplicable,0.0,applicable,0.43,notApplicable,0.0,applicable,4.43,2736700
"NH 44, Tirunelveli, Tirunelveli","NH 44, Tirunelveli",Tirunelveli,Tirunelveli,Tamil Nadu,2660,Villa,4,5,1998,Good,8.7139,77.7567,notApplicable,0.0,applicable,3.89,applicable,6.62,notApplicable,0.0,6712900
"Trichy Rd, Singanallur, Coimbatore","Trichy Rd, Singanallur",Coimbatore,Coimbatore,Tamil Nadu,2921,Villa,4,4,2002,Excellent,10.9979,76.9994,applicable,0.29,applicable,4.26,applicable,2.92,applicable,4.48,13193600
"Rajapalayam Rd, Virudhunagar",Rajapalayam Rd,Virudhunagar,Virudhunagar,Tamil Nadu,1395,Duplex,3,3,2007,Excellent,9.4523,77.5533,applicable,4.6,applicable,4.82,notApplicable,0.0,applicable,1.8,3584500
"Rajapalayam Rd, Virudhunagar",Rajapalayam Rd,Virudhunagar,Virudhunagar,Tamil Nadu,1066,Villa,4,4,2011,Excellent,9.4523,77.5533,notApplicable,0.0,notApplicable,0.0,notApplicable,0.0,notApplicable,0.0,3978900
"Dindigul Rd, Palani, Palani","Dindigul Rd, Palani",Palani,Dindigul,Tamil Nadu,648,Apartment,3,3,1995,Good,10.4508,77.5148,applicable,1.23,applicable,5.27,notApplicable,0.0,notApplicable,0.0,1938700
"100 Feet Rd, Velachery, Chennai","100 Feet Rd, Velachery",Chennai,Chennai,Tamil Nadu,964,Independent House,4,3,2008,Good,12.9791,80.2209,applicable,5.33,applicable,5.67,notApplicable,0.0,applicable,1.1,6114300
"100 Feet Rd, Velachery, Chennai","100 Feet Rd, Velachery",Chennai,Chennai,Tamil Nadu,1539,Independent House,5,5,2020,Needs Renovation,12.9791,80.2209,applicable,4.37,applicable,1.24,applicable,6.44,applicable,1.57,7677600
"East Coast Rd, Thiruvanmiyur, Chennai","East Coast Rd, Thiruvanmiyur",Chennai,Chennai,Tamil Nadu,2446,Independent House,4,4,2006,Needs Renovation,12.9834,80.259,applicable,2.76,applicable,1.67,notApplicable,0.0,applicable,3.67,11944200
"Gandhipuram Cross Cut, Coimbatore",Gandhipuram Cross Cut,Coimbatore,Coimbatore,Tamil Nadu,667,Independent House,2,1,1993,Good,11.0175,76.9725,applicable,0.64,applicable,3.27,applicable,8.64,notApplicable,0.0,2394400
"Rajapalayam Rd, Virudhunagar",Rajapalayam Rd,Virudhunagar,Virudhunagar,Tamil Nadu,2879,Villa,3,3,2002,Excellent,9.4523,77.5533,applicable,1.94,applicable,5.71,applicable,7.56,applicable,2.72,7151000
"Bypass Rd, Madurai",Bypass Rd,Madurai,Madurai,Tamil Nadu,678,Independent House,4,3,2017,Good,9.924,78.135,notApplicable,0.0,applicable,4.89,applicable,6.15,applicable,2.12,2301800
"Trichy Rd, Singanallur, Coimbatore","Trichy Rd, Singanallur",Coimbatore,Coimbatore,Tamil Nadu,562,Duplex,5,4,2014,Good,10.9979,76.9994,applicable,2.23,applicable,0.25,notApplicable,0.0,applicable,0.63,2595100
"Dindigul Rd, Palani, Palani","Dindigul Rd, Palani",Palani,Dindigul,Tamil Nadu,1281,Apartment,2,3,2000,Needs Renovation,10.4508,77.5148,notApplicable,0.0,applicable,5.19,applicable,9.64,notApplicable,0.0,3365100
"East Coast Rd, Thiruvanmiyur, Chennai","East Coast Rd, Thiruvanmiyur",Chennai,Chennai,Tamil Nadu,1591,Villa,3,2,2019,Needs Renovation,12.9834,80.259,applicable,5.8,applicable,3.13,notApplicable,0.0,applicable,1.38,9084300
"Dindigul Rd, Palani, Palani","Dindigul Rd, Palani",Palani,Dindigul,Tamil Nadu,1478,Duplex,1,2,2004,Good,10.4508,77.5148,applicable,4.37,applicable,2.25,notApplicable,0.0,applicable,1.9,5382600
"Simmakkal, Madurai",Simmakkal,Madurai,Madurai,Tamil Nadu,2067,Duplex,4,4,2021,Needs Renovation,9.921,78.1197,notApplicable,0.0,applicable,2.02,notApplicable,0.0,applicable,2.44,6999400
"Simmakkal, Madurai",Simmakkal,Madurai,Madurai,Tamil Nadu,2979,Apartment,4,4,1996,Excellent,9.921,78.1197,applicable,0.8,applicable,0.23,applicable,3.17,applicable,4.25,8873900
"Avinashi Rd, Peelamedu, Coimbatore","Avinashi Rd, Peelamedu",Coimbatore,Coimbatore,Tamil Nadu,1942,Duplex,5,6,2017,Needs Renovation,11.0183,76.997,applicable,2.91,applicable,5.52,applicable,0.66,applicable,2.48,6904300
"Ettayapuram Rd, Thoothukudi",Ettayapuram Rd,Thoothukudi,Thoothukudi,Tamil Nadu,728,Villa,4,4,2008,Excellent,8.813,78.1341,applicable,3.58,notApplicable,0.0,applicable,1.08,applicable,1.81,2354400
"Gandhipuram Cross Cut, Coimbatore",Gandhipuram Cross Cut,Coimbatore,Coimbatore,Tamil Nadu,1440,Villa,4,5,2011,Excellent,11.0175,76.9725,notApplicable,0.0,applicable,2.3,applicable,7.85,applicable,2.35,6745900
"Simmakkal, Madurai",Simmakkal,Madurai,Madurai,Tamil Nadu,1106,Independent House,1,1,2000,Good,9.921,78.1197,notApplicable,0.0,applicable,4.8,notApplicable,0.0,applicable,4.24,3275200
"Gandhipuram Cross Cut, Coimbatore",Gandhipuram Cross Cut,Coimbatore,Coimbatore,Tamil Nadu,2515,Villa,5,5,2017,Good,11.0175,76.9725,notApplicable,0.0,applicable,4.14,notApplicable,0.0,applicable,2.97,12775000
"Rajapalayam Rd, Virudhunagar",Rajapalayam Rd,Virudhunagar,Virudhunagar,Tamil Nadu,1424,Apartment,4,3,1993,Needs Renovation,9.4523,77.5533,applicable,0.95,applicable,1.03,notApplicable,0.0,applicable,2.86,2270300
"Alagarkoil Rd, Madurai",Alagarkoil Rd,Madurai,Madurai,Tamil Nadu,1047,Duplex,4,4,2011,Excellent,9.9677,78.1653,applicable,4.54,applicable,0.33,applicable,1.07,applicable,1.84,3919300
"Ettayapuram Rd, Thoothukudi",Ettayapuram Rd,Thoothukudi,Thoothukudi,Tamil Nadu,2337,Duplex,2,3,1999,Needs Renovation,8.813,78.1341,applicable,5.02,applicable,4.02,applicable,7.07,applicable,0.3,3958100
"Rajapalayam Rd, Virudhunagar",Rajapalayam Rd,Virudhunagar,Virudhunagar,Tamil Nadu,742,Villa,2,1,2022,Good,9.4523,77.5533,applicable,3.99,applicable,5.22,notApplicable,0.0,applicable,0.37,1987200
"Dindigul Rd, Palani, Palani","Dindigul Rd, Palani",Palani,Dindigul,Tamil Nadu,570,Villa,1,1,2005,Good,10.4508,77.5148,applicable,2.85,notApplicable,0.0,notApplicable,0.0,applicable,2.37,2325300
"Bypass Rd, Madurai",Bypass Rd,Madurai,Madurai,Tamil Nadu,1577,Independent House,5,4,2003,Good,9.924,78.135,notApplicable,0.0,applicable,4.24,notApplicable,0.0,notApplicable,0.0,5432400
"Ettayapuram Rd, Thoothukudi",Ettayapuram Rd,Thoothukudi,Thoothukudi,Tamil Nadu,755,Independent House,3,3,2005,Excellent,8.813,78.1341,applicable,1.29,applicable,5.69,applicable,1.28,applicable,1.89,2010500
"East Coast Rd, Thiruvanmiyur, Chennai","East Coast Rd, Thiruvanmiyur",Chennai,Chennai,Tamil Nadu,458,Duplex,1,1,2014,Good,12.9834,80.259,applicable,2.75,applicable,4.36,notApplicable,0.0,applicable,1.67,3121400
"MTP Rd, Coimbatore",MTP Rd,Coimbatore,Coimbatore,Tamil Nadu,638,Duplex,3,3,2006,Needs Renovation,11.0616,76.9366,applicable,1.65,applicable,1.21,notApplicable,0.0,applicable,1.48,2414400
"Alagarkoil Rd, Madurai",Alagarkoil Rd,Madurai,Madurai,Tamil Nadu,1159,Villa,3,3,2019,Good,9.9677,78.1653,notApplicable,0.0,applicable,3.28,notApplicable,0.0,applicable,3.86,4766500
"East Coast Rd, Thiruvanmiyur, Chennai","East Coast Rd, Thiruvanmiyur",Chennai,Chennai,Tamil Nadu,1918,Independent House,1,2,2011,Needs Renovation,12.9834,80.259,applicable,5.05,applicable,2.48,notApplicable,0.0,applicable,5.0,10212000
"Bypass Rd, Madurai",Bypass Rd,Madurai,Madurai,Tamil Nadu,437,Independent House,1,1,2000,Good,9.924,78.135,notApplicable,0.0,notApplicable,0.0,notApplicable,0.0,applicable,1.94,1623000
"Alagarkoil Rd, Madurai",Alagarkoil Rd,Madurai,Madurai,Tamil Nadu,3204,Duplex,5,5,1992,Excellent,9.9677,78.1653,notApplicable,0.0,applicable,5.61,applicable,6.95,applicable,1.22,10931300
"Ettayapuram Rd, Thoothukudi",Ettayapuram Rd,Thoothukudi,Thoothukudi,Tamil Nadu,574,Apartment,3,2,2019,Good,8.813,78.1341,notApplicable,0.0,applicable,4.27,notApplicable,0.0,applicable,2.17,1303600
"East Coast Rd, Thiruvanmiyur, Chennai","East Coast Rd, Thiruvanmiyur",Chennai,Chennai,Tamil Nadu,810,Apartment,4,4,2012,Good,12.9834,80.259,applicable,4.36,applicable,4.33,applicable,6.83,applicable,1.09,3540600
"NH 44, Tirunelveli, Tirunelveli","NH 44, Tirunelveli",Tirunelveli,Tirunelveli,Tamil Nadu,614,Independent House,1,2,2015,Needs Renovation,8.7139,77.7567,notApplicable,0.0,applicable,4.22,applicable,3.97,applicable,2.14,1239000
"Simmakkal, Madurai",Simmakkal,Madurai,Madurai,Tamil Nadu,497,Villa,4,4,2014,Good,9.921,78.1197,applicable,0.89,applicable,2.6,notApplicable,0.0,applicable,4.33,1826000
"Avinashi Rd, Peelamedu, Coimbatore","Avinashi Rd, Peelamedu",Coimbatore,Coimbatore,Tamil Nadu,1387,Apartment,5,5,2013,Good,11.0183,76.997,applicable,3.92,applicable,2.69,applicable,5.89,notApplicable,0.0,4578300
"Trichy Rd, Singanallur, Coimbatore","Trichy Rd, Singanallur",Coimbatore,Coimbatore,Tamil Nadu,2077,Duplex,5,6,2002,Excellent,10.9979,76.9994,applicable,3.84,notApplicable,0.0,applicable,2.97,applicable,1.1,8982100
"Simmakkal, Madurai",Simmakkal,Madurai,Madurai,Tamil Nadu,696,Duplex,3,3,2005,Excellent,9.921,78.1197,notApplicable,0.0,applicable,4.37,applicable,0.59,applicable,2.49,2564800
"East Coast Rd, Thiruvanmiyur, Chennai","East Coast Rd, Thiruvanmiyur",Chennai,Chennai,Tamil Nadu,745,Duplex,1,1,2012,Excellent,12.9834,80.259,notApplicable,0.0,applicable,0.27,notApplicable,0.0,applicable,1.02,6549900
"Avinashi Rd, Peelamedu, Coimbatore","Avinashi Rd, Peelamedu",Coimbatore,Coimbatore,Tamil Nadu,1654,Villa,5,5,1994,Excellent,11.0183,76.997,notApplicable,0.0,notApplicable,0.0,notApplicable,0.0,applicable,1.16,9611400
"Sathyamangalam Rd, Edayarpalayam, Erode","Sathyamangalam Rd, Edayarpalayam",Erode,Erode,Tamil Nadu,809,Duplex,3,4,2003,Needs Renovation,11.349,77.6951,notApplicable,0.0,applicable,5.07,notApplicable,0.0,applicable,0.5,2070800
"MTP Rd, Coimbatore",MTP Rd,Coimbatore,Coimbatore,Tamil Nadu,613,Duplex,5,5,2022,Needs Renovation,11.0616,76.9366,notApplicable,0.0,notApplicable,0.0,notApplicable,0.0,applicable,1.08,2848700
"Gandhipuram Cross Cut, Coimbatore",Gandhipuram Cross Cut,Coimbatore,Coimbatore,Tamil Nadu,656,Duplex,4,3,2003,Needs Renovation,11.0175,76.9725,applicable,5.64,applicable,1.96,applicable,2.16,applicable,0.46,2096600
"Bypass Rd, Madurai",Bypass Rd,Madurai,Madurai,Tamil Nadu,863,Villa,4,3,2001,Needs Renovation,9.924,78.135,applicable,3.05,applicable,1.47,notApplicable,0.0,notApplicable,0.0,2975800
"Avinashi Rd, Peelamedu, Coimbatore","Avinashi Rd, Peelamedu",Coimbatore,Coimbatore,Tamil Nadu,1400,Villa,4,4,2016,Good,11.0183,76.997,notApplicable,0.0,applicable,5.0,applicable,7.45,notApplicable,0.0,6133600
"Bypass Rd, Madurai",Bypass Rd,Madurai,Madurai,Tamil Nadu,2334,Independent House,2,2,2008,Needs Renovation,9.924,78.135,applicable,5.75,applicable,1.58,applicable,5.28,applicable,0.93,5772300
"MTP Rd, Coimbatore",MTP Rd,Coimbatore,Coimbatore,Tamil Nadu,3083,Independent House,5,4,2005,Good,11.0616,76.9366,notApplicable,0.0,applicable,2.21,applicable,5.33,applicable,4.98,11946200
"MTP Rd, Coimbatore",MTP Rd,Coimbatore,Coimbatore,Tamil Nadu,1308,Independent House,5,4,1998,Needs Renovation,11.0616,76.9366,applicable,4.09,notApplicable,0.0,notApplicable,0.0,applicable,3.75,3998700
"Simmakkal, Madurai",Simmakkal,Madurai,Madurai,Tamil Nadu,3018,Apartment,2,3,2011,Needs Renovation,9.921,78.1197,applicable,4.3,applicable,3.58,notApplicable,0.0,notApplicable,0.0,6969500
"Alagarkoil Rd, Madurai",Alagarkoil Rd,Madurai,Madurai,Tamil Nadu,1060,Villa,5,5,2002,Good,9.9677,78.1653,notApplicable,0.0,notApplicable,0.0,notApplicable,0.0,applicable,0.86,4709300
"Bypass Rd, Madurai",Bypass Rd,Madurai,Madurai,Tamil Nadu,484,Duplex,5,4,2018,Excellent,9.924,78.135,applicable,5.57,applicable,4.33,notApplicable,0.0,notApplicable,0.0,1987900
"NH 44, Tirunelveli, Tirunelveli","NH 44, Tirunelveli",Tirunelveli,Tirunelveli,Tamil Nadu,4025,Duplex,4,5,2004,Good,8.7139,77.7567,applicable,4.69,applicable,3.12,notApplicable,0.0,applicable,4.94,8794000
"Bypass Rd, Madurai",Bypass Rd,Madurai,Madurai,Tamil Nadu,519,Independent House,4,4,2021,Good,9.924,78.135,notApplicable,0.0,notApplicable,0.0,notApplicable,0.0,applicable,0.27,2213000
"Simmakkal, Madurai",Simmakkal,Madurai,Madurai,Tamil Nadu,507,Independent House,3,4,2025,Needs Renovation,9.921,78.1197,applicable,4.58,applicable,3.2,applicable,5.27,applicable,2.72,1202800
"100 Feet Rd, Velachery, Chennai","100 Feet Rd, Velachery",Chennai,Chennai,Tamil Nadu,1190,Duplex,4,4,2010,Good,12.9791,80.2209,notApplicable,0.0,applicable,3.47,notApplicable,0.0,applicable,2.63,7530800
"Simmakkal, Madurai",Simmakkal,Madurai,Madurai,Tamil Nadu,2830,Apartment,1,1,1994,Needs Renovation,9.921,78.1197,applicable,3.21,notApplicable,0.0,notApplicable,0.0,applicable,4.7,6049900
"Sathyamangalam Rd, Edayarpalayam, Erode","Sathyamangalam Rd, Edayarpalayam",Erode,Erode,Tamil Nadu,1830,Villa,4,4,1992,Needs Renovation,11.349,77.6951,applicable,5.69,applicable,2.39,applicable,1.14,applicable,1.17,3937600
"Dindigul Rd, Palani, Palani","Dindigul Rd, Palani",Palani,Dindigul,Tamil Nadu,762,Independent House,1,1,1995,Needs Renovation,10.4508,77.5148,applicable,4.54,applicable,3.55,applicable,2.08,applicable,2.93,1754100
"100 Feet Rd, Velachery, Chennai","100 Feet Rd, Velachery",Chennai,Chennai,Tamil Nadu,459,Villa,2,2,2025,Needs Renovation,12.9791,80.2209,notApplicable,0.0,applicable,2.7,notApplicable,0.0,applicable,4.97,3019100
"100 Feet Rd, Velachery, Chennai","100 Feet Rd, Velachery",Chennai,Chennai,Tamil Nadu,644,Villa,3,2,2003,Needs Renovation,12.9791,80.2209,applicable,1.86,notApplicable,0.0,notApplicable,0.0,applicable,3.38,4042200
"Dindigul Rd, Palani, Palani","Dindigul Rd, Palani",Palani,Dindigul,Tamil Nadu,955,Duplex,1,1,2014,Good,10.4508,77.5148,applicable,5.61,applicable,3.44,applicable,5.73,applicable,0.67,3194900
"Simmakkal, Madurai",Simmakkal,Madurai,Madurai,Tamil Nadu,2312,Duplex,4,5,2021,Excellent,9.921,78.1197,applicable,3.44,notApplicable,0.0,notApplicable,0.0,notApplicable,0.0,10740300
"Ettayapuram Rd, Thoothukudi",Ettayapuram Rd,Thoothukudi,Thoothukudi,Tamil Nadu,3261,Independent House,4,4,1992,Good,8.813,78.1341,applicable,0.28,applicable,2.62,applicable,4.09,applicable,2.5,6610300
"Rajapalayam Rd, Virudhunagar",Rajapalayam Rd,Virudhunagar,Virudhunagar,Tamil Nadu,784,Duplex,3,3,2019,Excellent,9.4523,77.5533,applicable,5.7,applicable,4.25,notApplicable,0.0,applicable,0.56,2274300
"Alagarkoil Rd, Madurai",Alagarkoil Rd,Madurai,Madurai,Tamil Nadu,1377,Independent House,5,5,2010,Excellent,9.9677,78.1653,notApplicable,0.0,applicable,0.48,notApplicable,0.0,applicable,0.65,6437500
"East Coast Rd, Thiruvanmiyur, Chennai","East Coast Rd, Thiruvanmiyur",Chennai,Chennai,Tamil Nadu,3671,Villa,2,2,1994,Good,12.9834,80.259,applicable,3.96,applicable,0.55,applicable,4.43,notApplicable,0.0,25145100
"NH 44, Tirunelveli, Tirunelveli","NH 44, Tirunelveli",Tirunelveli,Tirunelveli,Tamil Nadu,353,Villa,3,4,2010,Needs Renovation,8.7139,77.7567,applicable,0.5,applicable,5.55,applicable,3.34,notApplicable,0.0,895800
"Alagarkoil Rd, Madurai",Alagarkoil Rd,Madurai,Madurai,Tamil Nadu,1044,Villa,3,3,1998,Good,9.9677,78.1653,notApplicable,0.0,applicable,5.31,applicable,3.7,applicable,2.41,3485500
"Gandhipuram Cross Cut, Coimbatore",Gandhipuram Cross Cut,Coimbatore,Coimbatore,Tamil Nadu,796,Villa,3,3,2019,Excellent,11.0175,76.9725,applicable,1.13,applicable,5.59,notApplicable,0.0,applicable,2.61,4319300
"Rajapalayam Rd, Virudhunagar",Rajapalayam Rd,Virudhunagar,Virudhunagar,Tamil Nadu,1179,Villa,4,3,2003,Needs Renovation,9.4523,77.5533,applicable,2.77,applicable,5.25,applicable,2.26,applicable,2.68,2218800
"Simmakkal, Madurai",Simmakkal,Madurai,Madurai,Tamil Nadu,1810,Apartment,2,2,1998,Needs Renovation,9.921,78.1197,notApplicable,0.0,applicable,2.47,notApplicable,0.0,notApplicable,0.0,4634200
"Gandhipuram Cross Cut, Coimbatore",Gandhipuram Cross Cut,Coimbatore,Coimbatore,Tamil Nadu,1294,Independent House,3,3,1994,Needs Renovation,11.0175,76.9725,applicable,5.51,applicable,0.7,notApplicable,0.0,notApplicable,0.0,4675300
"Dindigul Rd, Palani, Palani","Dindigul Rd, Palani",Palani,Dindigul,Tamil Nadu,873,Villa,4,5,2002,Good,10.4508,77.5148,applicable,3.56,notApplicable,0.0,applicable,7.67,notApplicable,0.0,3782800
"Alagarkoil Rd, Madurai",Alagarkoil Rd,Madurai,Madurai,Tamil Nadu,3368,Villa,1,1,1999,Needs Renovation,9.9677,78.1653,notApplicable,0.0,applicable,2.57,applicable,5.59,notApplicable,0.0,10521300
"Gandhipuram Cross Cut, Coimbatore",Gandhipuram Cross Cut,Coimbatore,Coimbatore,Tamil Nadu,919,Villa,1,1,2013,Needs Renovation,11.0175,76.9725,applicable,2.49,applicable,5.61,notApplicable,0.0,applicable,3.36,3309500
"East Coast Rd, Thiruvanmiyur, Chennai","East Coast Rd, Thiruvanmiyur",Chennai,Chennai,Tamil Nadu,488,Apartment,4,4,2015,Excellent,12.9834,80.259,applicable,2.55,applicable,3.73,notApplicable,0.0,applicable,2.63,2886300
"Ettayapuram Rd, Thoothukudi",Ettayapuram Rd,Thoothukudi,Thoothukudi,Tamil Nadu,3463,Villa,3,3,1992,Excellent,8.813,78.1341,notApplicable,0.0,applicable,2.59,notApplicable,0.0,applicable,3.87,9670400
"Ettayapuram Rd, Thoothukudi",Ettayapuram Rd,Thoothukudi,Thoothukudi,Tamil Nadu,689,Independent House,1,1,2019,Needs Renovation,8.813,78.1341,notApplicable,0.0,notApplicable,0.0,applicable,5.96,applicable,0.47,1733200
"Gandhipuram Cross Cut, Coimbatore",Gandhipuram Cross Cut,Coimbatore,Coimbatore,Tamil Nadu,2272,Apartment,1,1,2014,Excellent,11.0175,76.9725,applicable,3.75,applicable,2.15,notApplicable,0.0,applicable,2.6,8523500
"East Coast Rd, Thiruvanmiyur, Chennai","East Coast Rd, Thiruvanmiyur",Chennai,Chennai,Tamil Nadu,2091,Independent House,1,1,2016,Good,12.9834,80.259,applicable,5.27,applicable,1.48,applicable,8.36,notApplicable,0.0,13700100
"Bypass Rd, Madurai",Bypass Rd,Madurai,Madurai,Tamil Nadu,1137,Villa,3,3,2006,Excellent,9.924,78.135,applicable,2.89,notApplicable,0.0,notApplicable,0.0,applicable,0.94,5246600
"Dindigul Rd, Palani, Palani","Dindigul Rd, Palani",Palani,Dindigul,Tamil Nadu,409,Duplex,4,5,1996,Good,10.4508,77.5148,applicable,0.91,applicable,4.63,applicable,2.92,applicable,2.92,1254000
"Trichy Rd, Singanallur, Coimbatore","Trichy Rd, Singanallur",Coimbatore,Coimbatore,Tamil Nadu,732,Independent House,5,5,2000,Excellent,10.9979,76.9994,notApplicable,0.0,applicable,0.62,notApplicable,0.0,notApplicable,0.0,4001300
"100 Feet Rd, Velachery, Chennai","100 Feet Rd, Velachery",Chennai,Chennai,Tamil Nadu,366,Duplex,4,3,1997,Excellent,12.9791,80.2209,applicable,2.1,applicable,0.53,applicable,7.5,applicable,4.94,2145700
"MTP Rd, Coimbatore",MTP Rd,Coimbatore,Coimbatore,Tamil Nadu,671,Villa,2,2,1992,Needs Renovation,11.0616,76.9366,notApplicable,0.0,applicable,4.77,notApplicable,0.0,notApplicable,0.0,2542700
"Avinashi Rd, Peelamedu, Coimbatore","Avinashi Rd, Peelamedu",Coimbatore,Coimbatore,Tamil Nadu,840,Duplex,4,4,2006,Excellent,11.0183,76.997,applicable,4.59,applicable,4.48,applicable,0.68,applicable,1.2,3377100
"Bypass Rd, Madurai",Bypass Rd,Madurai,Madurai,Tamil Nadu,1110,Villa,5,4,2022,Good,9.924,78.135,notApplicable,0.0,applicable,5.64,applicable,5.36,notApplicable,0.0,4557500
"East Coast Rd, Thiruvanmiyur, Chennai","East Coast Rd, Thiruvanmiyur",Chennai,Chennai,Tamil Nadu,713,Duplex,4,4,1996,Excellent,12.9834,80.259,applicable,4.21,applicable,3.49,applicable,7.07,applicable,2.41,3903900
"Trichy Rd, Singanallur, Coimbatore","Trichy Rd, Singanallur",Coimbatore,Coimbatore,Tamil Nadu,2712,Independent House,5,6,2011,Needs Renovation,10.9979,76.9994,notApplicable,0.0,applicable,3.67,applicable,4.35,applicable,4.73,8321100
"Avinashi Rd, Peelamedu, Coimbatore","Avinashi Rd, Peelamedu",Coimbatore,Coimbatore,Tamil Nadu,3902,Independent House,1,1,1990,Needs Renovation,11.0183,76.997,applicable,3.11,applicable,1.09,applicable,8.48,applicable,0.75,11573300
"Rajapalayam Rd, Virudhunagar",Rajapalayam Rd,Virudhunagar,Virudhunagar,Tamil Nadu,1415,Apartment,4,3,1998,Good,9.4523,77.5533,applicable,0.97,applicable,5.52,applicable,4.48,applicable,1.52,2447800
"Dindigul Rd, Palani, Palani","Dindigul Rd, Palani",Palani,Dindigul,Tamil Nadu,425,Duplex,3,3,2006,Needs Renovation,10.4508,77.5148,applicable,1.75,applicable,3.74,applicable,8.85,applicable,2.62,1239800
"Avinashi Rd, Peelamedu, Coimbatore","Avinashi Rd, Peelamedu",Coimbatore,Coimbatore,Tamil Nadu,1962,Villa,4,3,2023,Needs Renovation,11.0183,76.997,applicable,5.05,applicable,5.3,applicable,3.26,notApplicable,0.0,7831900
"East Coast Rd, Thiruvanmiyur, Chennai","East Coast Rd, Thiruvanmiyur",Chennai,Chennai,Tamil Nadu,1802,Duplex,3,3,2021,Excellent,12.9834,80.259,applicable,4.61,applicable,5.73,notApplicable,0.0,applicable,0.3,14896600
"Sathyamangalam Rd, Edayarpalayam, Erode","Sathyamangalam Rd, Edayarpalayam",Erode,Erode,Tamil Nadu,1564,Duplex,4,4,2014,Excellent,11.349,77.6951,notApplicable,0.0,applicable,0.32,applicable,4.97,applicable,4.55,4877800
"Simmakkal, Madurai",Simmakkal,Madurai,Madurai,Tamil Nadu,605,Independent House,1,2,2010,Good,9.921,78.1197,applicable,4.34,applicable,1.14,applicable,1.49,applicable,3.46,1949800
"NH 44, Tirunelveli, Tirunelveli","NH 44, Tirunelveli",Tirunelveli,Tirunelveli,Tamil Nadu,509,Duplex,3,4,2001,Excellent,8.7139,77.7567,applicable,3.32,applicable,2.12,applicable,9.97,applicable,4.59,1150000
"East Coast Rd, Thiruvanmiyur, Chennai","East Coast Rd, Thiruvanmiyur",Chennai,Chennai,Tamil Nadu,679,Villa,5,4,2000,Good,12.9834,80.259,notApplicable,0.0,applicable,5.49,notApplicable,0.0,applicable,0.91,5060900
"Gandhipuram Cross Cut, Coimbatore",Gandhipuram Cross Cut,Coimbatore,Coimbatore,Tamil Nadu,1604,Apartment,3,3,2013,Excellent,11.0175,76.9725,applicable,2.84,applicable,2.61,notApplicable,0.0,applicable,0.71,6091800
"Rajapalayam Rd, Virudhunagar",Rajapalayam Rd,Virudhunagar,Virudhunagar,Tamil Nadu,1693,Independent House,5,4,2007,Needs Renovation,9.4523,77.5533,applicable,4.75,applicable,2.34,notApplicable,0.0,applicable,0.32,3281500
"Simmakkal, Madurai",Simmakkal,Madurai,Madurai,Tamil Nadu,698,Duplex,5,6,2000,Needs Renovation,9.921,78.1197,applicable,4.04,applicable,2.12,applicable,8.02,applicable,0.85,1940400
"MTP Rd, Coimbatore",MTP Rd,Coimbatore,Coimbatore,Tamil Nadu,1197,Independent House,1,2,2002,Good,11.0616,76.9366,applicable,4.45,notApplicable,0.0,applicable,3.98,applicable,4.52,4038300
"NH 44, Tirunelveli, Tirunelveli","NH 44, Tirunelveli",Tirunelveli,Tirunelveli,Tamil Nadu,2686,Apartment,1,1,2002,Needs Renovation,8.7139,77.7567,notApplicable,0.0,applicable,4.82,notApplicable,0.0,applicable,3.5,4651100
"East Coast Rd, Thiruvanmiyur, Chennai","East Coast Rd, Thiruvanmiyur",Chennai,Chennai,Tamil Nadu,545,Duplex,3,3,1991,Good,12.9834,80.259,applicable,0.54,notApplicable,0.0,applicable,3.29,notApplicable,0.0,3293600
"East Coast Rd, Thiruvanmiyur, Chennai","East Coast Rd, Thiruvanmiyur",Chennai,Chennai,Tamil Nadu,2904,Apartment,4,3,1999,Good,12.9834,80.259,applicable,2.69,applicable,4.5,notApplicable,0.0,applicable,1.7,13651700
"Ettayapuram Rd, Thoothukudi",Ettayapuram Rd,Thoothukudi,Thoothukudi,Tamil Nadu,616,Independent House,2,1,2021,Needs Renovation,8.813,78.1341,applicable,5.33,applicable,0.4,notApplicable,0.0,applicable,3.72,1308100
"East Coast Rd, Thiruvanmiyur, Chennai","East Coast Rd, Thiruvanmiyur",Chennai,Chennai,Tamil Nadu,1432,Duplex,3,4,1998,Good,12.9834,80.259,applicable,5.37,notApplicable,0.0,applicable,2.0,applicable,3.3,8221400
"Bypass Rd, Madurai",Bypass Rd,Madurai,Madurai,Tamil Nadu,2108,Apartment,2,3,1994,Excellent,9.924,78.135,applicable,0.74,applicable,0.98,notApplicable,0.0,applicable,3.99,6838700
"Simmakkal, Madurai",Simmakkal,Madurai,Madurai,Tamil Nadu,1639,Independent House,1,1,2004,Needs Renovation,9.921,78.1197,applicable,4.21,applicable,2.59,notApplicable,0.0,applicable,2.87,4038000
"Avinashi Rd, Peelamedu, Coimbatore","Avinashi Rd, Peelamedu",Coimbatore,Coimbatore,Tamil Nadu,595,Duplex,5,4,2013,Needs Renovation,11.0183,76.997,notApplicable,0.0,applicable,2.13,notApplicable,0.0,applicable,1.2,2266300
"Bypass Rd, Madurai",Bypass Rd,Madurai,Madurai,Tamil Nadu,4070,Independent House,3,3,2013,Excellent,9.924,78.135,applicable,4.46,applicable,4.06,applicable,9.83,applicable,0.14,15245600
"100 Feet Rd, Velachery, Chennai","100 Feet Rd, Velachery",Chennai,Chennai,Tamil Nadu,1762,Independent House,1,1,2002,Good,12.9791,80.2209,notApplicable,0.0,applicable,3.37,notApplicable,0.0,notApplicable,0.0,11551500
"100 Feet Rd, Velachery, Chennai","100 Feet Rd, Velachery",Chennai,Chennai,Tamil Nadu,2500,Villa,3,4,1991,Excellent,12.9791,80.2209,applicable,0.71,applicable,4.84,notApplicable,0.0,applicable,4.76,18734800
"Sathyamangalam Rd, Edayarpalayam, Erode","Sathyamangalam Rd, Edayarpalayam",Erode,Erode,Tamil Nadu,2065,Independent House,2,1,2001,Good,11.349,77.6951,notApplicable,0.0,applicable,2.14,notApplicable,0.0,notApplicable,0.0,6200600
"Gandhipuram Cross Cut, Coimbatore",Gandhipuram Cross Cut,Coimbatore,Coimbatore,Tamil Nadu,1196,Independent House,4,3,2015,Good,11.0175,76.9725,applicable,5.51,applicable,4.67,applicable,2.86,applicable,4.08,3732300
"Gandhipuram Cross Cut, Coimbatore",Gandhipuram Cross Cut,Coimbatore,Coimbatore,Tamil Nadu,626,Apartment,1,1,2023,Needs Renovation,11.0175,76.9725,applicable,3.3,applicable,0.45,applicable,8.48,applicable,3.05,1880300
"Trichy Rd, Singanallur, Coimbatore","Trichy Rd, Singanallur",Coimbatore,Coimbatore,Tamil Nadu,436,Villa,4,3,2021,Needs Renovation,10.9979,76.9994,applicable,3.19,applicable,4.88,notApplicable,0.0,applicable,3.08,1500600
"Simmakkal, Madurai",Simmakkal,Madurai,Madurai,Tamil Nadu,579,Villa,2,2,1991,Good,9.921,78.1197,notApplicable,0.0,applicable,5.38,notApplicable,0.0,applicable,1.76,2280500
"MTP Rd, Coimbatore",MTP Rd,Coimbatore,Coimbatore,Tamil Nadu,3847,Apartment,2,1,2005,Excellent,11.0616,76.9366,applicable,5.36,applicable,5.77,notApplicable,0.0,applicable,0.47,15123900
"Trichy Rd, Singanallur, Coimbatore","Trichy Rd, Singanallur",Coimbatore,Coimbatore,Tamil Nadu,1181,Apartment,2,2,2023,Excellent,10.9979,76.9994,applicable,3.81,applicable,4.98,applicable,7.94,notApplicable,0.0,4134200
"MTP Rd, Coimbatore",MTP Rd,Coimbatore,Coimbatore,Tamil Nadu,999,Apartment,2,2,1995,Needs Renovation,11.0616,76.9366,notApplicable,0.0,applicable,2.25,applicable,7.3,notApplicable,0.0,2927500
"Ettayapuram Rd, Thoothukudi",Ettayapuram Rd,Thoothukudi,Thoothukudi,Tamil Nadu,496,Villa,1,1,2012,Excellent,8.813,78.1341,applicable,1.89,notApplicable,0.0,notApplicable,0.0,applicable,0.59,1712000
"Dindigul Rd, Palani, Palani","Dindigul Rd, Palani",Palani,Dindigul,Tamil Nadu,1924,Villa,2,2,2004,Excellent,10.4508,77.5148,applicable,5.9,applicable,5.52,applicable,4.16,applicable,0.56,7542300
"East Coast Rd, Thiruvanmiyur, Chennai","East Coast Rd, Thiruvanmiyur",Chennai,Chennai,Tamil Nadu,1768,Duplex,3,3,2024,Good,12.9834,80.259,applicable,1.36,applicable,1.62,notApplicable,0.0,notApplicable,0.0,14807900
"Dindigul Rd, Palani, Palani","Dindigul Rd, Palani",Palani,Dindigul,Tamil Nadu,884,Duplex,5,5,2024,Needs Renovation,10.4508,77.5148,applicable,2.41,applicable,1.34,applicable,4.02,applicable,4.59,2759700
"100 Feet Rd, Velachery, Chennai","100 Feet Rd, Velachery",Chennai,Chennai,Tamil Nadu,917,Apartment,2,3,2011,Excellent,12.9791,80.2209,notApplicable,0.0,applicable,4.28,applicable,9.99,applicable,4.83,4980400
"Sathyamangalam Rd, Edayarpalayam, Erode","Sathyamangalam Rd, Edayarpalayam",Erode,Erode,Tamil Nadu,1110,Apartment,1,2,2021,Excellent,11.349,77.6951,applicable,5.23,applicable,0.3,applicable,7.61,applicable,3.34,2713000
"Trichy Rd, Singanallur, Coimbatore","Trichy Rd, Singanallur",Coimbatore,Coimbatore,Tamil Nadu,1866,Villa,5,4,1991,Needs Renovation,10.9979,76.9994,applicable,3.27,notApplicable,0.0,notApplicable,0.0,applicable,4.21,6775800
"Sathyamangalam Rd, Edayarpalayam, Erode","Sathyamangalam Rd, Edayarpalayam",Erode,Erode,Tamil Nadu,3044,Independent House,4,5,1998,Excellent,11.349,77.6951,notApplicable,0.0,applicable,0.21,notApplicable,0.0,applicable,1.23,9921800
"MTP Rd, Coimbatore",MTP Rd,Coimbatore,Coimbatore,Tamil Nadu,3784,Duplex,4,4,2004,Excellent,11.0616,76.9366,notApplicable,0.0,applicable,1.43,applicable,2.65,applicable,3.12,15558800
"100 Feet Rd, Velachery, Chennai","100 Feet Rd, Velachery",Chennai,Chennai,Tamil Nadu,3739,Duplex,3,3,2018,Needs Renovation,12.9791,80.2209,applicable,3.25,applicable,2.2,applicable,1.39,notApplicable,0.0,22989100
"Trichy Rd, Singanallur, Coimbatore","Trichy Rd, Singanallur",Coimbatore,Coimbatore,Tamil Nadu,915,Villa,5,6,2024,Good,10.9979,76.9994,applicable,0.29,applicable,4.54,applicable,6.84,notApplicable,0.0,4502300
"MTP Rd, Coimbatore",MTP Rd,Coimbatore,Coimbatore,Tamil Nadu,1971,Duplex,4,3,2014,Needs Renovation,11.0616,76.9366,notApplicable,0.0,applicable,3.25,applicable,2.79,applicable,3.26,6012200
"Alagarkoil Rd, Madurai",Alagarkoil Rd,Madurai,Madurai,Tamil Nadu,3530,Independent House,4,5,2018,Needs Renovation,9.9677,78.1653,applicable,4.77,applicable,1.45,notApplicable,0.0,applicable,2.13,11374300
"Simmakkal, Madurai",Simmakkal,Madurai,Madurai,Tamil Nadu,1818,Villa,1,1,2025,Good,9.921,78.1197,notApplicable,0.0,applicable,3.86,notApplicable,0.0,applicable,0.53,8139000
"Avinashi Rd, Peelamedu, Coimbatore","Avinashi Rd, Peelamedu",Coimbatore,Coimbatore,Tamil Nadu,3549,Independent House,3,4,2019,Needs Renovation,11.0183,76.997,applicable,5.22,applicable,0.98,notApplicable,0.0,applicable,0.32,14530200
"East Coast Rd, Thiruvanmiyur, Chennai","East Coast Rd, Thiruvanmiyur",Chennai,Chennai,Tamil Nadu,2555,Duplex,5,4,2015,Excellent,12.9834,80.259,applicable,1.67,applicable,3.58,applicable,7.67,applicable,0.31,18636700
"Sathyamangalam Rd, Edayarpalayam, Erode","Sathyamangalam Rd, Edayarpalayam",Erode,Erode,Tamil Nadu,384,Apartment,3,3,2022,Needs Renovation,11.349,77.6951,applicable,5.18,applicable,5.42,applicable,3.28,applicable,4.88,657500
"Bypass Rd, Madurai",Bypass Rd,Madurai,Madurai,Tamil Nadu,1051,Apartment,3,2,2019,Excellent,9.924,78.135,applicable,1.46,applicable,5.48,applicable,2.45,applicable,4.72,3024700
"Bypass Rd, Madurai",Bypass Rd,Madurai,Madurai,Tamil Nadu,1037,Independent House,2,3,2011,Needs Renovation,9.924,78.135,notApplicable,0.0,applicable,1.94,applicable,6.65,applicable,2.24,2748800
"Dindigul Rd, Palani, Palani","Dindigul Rd, Palani",Palani,Dindigul,Tamil Nadu,938,Apartment,4,3,1992,Good,10.4508,77.5148,notApplicable,0.0,notApplicable,0.0,applicable,4.42,applicable,3.84,2790300
"Trichy Rd, Singanallur, Coimbatore","Trichy Rd, Singanallur",Coimbatore,Coimbatore,Tamil Nadu,3699,Apartment,2,2,2004,Good,10.9979,76.9994,applicable,4.47,applicable,1.46,notApplicable,0.0,applicable,1.81,11658600
"Simmakkal, Madurai",Simmakkal,Madurai,Madurai,Tamil Nadu,2924,Duplex,4,4,2010,Needs Renovation,9.921,78.1197,applicable,4.03,notApplicable,0.0,notApplicable,0.0,applicable,0.96,9776400
"Gandhipuram Cross Cut, Coimbatore",Gandhipuram Cross Cut,Coimbatore,Coimbatore,Tamil Nadu,2736,Apartment,2,3,1995,Good,11.0175,76.9725,applicable,4.09,applicable,1.57,notApplicable,0.0,applicable,3.88,7990300
"Simmakkal, Madurai",Simmakkal,Madurai,Madurai,Tamil Nadu,920,Apartment,5,5,1994,Needs Renovation,9.921,78.1197,applicable,5.99,applicable,0.56,notApplicable,0.0,applicable,2.03,2110900
"MTP Rd, Coimbatore",MTP Rd,Coimbatore,Coimbatore,Tamil Nadu,3557,Independent House,1,2,2022,Good,11.0616,76.9366,notApplicable,0.0,notApplicable,0.0,notApplicable,0.0,notApplicable,0.0,17281100
"Trichy Rd, Singanallur, Coimbatore","Trichy Rd, Singanallur",Coimbatore,Coimbatore,Tamil Nadu,1290,Villa,4,4,2016,Good,10.9979,76.9994,notApplicable,0.0,applicable,4.85,notApplicable,0.0,applicable,1.65,6716500
"Bypass Rd, Madurai",Bypass Rd,Madurai,Madurai,Tamil Nadu,504,Duplex,1,1,2014,Needs Renovation,9.924,78.135,notApplicable,0.0,notApplicable,0.0,applicable,2.24,applicable,4.13,1576700
"Dindigul Rd, Palani, Palani","Dindigul Rd, Palani",Palani,Dindigul,Tamil Nadu,579,Villa,2,3,2022,Needs Renovation,10.4508,77.5148,applicable,1.65,notApplicable,0.0,applicable,7.7,applicable,4.24,2059500
"Alagarkoil Rd, Madurai",Alagarkoil Rd,Madurai,Madurai,Tamil Nadu,524,Independent House,2,2,1994,Needs Renovation,9.9677,78.1653,applicable,4.07,applicable,5.46,notApplicable,0.0,applicable,1.75,1336800
"100 Feet Rd, Velachery, Chennai","100 Feet Rd, Velachery",Chennai,Chennai,Tamil Nadu,2082,Duplex,1,2,2002,Excellent,12.9791,80.2209,notApplicable,0.0,applicable,4.34,applicable,6.28,applicable,1.19,13319600
"100 Feet Rd, Velachery, Chennai","100 Feet Rd, Velachery",Chennai,Chennai,Tamil Nadu,919,Independent House,5,6,2009,Good,12.9791,80.2209,notApplicable,0.0,applicable,3.09,notApplicable,0.0,notApplicable,0.0,6241200
"Gandhipuram Cross Cut, Coimbatore",Gandhipuram Cross Cut,Coimbatore,Coimbatore,Tamil Nadu,716,Apartment,1,1,2025,Good,11.0175,76.9725,notApplicable,0.0,applicable,2.99,notApplicable,0.0,notApplicable,0.0,2876500
"Trichy Rd, Singanallur, Coimbatore","Trichy Rd, Singanallur",Coimbatore,Coimbatore,Tamil Nadu,1950,Apartment,1,1,2023,Excellent,10.9979,76.9994,applicable,4.98,applicable,3.02,notApplicable,0.0,notApplicable,0.0,7901100
"Trichy Rd, Singanallur, Coimbatore","Trichy Rd, Singanallur",Coimbatore,Coimbatore,Tamil Nadu,3093,Duplex,2,3,2008,Good,10.9979,76.9994,notApplicable,0.0,applicable,2.78,applicable,3.13,applicable,2.91,12360900
"Avinashi Rd, Peelamedu, Coimbatore","Avinashi Rd, Peelamedu",Coimbatore,Coimbatore,Tamil Nadu,2512,Villa,5,4,1994,Good,11.0183,76.997,applicable,3.91,applicable,1.62,applicable,9.88,applicable,0.35,10781400
"East Coast Rd, Thiruvanmiyur, Chennai","East Coast Rd, Thiruvanmiyur",Chennai,Chennai,Tamil Nadu,2207,Villa,4,3,2020,Needs Renovation,12.9834,80.259,applicable,3.61,applicable,2.82,applicable,9.78,applicable,2.11,11062600
"NH 44, Tirunelveli, Tirunelveli","NH 44, Tirunelveli",Tirunelveli,Tirunelveli,Tamil Nadu,612,Duplex,3,4,2004,Good,8.7139,77.7567,applicable,2.23,applicable,2.81,applicable,3.34,applicable,3.76,1314200
"Alagarkoil Rd, Madurai",Alagarkoil Rd,Madurai,Madurai,Tamil Nadu,1652,Independent House,3,4,1994,Good,9.9677,78.1653,applicable,2.97,applicable,3.0,applicable,2.75,applicable,3.24,3864800
"Avinashi Rd, Peelamedu, Coimbatore","Avinashi Rd, Peelamedu",Coimbatore,Coimbatore,Tamil Nadu,527,Apartment,5,6,2011,Good,11.0183,76.997,applicable,0.94,notApplicable,0.0,notApplicable,0.0,notApplicable,0.0,2056700
"Rajapalayam Rd, Virudhunagar",Rajapalayam Rd,Virudhunagar,Virudhunagar,Tamil Nadu,364,Independent House,3,3,1997,Good,9.4523,77.5533,applicable,4.43,applicable,0.59,applicable,2.63,applicable,1.58,716000
"Bypass Rd, Madurai",Bypass Rd,Madurai,Madurai,Tamil Nadu,1028,Villa,5,5,2005,Excellent,9.924,78.135,notApplicable,0.0,applicable,5.29,applicable,2.35,applicable,3.6,4062500
"Sathyamangalam Rd, Edayarpalayam, Erode","Sathyamangalam Rd, Edayarpalayam",Erode,Erode,Tamil Nadu,3283,Villa,5,5,1997,Needs Renovation,11.349,77.6951,applicable,3.85,applicable,3.87,applicable,5.29,applicable,4.31,6064300
"MTP Rd, Coimbatore",MTP Rd,Coimbatore,Coimbatore,Tamil Nadu,1192,Apartment,5,6,2019,Excellent,11.0616,76.9366,applicable,5.1,notApplicable,0.0,notApplicable,0.0,notApplicable,0.0,5157000
"Rajapalayam Rd, Virudhunagar",Rajapalayam Rd,Virudhunagar,Virudhunagar,Tamil Nadu,1698,Apartment,1,1,2007,Good,9.4523,77.5533,applicable,5.68,applicable,5.39,applicable,7.43,applicable,4.86,2727100
"Gandhipuram Cross Cut, Coimbatore",Gandhipuram Cross Cut,Coimbatore,Coimbatore,Tamil Nadu,1164,Duplex,3,3,2018,Needs Renovation,11.0175,76.9725,applicable,1.96,applicable,0.65,applicable,3.84,applicable,2.55,3816900
"Sathyamangalam Rd, Edayarpalayam, Erode","Sathyamangalam Rd, Edayarpalayam",Erode,Erode,Tamil Nadu,4114,Villa,3,3,2025,Excellent,11.349,77.6951,notApplicable,0.0,applicable,4.09,notApplicable,0.0,applicable,4.91,15589500
"Trichy Rd, Singanallur, Coimbatore","Trichy Rd, Singanallur",Coimbatore,Coimbatore,Tamil Nadu,352,Independent House,2,3,2011,Needs Renovation,10.9979,76.9994,applicable,5.68,applicable,0.39,notApplicable,0.0,notApplicable,0.0,1349600
"MTP Rd, Coimbatore",MTP Rd,Coimbatore,Coimbatore,Tamil Nadu,3904,Duplex,4,4,1994,Excellent,11.0616,76.9366,applicable,4.73,applicable,5.0,notApplicable,0.0,applicable,1.0,17077700
"NH 44, Tirunelveli, Tirunelveli","NH 44, Tirunelveli",Tirunelveli,Tirunelveli,Tamil Nadu,812,Apartment,3,3,2009,Excellent,8.7139,77.7567,applicable,2.67,applicable,1.31,applicable,0.84,notApplicable,0.0,2200400
"Alagarkoil Rd, Madurai",Alagarkoil Rd,Madurai,Madurai,Tamil Nadu,716,Duplex,5,4,2017,Good,9.9677,78.1653,applicable,0.47,applicable,2.51,applicable,5.07,applicable,4.98,2317200
"Alagarkoil Rd, Madurai",Alagarkoil Rd,Madurai,Madurai,Tamil Nadu,2114,Apartment,1,1,2018,Good,9.9677,78.1653,notApplicable,0.0,applicable,1.24,notApplicable,0.0,applicable,3.47,7137700
"NH 44, Tirunelveli, Tirunelveli","NH 44, Tirunelveli",Tirunelveli,Tirunelveli,Tamil Nadu,1748,Independent House,5,6,1999,Excellent,8.7139,77.7567,applicable,3.85,applicable,0.47,notApplicable,0.0,applicable,0.2,4982800
"East Coast Rd, Thiruvanmiyur, Chennai","East Coast Rd, Thiruvanmiyur",Chennai,Chennai,Tamil Nadu,1569,Villa,1,2,2014,Excellent,12.9834,80.259,applicable,0.7,applicable,3.88,notApplicable,0.0,notApplicable,0.0,14386700
"Bypass Rd, Madurai",Bypass Rd,Madurai,Madurai,Tamil Nadu,1216,Apartment,1,1,2009,Good,9.924,78.135,applicable,0.95,applicable,2.97,notApplicable,0.0,applicable,2.09,3755200
"Rajapalayam Rd, Virudhunagar",Rajapalayam Rd,Virudhunagar,Virudhunagar,Tamil Nadu,1584,Villa,3,4,2012,Needs Renovation,9.4523,77.5533,applicable,5.54,notApplicable,0.0,notApplicable,0.0,notApplicable,0.0,3836500
"Gandhipuram Cross Cut, Coimbatore",Gandhipuram Cross Cut,Coimbatore,Coimbatore,Tamil Nadu,981,Independent House,3,3,2022,Needs Renovation,11.0175,76.9725,applicable,0.57,applicable,4.63,notApplicable,0.0,applicable,1.55,3895500
"100 Feet Rd, Velachery, Chennai","100 Feet Rd, Velachery",Chennai,Chennai,Tamil Nadu,3425,Duplex,2,1,1992,Needs Renovation,12.9791,80.2209,applicable,3.38,applicable,1.78,notApplicable,0.0,notApplicable,0.0,19389800
"MTP Rd, Coimbatore",MTP Rd,Coimbatore,Coimbatore,Tamil Nadu,1080,Independent House,1,1,1990,Needs Renovation,11.0616,76.9366,applicable,3.11,applicable,2.8,applicable,1.2,applicable,4.14,3113600
"NH 44, Tirunelveli, Tirunelveli","NH 44, Tirunelveli",Tirunelveli,Tirunelveli,Tamil Nadu,689,Villa,1,1,2024,Good,8.7139,77.7567,applicable,0.52,applicable,2.41,applicable,3.59,applicable,4.64,1899800
"100 Feet Rd, Velachery, Chennai","100 Feet Rd, Velachery",Chennai,Chennai,Tamil Nadu,2898,Apartment,2,3,2015,Needs Renovation,12.9791,80.2209,applicable,4.58,applicable,5.34,notApplicable,0.0,applicable,1.84,12718600
"MTP Rd, Coimbatore",MTP Rd,Coimbatore,Coimbatore,Tamil Nadu,573,Duplex,1,2,2004,Needs Renovation,11.0616,76.9366,applicable,2.66,applicable,5.38,notApplicable,0.0,applicable,0.95,2097200
"Simmakkal, Madurai",Simmakkal,Madurai,Madurai,Tamil Nadu,3095,Independent House,1,1,2006,Excellent,9.921,78.1197,applicable,4.03,applicable,4.49,applicable,1.86,applicable,4.52,9538500
"Rajapalayam Rd, Virudhunagar",Rajapalayam Rd,Virudhunagar,Virudhunagar,Tamil Nadu,450,Villa,4,3,2006,Needs Renovation,9.4523,77.5533,applicable,4.9,notApplicable,0.0,applicable,8.18,applicable,2.28,930900
"Alagarkoil Rd, Madurai",Alagarkoil Rd,Madurai,Madurai,Tamil Nadu,3150,Apartment,4,4,1997,Good,9.9677,78.1653,applicable,1.19,notApplicable,0.0,notApplicable,0.0,applicable,3.5,8528200
"Avinashi Rd, Peelamedu, Coimbatore","Avinashi Rd, Peelamedu",Coimbatore,Coimbatore,Tamil Nadu,862,Villa,4,4,1995,Excellent,11.0183,76.997,applicable,0.62,notApplicable,0.0,notApplicable,0.0,applicable,0.14,5162200
"Trichy Rd, Singanallur, Coimbatore","Trichy Rd, Singanallur",Coimbatore,Coimbatore,Tamil Nadu,3745,Independent House,1,1,2015,Needs Renovation,10.9979,76.9994,applicable,3.25,applicable,1.2,notApplicable,0.0,applicable,0.16,13674900
"East Coast Rd, Thiruvanmiyur, Chennai","East Coast Rd, Thiruvanmiyur",Chennai,Chennai,Tamil Nadu,794,Villa,4,3,2005,Excellent,12.9834,80.259,applicable,2.57,applicable,2.8,applicable,9.2,applicable,2.2,5095400
"Rajapalayam Rd, Virudhunagar",Rajapalayam Rd,Virudhunagar,Virudhunagar,Tamil Nadu,1708,Duplex,5,6,2019,Good,9.4523,77.5533,applicable,3.74,applicable,4.77,notApplicable,0.0,applicable,1.09,4157300
"Gandhipuram Cross Cut, Coimbatore",Gandhipuram Cross Cut,Coimbatore,Coimbatore,Tamil Nadu,3655,Duplex,5,5,1990,Needs Renovation,11.0175,76.9725,applicable,3.11,applicable,4.63,applicable,0.8,applicable,0.47,10726300
"MTP Rd, Coimbatore",MTP Rd,Coimbatore,Coimbatore,Tamil Nadu,598,Independent House,2,2,1992,Excellent,11.0616,76.9366,applicable,2.05,applicable,5.84,applicable,9.44,applicable,3.67,2028900
"East Coast Rd, Thiruvanmiyur, Chennai","East Coast Rd, Thiruvanmiyur",Chennai,Chennai,Tamil Nadu,2515,Villa,5,4,1997,Needs Renovation,12.9834,80.259,applicable,3.94,applicable,2.32,notApplicable,0.0,notApplicable,0.0,14013200
"East Coast Rd, Thiruvanmiyur, Chennai","East Coast Rd, Thiruvanmiyur",Chennai,Chennai,Tamil Nadu,2681,Apartment,3,4,2005,Good,12.9834,80.259,notApplicable,0.0,notApplicable,0.0,notApplicable,0.0,applicable,3.4,15827600
"Dindigul Rd, Palani, Palani","Dindigul Rd, Palani",Palani,Dindigul,Tamil Nadu,525,Independent House,4,3,1999,Good,10.4508,77.5148,notApplicable,0.0,applicable,5.72,notApplicable,0.0,applicable,2.81,1887700
"100 Feet Rd, Velachery, Chennai","100 Feet Rd, Velachery",Chennai,Chennai,Tamil Nadu,1179,Duplex,1,1,2011,Excellent,12.9791,80.2209,notApplicable,0.0,applicable,0.65,applicable,8.73,applicable,4.24,8992300
"Sathyamangalam Rd, Edayarpalayam, Erode","Sathyamangalam Rd, Edayarpalayam",Erode,Erode,Tamil Nadu,673,Apartment,5,6,2012,Excellent,11.349,77.6951,notApplicable,0.0,applicable,0.49,applicable,5.57,notApplicable,0.0,1890400
"East Coast Rd, Thiruvanmiyur, Chennai","East Coast Rd, Thiruvanmiyur",Chennai,Chennai,Tamil Nadu,616,Independent House,1,2,2004,Good,12.9834,80.259,notApplicable,0.0,applicable,5.56,notApplicable,0.0,applicable,3.8,3749400
"Avinashi Rd, Peelamedu, Coimbatore","Avinashi Rd, Peelamedu",Coimbatore,Coimbatore,Tamil Nadu,566,Independent House,4,4,2015,Excellent,11.0183,76.997,applicable,3.06,applicable,3.18,notApplicable,0.0,notApplicable,0.0,2528000
"Gandhipuram Cross Cut, Coimbatore",Gandhipuram Cross Cut,Coimbatore,Coimbatore,Tamil Nadu,961,Apartment,2,2,2019,Excellent,11.0175,76.9725,applicable,4.75,notApplicable,0.0,notApplicable,0.0,applicable,1.12,3867400
"Sathyamangalam Rd, Edayarpalayam, Erode","Sathyamangalam Rd, Edayarpalayam",Erode,Erode,Tamil Nadu,584,Independent House,5,5,2025,Needs Renovation,11.349,77.6951,notApplicable,0.0,notApplicable,0.0,applicable,3.27,notApplicable,0.0,1631800
"NH 44, Tirunelveli, Tirunelveli","NH 44, Tirunelveli",Tirunelveli,Tirunelveli,Tamil Nadu,537,Apartment,4,4,2007,Good,8.7139,77.7567,applicable,2.97,applicable,2.23,notApplicable,0.0,applicable,4.89,1058800
"Gandhipuram Cross Cut, Coimbatore",Gandhipuram Cross Cut,Coimbatore,Coimbatore,Tamil Nadu,2688,Independent House,1,1,2021,Needs Renovation,11.0175,76.9725,applicable,0.87,applicable,4.78,notApplicable,0.0,applicable,0.57,11331100
"Ettayapuram Rd, Thoothukudi",Ettayapuram Rd,Thoothukudi,Thoothukudi,Tamil Nadu,1787,Villa,2,2,1997,Good,8.813,78.1341,applicable,0.68,applicable,2.55,applicable,1.36,applicable,3.13,4225400
"Avinashi Rd, Peelamedu, Coimbatore","Avinashi Rd, Peelamedu",Coimbatore,Coimbatore,Tamil Nadu,703,Duplex,1,1,1994,Good,11.0183,76.997,notApplicable,0.0,applicable,1.51,applicable,1.61,notApplicable,0.0,2815000
"Dindigul Rd, Palani, Palani","Dindigul Rd, Palani",Palani,Dindigul,Tamil Nadu,2215,Apartment,4,3,2008,Good,10.4508,77.5148,applicable,3.7,applicable,3.89,applicable,3.94,applicable,2.81,5700300
"MTP Rd, Coimbatore",MTP Rd,Coimbatore,Coimbatore,Tamil Nadu,2865,Villa,3,3,2016,Excellent,11.0616,76.9366,applicable,2.3,applicable,1.73,applicable,2.78,applicable,4.73,12662700
"100 Feet Rd, Velachery, Chennai","100 Feet Rd, Velachery",Chennai,Chennai,Tamil Nadu,632,Apartment,4,5,2010,Needs Renovation,12.9791,80.2209,applicable,2.32,applicable,2.79,notApplicable,0.0,notApplicable,0.0,2951400
"East Coast Rd, Thiruvanmiyur, Chennai","East Coast Rd, Thiruvanmiyur",Chennai,Chennai,Tamil Nadu,1567,Villa,2,2,2021,Needs Renovation,12.9834,80.259,applicable,4.13,applicable,2.22,notApplicable,0.0,applicable,2.03,9243500
"NH 44, Tirunelveli, Tirunelveli","NH 44, Tirunelveli",Tirunelveli,Tirunelveli,Tamil Nadu,512,Duplex,5,5,1996,Good,8.7139,77.7567,notApplicable,0.0,applicable,1.7,notApplicable,0.0,applicable,3.64,1208700
"Trichy Rd, Singanallur, Coimbatore","Trichy Rd, Singanallur",Coimbatore,Coimbatore,Tamil Nadu,3973,Duplex,2,1,2003,Good,10.9979,76.9994,applicable,1.73,applicable,3.53,notApplicable,0.0,notApplicable,0.0,17823300
"Gandhipuram Cross Cut, Coimbatore",Gandhipuram Cross Cut,Coimbatore,Coimbatore,Tamil Nadu,493,Independent House,4,3,2002,Good,11.0175,76.9725,applicable,3.06,applicable,5.32,notApplicable,0.0,applicable,0.54,1736700
"East Coast Rd, Thiruvanmiyur, Chennai","East Coast Rd, Thiruvanmiyur",Chennai,Chennai,Tamil Nadu,3544,Villa,5,5,1995,Needs Renovation,12.9834,80.259,notApplicable,0.0,applicable,0.37,notApplicable,0.0,applicable,1.3,23309000
"Rajapalayam Rd, Virudhunagar",Rajapalayam Rd,Virudhunagar,Virudhunagar,Tamil Nadu,483,Apartment,3,3,1998,Good,9.4523,77.5533,notApplicable,0.0,applicable,5.76,notApplicable,0.0,applicable,4.27,823200
"Bypass Rd, Madurai",Bypass Rd,Madurai,Madurai,Tamil Nadu,654,Apartment,3,4,2010,Good,9.924,78.135,applicable,3.26,notApplicable,0.0,applicable,1.71,notApplicable,0.0,2101800
"Dindigul Rd, Palani, Palani","Dindigul Rd, Palani",Palani,Dindigul,Tamil Nadu,575,Apartment,4,4,2015,Excellent,10.4508,77.5148,applicable,0.77,notApplicable,0.0,notApplicable,0.0,notApplicable,0.0,2622200
"Rajapalayam Rd, Virudhunagar",Rajapalayam Rd,Virudhunagar,Virudhunagar,Tamil Nadu,839,Apartment,4,4,2017,Good,9.4523,77.5533,applicable,4.56,applicable,1.77,applicable,8.03,notApplicable,0.0,1485800
"Dindigul Rd, Palani, Palani","Dindigul Rd, Palani",Palani,Dindigul,Tamil Nadu,1022,Duplex,1,1,2008,Needs Renovation,10.4508,77.5148,applicable,4.16,notApplicable,0.0,applicable,9.49,applicable,2.76,3176600
"Dindigul Rd, Palani, Palani","Dindigul Rd, Palani",Palani,Dindigul,Tamil Nadu,1776,Duplex,4,3,1997,Needs Renovation,10.4508,77.5148,notApplicable,0.0,applicable,4.23,notApplicable,0.0,applicable,1.68,6134000
"Trichy Rd, Singanallur, Coimbatore","Trichy Rd, Singanallur",Coimbatore,Coimbatore,Tamil Nadu,2037,Villa,3,4,2005,Good,10.9979,76.9994,notApplicable,0.0,applicable,4.68,applicable,1.98,applicable,4.76,8955300
"East Coast Rd, Thiruvanmiyur, Chennai","East Coast Rd, Thiruvanmiyur",Chennai,Chennai,Tamil Nadu,583,Independent House,1,1,2020,Excellent,12.9834,80.259,applicable,3.43,applicable,4.24,notApplicable,0.0,applicable,1.42,3792800
"Rajapalayam Rd, Virudhunagar",Rajapalayam Rd,Virudhunagar,Virudhunagar,Tamil Nadu,1527,Apartment,5,5,2020,Needs Renovation,9.4523,77.5533,applicable,2.47,applicable,3.13,applicable,4.27,applicable,1.11,2566600
"Rajapalayam Rd, Virudhunagar",Rajapalayam Rd,Virudhunagar,Virudhunagar,Tamil Nadu,572,Apartment,5,5,2007,Excellent,9.4523,77.5533,notApplicable,0.0,applicable,5.6,notApplicable,0.0,applicable,1.97,1339700
"NH 44, Tirunelveli, Tirunelveli","NH 44, Tirunelveli",Tirunelveli,Tirunelveli,Tamil Nadu,576,Duplex,5,5,1995,Excellent,8.7139,77.7567,applicable,2.13,applicable,1.01,applicable,5.77,notApplicable,0.0,1617300
"100 Feet Rd, Velachery, Chennai","100 Feet Rd, Velachery",Chennai,Chennai,Tamil Nadu,2980,Villa,3,2,2003,Needs Renovation,12.9791,80.2209,notApplicable,0.0,notApplicable,0.0,notApplicable,0.0,applicable,0.96,21007600
"East Coast Rd, Thiruvanmiyur, Chennai","East Coast Rd, Thiruvanmiyur",Chennai,Chennai,Tamil Nadu,3782,Duplex,2,2,2002,Good,12.9834,80.259,applicable,5.47,applicable,0.79,applicable,9.01,applicable,3.64,18955500
"Trichy Rd, Singanallur, Coimbatore","Trichy Rd, Singanallur",Coimbatore,Coimbatore,Tamil Nadu,414,Independent House,5,6,1994,Needs Renovation,10.9979,76.9994,notApplicable,0.0,applicable,4.04,applicable,9.97,notApplicable,0.0,1223300
"Simmakkal, Madurai",Simmakkal,Madurai,Madurai,Tamil Nadu,627,Independent House,3,4,2021,Needs Renovation,9.921,78.1197,notApplicable,0.0,applicable,4.75,applicable,5.14,applicable,2.36,1734900
"100 Feet Rd, Velachery, Chennai","100 Feet Rd, Velachery",Chennai,Chennai,Tamil Nadu,427,Villa,5,5,1995,Excellent,12.9791,80.2209,applicable,4.0,applicable,0.49,notApplicable,0.0,applicable,0.24,3415600
"Alagarkoil Rd, Madurai",Alagarkoil Rd,Madurai,Madurai,Tamil Nadu,1378,Independent House,1,1,2003,Excellent,9.9677,78.1653,notApplicable,0.0,applicable,0.39,applicable,5.1,applicable,1.32,5626100
"MTP Rd, Coimbatore",MTP Rd,Coimbatore,Coimbatore,Tamil Nadu,2141,Villa,5,4,2005,Good,11.0616,76.9366,applicable,5.76,applicable,1.39,applicable,6.37,notApplicable,0.0,8609100
"East Coast Rd, Thiruvanmiyur, Chennai","East Coast Rd, Thiruvanmiyur",Chennai,Chennai,Tamil Nadu,498,Apartment,5,5,2018,Excellent,12.9834,80.259,applicable,3.35,applicable,1.77,applicable,6.19,applicable,2.84,2733700
"Avinashi Rd, Peelamedu, Coimbatore","Avinashi Rd, Peelamedu",Coimbatore,Coimbatore,Tamil Nadu,4169,Villa,5,4,1996,Excellent,11.0183,76.997,notApplicable,0.0,applicable,2.49,notApplicable,0.0,applicable,1.6,21002300
"Trichy Rd, Singanallur, Coimbatore","Trichy Rd, Singanallur",Coimbatore,Coimbatore,Tamil Nadu,2082,Villa,3,3,2022,Needs Renovation,10.9979,76.9994,applicable,4.07,applicable,4.72,applicable,0.76,applicable,2.82,7380500
"Gandhipuram Cross Cut, Coimbatore",Gandhipuram Cross Cut,Coimbatore,Coimbatore,Tamil Nadu,958,Independent House,4,5,2025,Excellent,11.0175,76.9725,notApplicable,0.0,applicable,0.61,notApplicable,0.0,applicable,1.92,5621000
"East Coast Rd, Thiruvanmiyur, Chennai","East Coast Rd, Thiruvanmiyur",Chennai,Chennai,Tamil Nadu,462,Duplex,1,2,2016,Good,12.9834,80.259,applicable,2.53,applicable,4.64,notApplicable,0.0,applicable,1.24,2836600
"Ettayapuram Rd, Thoothukudi",Ettayapuram Rd,Thoothukudi,Thoothukudi,Tamil Nadu,1896,Independent House,2,1,2005,Good,8.813,78.1341,applicable,1.54,applicable,3.06,applicable,1.23,applicable,2.39,4392400
"Avinashi Rd, Peelamedu, Coimbatore","Avinashi Rd, Peelamedu",Coimbatore,Coimbatore,Tamil Nadu,1015,Apartment,1,1,2013,Needs Renovation,11.0183,76.997,applicable,5.0,applicable,2.8,notApplicable,0.0,applicable,3.49,2554700
"Bypass Rd, Madurai",Bypass Rd,Madurai,Madurai,Tamil Nadu,1443,Apartment,4,4,1998,Needs Renovation,9.924,78.135,applicable,4.88,applicable,5.65,notApplicable,0.0,applicable,3.16,2793400
"Dindigul Rd, Palani, Palani","Dindigul Rd, Palani",Palani,Dindigul,Tamil Nadu,635,Independent House,4,3,2004,Good,10.4508,77.5148,applicable,0.77,applicable,3.71,applicable,8.12,notApplicable,0.0,2431100
"Bypass Rd, Madurai",Bypass Rd,Madurai,Madurai,Tamil Nadu,2134,Duplex,3,4,2024,Excellent,9.924,78.135,notApplicable,0.0,applicable,5.82,applicable,2.97,applicable,4.64,8225100
"East Coast Rd, Thiruvanmiyur, Chennai","East Coast Rd, Thiruvanmiyur",Chennai,Chennai,Tamil Nadu,3531,Duplex,3,2,2001,Excellent,12.9834,80.259,applicable,4.47,applicable,4.14,applicable,0.84,applicable,4.91,19872200
"Trichy Rd, Singanallur, Coimbatore","Trichy Rd, Singanallur",Coimbatore,Coimbatore,Tamil Nadu,652,Duplex,4,3,1994,Good,10.9979,76.9994,notApplicable,0.0,applicable,1.69,applicable,9.77,applicable,0.17,2801800
"Dindigul Rd, Palani, Palani","Dindigul Rd, Palani",Palani,Dindigul,Tamil Nadu,2917,Duplex,5,5,2008,Needs Renovation,10.4508,77.5148,notApplicable,0.0,notApplicable,0.0,applicable,0.68,applicable,4.97,10557800
"Rajapalayam Rd, Virudhunagar",Rajapalayam Rd,Virudhunagar,Virudhunagar,Tamil Nadu,2832,Apartment,1,1,2023,Excellent,9.4523,77.5533,applicable,3.14,applicable,1.19,notApplicable,0.0,applicable,4.47,6744700
"Bypass Rd, Madurai",Bypass Rd,Madurai,Madurai,Tamil Nadu,473,Independent House,5,5,1991,Good,9.924,78.135,applicable,5.59,applicable,0.61,applicable,5.22,notApplicable,0.0,1325400
"Bypass Rd, Madurai",Bypass Rd,Madurai,Madurai,Tamil Nadu,3913,Villa,1,1,2004,Excellent,9.924,78.135,notApplicable,0.0,applicable,1.14,applicable,3.42,applicable,1.94,16448200
"Trichy Rd, Singanallur, Coimbatore","Trichy Rd, Singanallur",Coimbatore,Coimbatore,Tamil Nadu,839,Independent House,3,2,2024,Excellent,10.9979,76.9994,applicable,4.83,notApplicable,0.0,applicable,2.8,applicable,2.28,3514300
"MTP Rd, Coimbatore",MTP Rd,Coimbatore,Coimbatore,Tamil Nadu,839,Duplex,3,2,2007,Good,11.0616,76.9366,notApplicable,0.0,notApplicable,0.0,notApplicable,0.0,applicable,4.46,3807200
"Trichy Rd, Singanallur, Coimbatore","Trichy Rd, Singanallur",Coimbatore,Coimbatore,Tamil Nadu,2710,Villa,5,5,2008,Needs Renovation,10.9979,76.9994,notApplicable,0.0,notApplicable,0.0,applicable,9.6,applicable,3.78,10397600
"Gandhipuram Cross Cut, Coimbatore",Gandhipuram Cross Cut,Coimbatore,Coimbatore,Tamil Nadu,2709,Villa,4,3,2010,Excellent,11.0175,76.9725,applicable,3.32,applicable,0.91,applicable,1.7,applicable,2.74,12965200
"Sathyamangalam Rd, Edayarpalayam, Erode","Sathyamangalam Rd, Edayarpalayam",Erode,Erode,Tamil Nadu,502,Apartment,5,4,2002,Good,11.349,77.6951,applicable,3.96,notApplicable,0.0,applicable,2.5,applicable,2.3,1075300
"Sathyamangalam Rd, Edayarpalayam, Erode","Sathyamangalam Rd, Edayarpalayam",Erode,Erode,Tamil Nadu,2910,Independent House,5,4,1991,Needs Renovation,11.349,77.6951,applicable,5.37,applicable,3.63,notApplicable,0.0,applicable,3.39,5773800
"Sathyamangalam Rd, Edayarpalayam, Erode","Sathyamangalam Rd, Edayarpalayam",Erode,Erode,Tamil Nadu,3090,Apartment,3,2,2012,Good,11.349,77.6951,notApplicable,0.0,applicable,2.32,notApplicable,0.0,applicable,4.76,6705500
"East Coast Rd, Thiruvanmiyur, Chennai","East Coast Rd, Thiruvanmiyur",Chennai,Chennai,Tamil Nadu,1456,Duplex,3,3,2013,Good,12.9834,80.259,notApplicable,0.0,applicable,5.62,applicable,5.72,notApplicable,0.0,9286400
"MTP Rd, Coimbatore",MTP Rd,Coimbatore,Coimbatore,Tamil Nadu,4084,Villa,2,2,2007,Excellent,11.0616,76.9366,applicable,5.41,notApplicable,0.0,applicable,9.54,notApplicable,0.0,21278800
"Gandhipuram Cross Cut, Coimbatore",Gandhipuram Cross Cut,Coimbatore,Coimbatore,Tamil Nadu,935,Duplex,4,4,2022,Needs Renovation,11.0175,76.9725,applicable,5.08,notApplicable,0.0,notApplicable,0.0,notApplicable,0.0,4129900
"MTP Rd, Coimbatore",MTP Rd,Coimbatore,Coimbatore,Tamil Nadu,2245,Duplex,5,4,2001,Good,11.0616,76.9366,applicable,5.45,notApplicable,0.0,applicable,6.2,applicable,4.14,8446700
"Avinashi Rd, Peelamedu, Coimbatore","Avinashi Rd, Peelamedu",Coimbatore,Coimbatore,Tamil Nadu,3406,Apartment,4,4,2004,Good,11.0183,76.997,applicable,1.81,applicable,0.82,notApplicable,0.0,applicable,4.97,11707500
"East Coast Rd, Thiruvanmiyur, Chennai","East Coast Rd, Thiruvanmiyur",Chennai,Chennai,Tamil Nadu,2144,Apartment,4,4,2011,Needs Renovation,12.9834,80.259,applicable,2.68,applicable,2.96,applicable,1.09,applicable,3.16,8170600
"Dindigul Rd, Palani, Palani","Dindigul Rd, Palani",Palani,Dindigul,Tamil Nadu,1723,Apartment,2,2,2020,Good,10.4508,77.5148,applicable,1.22,notApplicable,0.0,applicable,7.91,notApplicable,0.0,6263600
"East Coast Rd, Thiruvanmiyur, Chennai","East Coast Rd, Thiruvanmiyur",Chennai,Chennai,Tamil Nadu,1579,Apartment,1,1,2009,Good,12.9834,80.259,notApplicable,0.0,applicable,1.1,applicable,4.89,applicable,3.04,7532500
"Bypass Rd, Madurai",Bypass Rd,Madurai,Madurai,Tamil Nadu,995,Apartment,2,2,1993,Good,9.924,78.135,applicable,3.56,applicable,1.09,applicable,5.95,applicable,4.64,2374400
"NH 44, Tirunelveli, Tirunelveli","NH 44, Tirunelveli",Tirunelveli,Tirunelveli,Tamil Nadu,1557,Villa,5,5,2014,Excellent,8.7139,77.7567,applicable,4.71,applicable,0.51,applicable,2.81,applicable,4.1,4740800
"Simmakkal, Madurai",Simmakkal,Madurai,Madurai,Tamil Nadu,2358,Villa,1,2,2000,Good,9.921,78.1197,applicable,2.77,notApplicable,0.0,applicable,6.26,applicable,1.46,8718800
"Gandhipuram Cross Cut, Coimbatore",Gandhipuram Cross Cut,Coimbatore,Coimbatore,Tamil Nadu,1087,Duplex,5,6,2021,Needs Renovation,11.0175,76.9725,notApplicable,0.0,applicable,5.03,notApplicable,0.0,applicable,4.32,3814300
"100 Feet Rd, Velachery, Chennai","100 Feet Rd, Velachery",Chennai,Chennai,Tamil Nadu,3212,Independent House,4,5,1995,Excellent,12.9791,80.2209,applicable,1.16,applicable,2.39,notApplicable,0.0,notApplicable,0.0,23313000
"Ettayapuram Rd, Thoothukudi",Ettayapuram Rd,Thoothukudi,Thoothukudi,Tamil Nadu,1949,Duplex,2,1,2022,Excellent,8.813,78.1341,applicable,0.25,applicable,4.87,applicable,5.88,applicable,0.76,5991700
"Trichy Rd, Singanallur, Coimbatore","Trichy Rd, Singanallur",Coimbatore,Coimbatore,Tamil Nadu,1044,Duplex,3,4,2023,Excellent,10.9979,76.9994,applicable,0.66,applicable,1.42,notApplicable,0.0,applicable,1.12,5547700
"East Coast Rd, Thiruvanmiyur, Chennai","East Coast Rd, Thiruvanmiyur",Chennai,Chennai,Tamil Nadu,2804,Duplex,2,1,2004,Good,12.9834,80.259,applicable,4.05,applicable,2.87,notApplicable,0.0,applicable,2.88,14774500
"Sathyamangalam Rd, Edayarpalayam, Erode","Sathyamangalam Rd, Edayarpalayam",Erode,Erode,Tamil Nadu,475,Villa,1,2,2003,Good,11.349,77.6951,applicable,0.46,notApplicable,0.0,applicable,8.49,applicable,4.39,1290800
"Trichy Rd, Singanallur, Coimbatore","Trichy Rd, Singanallur",Coimbatore,Coimbatore,Tamil Nadu,906,Villa,3,2,1990,Good,10.9979,76.9994,applicable,3.64,applicable,5.57,applicable,1.0,notApplicable,0.0,3852200
"Alagarkoil Rd, Madurai",Alagarkoil Rd,Madurai,Madurai,Tamil Nadu,649,Independent House,4,3,1994,Needs Renovation,9.9677,78.1653,notApplicable,0.0,applicable,2.17,notApplicable,0.0,notApplicable,0.0,1856400
"Alagarkoil Rd, Madurai",Alagarkoil Rd,Madurai,Madurai,Tamil Nadu,1907,Duplex,1,1,2020,Good,9.9677,78.1653,applicable,4.82,applicable,5.89,notApplicable,0.0,notApplicable,0.0,7002700
"Sathyamangalam Rd, Edayarpalayam, Erode","Sathyamangalam Rd, Edayarpalayam",Erode,Erode,Tamil Nadu,2047,Duplex,2,2,2020,Good,11.349,77.6951,applicable,1.71,applicable,0.53,applicable,6.11,applicable,1.39,6271500
"NH 44, Tirunelveli, Tirunelveli","NH 44, Tirunelveli",Tirunelveli,Tirunelveli,Tamil Nadu,1928,Apartment,5,5,2021,Good,8.7139,77.7567,applicable,0.76,applicable,0.52,notApplicable,0.0,notApplicable,0.0,5666000
"Dindigul Rd, Palani, Palani","Dindigul Rd, Palani",Palani,Dindigul,Tamil Nadu,1871,Duplex,1,1,2015,Good,10.4508,77.5148,notApplicable,0.0,applicable,1.72,notApplicable,0.0,notApplicable,0.0,9062700
"East Coast Rd, Thiruvanmiyur, Chennai","East Coast Rd, Thiruvanmiyur",Chennai,Chennai,Tamil Nadu,1478,Villa,4,5,1991,Needs Renovation,12.9834,80.259,applicable,4.95,applicable,1.52,notApplicable,0.0,applicable,3.38,7954800
"Ettayapuram Rd, Thoothukudi",Ettayapuram Rd,Thoothukudi,Thoothukudi,Tamil Nadu,3434,Apartment,3,3,2006,Excellent,8.813,78.1341,applicable,5.27,applicable,5.58,notApplicable,0.0,applicable,2.28,6943500
"NH 44, Tirunelveli, Tirunelveli","NH 44, Tirunelveli",Tirunelveli,Tirunelveli,Tamil Nadu,1244,Villa,4,4,2020,Excellent,8.7139,77.7567,applicable,2.47,applicable,4.48,notApplicable,0.0,applicable,3.45,3719700
"East Coast Rd, Thiruvanmiyur, Chennai","East Coast Rd, Thiruvanmiyur",Chennai,Chennai,Tamil Nadu,2258,Duplex,1,1,2019,Good,12.9834,80.259,notApplicable,0.0,applicable,0.23,notApplicable,0.0,notApplicable,0.0,18932300
"Sathyamangalam Rd, Edayarpalayam, Erode","Sathyamangalam Rd, Edayarpalayam",Erode,Erode,Tamil Nadu,2935,Duplex,1,2,2020,Good,11.349,77.6951,notApplicable,0.0,applicable,3.7,applicable,2.01,applicable,4.16,8048700
"Avinashi Rd, Peelamedu, Coimbatore","Avinashi Rd, Peelamedu",Coimbatore,Coimbatore,Tamil Nadu,1132,Apartment,3,3,2018,Excellent,11.0183,76.997,notApplicable,0.0,applicable,5.73,notApplicable,0.0,applicable,2.37,4953400
"Ettayapuram Rd, Thoothukudi",Ettayapuram Rd,Thoothukudi,Thoothukudi,Tamil Nadu,590,Independent House,5,5,2008,Needs Renovation,8.813,78.1341,applicable,3.29,notApplicable,0.0,applicable,8.68,applicable,0.24,1140300
"Ettayapuram Rd, Thoothukudi",Ettayapuram Rd,Thoothukudi,Thoothukudi,Tamil Nadu,1077,Duplex,1,1,2025,Needs Renovation,8.813,78.1341,applicable,0.61,applicable,2.54,notApplicable,0.0,applicable,3.28,2605600
"MTP Rd, Coimbatore",MTP Rd,Coimbatore,Coimbatore,Tamil Nadu,1657,Independent House,5,5,1996,Good,11.0616,76.9366,applicable,4.29,applicable,1.08,applicable,5.94,applicable,4.39,5747200
"NH 44, Tirunelveli, Tirunelveli","NH 44, Tirunelveli",Tirunelveli,Tirunelveli,Tamil Nadu,650,Villa,3,3,2014,Needs Renovation,8.7139,77.7567,applicable,1.23,notApplicable,0.0,notApplicable,0.0,applicable,4.38,1698500
"Ettayapuram Rd, Thoothukudi",Ettayapuram Rd,Thoothukudi,Thoothukudi,Tamil Nadu,542,Duplex,5,6,2003,Needs Renovation,8.813,78.1341,notApplicable,0.0,applicable,5.51,applicable,6.54,notApplicable,0.0,1073400
"East Coast Rd, Thiruvanmiyur, Chennai","East Coast Rd, Thiruvanmiyur",Chennai,Chennai,Tamil Nadu,1839,Independent House,5,5,2005,Needs Renovation,12.9834,80.259,notApplicable,0.0,applicable,0.23,applicable,4.59,applicable,1.2,10963400
"Simmakkal, Madurai",Simmakkal,Madurai,Madurai,Tamil Nadu,3418,Apartment,4,4,2005,Good,9.921,78.1197,applicable,3.74,applicable,0.5,applicable,8.39,applicable,1.64,9114100
"Avinashi Rd, Peelamedu, Coimbatore","Avinashi Rd, Peelamedu",Coimbatore,Coimbatore,Tamil Nadu,370,Villa,4,5,2006,Good,11.0183,76.997,applicable,2.06,applicable,3.86,notApplicable,0.0,applicable,0.34,1831900
"Rajapalayam Rd, Virudhunagar",Rajapalayam Rd,Virudhunagar,Virudhunagar,Tamil Nadu,2856,Villa,5,4,2024,Good,9.4523,77.5533,applicable,3.11,applicable,4.75,applicable,4.72,applicable,1.79,6574500
"Dindigul Rd, Palani, Palani","Dindigul Rd, Palani",Palani,Dindigul,Tamil Nadu,1736,Apartment,1,1,2011,Excellent,10.4508,77.5148,applicable,2.95,applicable,4.61,notApplicable,0.0,applicable,3.9,5118200
"Alagarkoil Rd, Madurai",Alagarkoil Rd,Madurai,Madurai,Tamil Nadu,1822,Apartment,5,4,2012,Needs Renovation,9.9677,78.1653,applicable,5.63,applicable,0.22,applicable,2.95,notApplicable,0.0,4894500
"Trichy Rd, Singanallur, Coimbatore","Trichy Rd, Singanallur",Coimbatore,Coimbatore,Tamil Nadu,886,Villa,2,3,2016,Needs Renovation,10.9979,76.9994,applicable,5.52,applicable,1.74,applicable,2.65,applicable,2.38,3248200
"Dindigul Rd, Palani, Palani","Dindigul Rd, Palani",Palani,Dindigul,Tamil Nadu,548,Duplex,1,1,2016,Excellent,10.4508,77.5148,applicable,4.92,applicable,0.91,applicable,5.03,applicable,3.09,2079900
"East Coast Rd, Thiruvanmiyur, Chennai","East Coast Rd, Thiruvanmiyur",Chennai,Chennai,Tamil Nadu,856,Duplex,4,4,2002,Good,12.9834,80.259,applicable,0.69,notApplicable,0.0,applicable,3.41,applicable,3.72,5011300
"Rajapalayam Rd, Virudhunagar",Rajapalayam Rd,Virudhunagar,Virudhunagar,Tamil Nadu,691,Independent House,1,1,1996,Good,9.4523,77.5533,applicable,3.3,applicable,3.78,notApplicable,0.0,notApplicable,0.0,1492500
"Bypass Rd, Madurai",Bypass Rd,Madurai,Madurai,Tamil Nadu,819,Apartment,3,3,2003,Excellent,9.924,78.135,notApplicable,0.0,applicable,0.8,notApplicable,0.0,applicable,2.89,2567300
"100 Feet Rd, Velachery, Chennai","100 Feet Rd, Velachery",Chennai,Chennai,Tamil Nadu,463,Independent House,1,1,2009,Excellent,12.9791,80.2209,notApplicable,0.0,applicable,3.19,applicable,4.94,applicable,4.08,2943400
"Bypass Rd, Madurai",Bypass Rd,Madurai,Madurai,Tamil Nadu,3667,Duplex,2,3,2022,Excellent,9.924,78.135,applicable,5.09,notApplicable,0.0,applicable,7.86,applicable,4.88,12782900
"Avinashi Rd, Peelamedu, Coimbatore","Avinashi Rd, Peelamedu",Coimbatore,Coimbatore,Tamil Nadu,721,Independent House,4,5,1993,Needs Renovation,11.0183,76.997,applicable,1.0,applicable,0.22,notApplicable,0.0,notApplicable,0.0,2766400
"Gandhipuram Cross Cut, Coimbatore",Gandhipuram Cross Cut,Coimbatore,Coimbatore,Tamil Nadu,3878,Duplex,5,5,2022,Needs Renovation,11.0175,76.9725,applicable,0.27,notApplicable,0.0,notApplicable,0.0,applicable,1.95,18158200
"Bypass Rd, Madurai",Bypass Rd,Madurai,Madurai,Tamil Nadu,952,Duplex,5,4,2009,Needs Renovation,9.924,78.135,notApplicable,0.0,applicable,2.07,notApplicable,0.0,applicable,4.65,2922600
"Ettayapuram Rd, Thoothukudi",Ettayapuram Rd,Thoothukudi,Thoothukudi,Tamil Nadu,376,Duplex,5,6,1990,Excellent,8.813,78.1341,applicable,4.4,applicable,3.78,notApplicable,0.0,applicable,4.58,813900
"MTP Rd, Coimbatore",MTP Rd,Coimbatore,Coimbatore,Tamil Nadu,440,Independent House,5,5,2002,Good,11.0616,76.9366,applicable,2.86,applicable,4.47,notApplicable,0.0,notApplicable,0.0,1593300
"Dindigul Rd, Palani, Palani","Dindigul Rd, Palani",Palani,Dindigul,Tamil Nadu,413,Duplex,4,5,2009,Excellent,10.4508,77.5148,applicable,4.17,applicable,1.49,notApplicable,0.0,applicable,0.22,1913400
"NH 44, Tirunelveli, Tirunelveli","NH 44, Tirunelveli",Tirunelveli,Tirunelveli,Tamil Nadu,1645,Villa,4,3,1998,Good,8.7139,77.7567,notApplicable,0.0,notApplicable,0.0,notApplicable,0.0,applicable,4.97,4503700
"Ettayapuram Rd, Thoothukudi",Ettayapuram Rd,Thoothukudi,Thoothukudi,Tamil Nadu,2396,Villa,1,1,2000,Excellent,8.813,78.1341,notApplicable,0.0,applicable,2.99,applicable,6.22,applicable,4.83,5995900
"Avinashi Rd, Peelamedu, Coimbatore","Avinashi Rd, Peelamedu",Coimbatore,Coimbatore,Tamil Nadu,642,Independent House,5,6,2016,Good,11.0183,76.997,applicable,2.76,applicable,1.79,notApplicable,0.0,notApplicable,0.0,3011000
"Trichy Rd, Singanallur, Coimbatore","Trichy Rd, Singanallur",Coimbatore,Coimbatore,Tamil Nadu,3098,Duplex,2,1,2021,Needs Renovation,10.9979,76.9994,applicable,5.44,notApplicable,0.0,applicable,6.81,applicable,1.57,10609600
"NH 44, Tirunelveli, Tirunelveli","NH 44, Tirunelveli",Tirunelveli,Tirunelveli,Tamil Nadu,625,Duplex,2,2,2016,Good,8.7139,77.7567,applicable,5.94,applicable,1.71,notApplicable,0.0,applicable,1.22,1609700
"MTP Rd, Coimbatore",MTP Rd,Coimbatore,Coimbatore,Tamil Nadu,816,Villa,5,5,2002,Needs Renovation,11.0616,76.9366,applicable,3.95,applicable,1.67,applicable,6.67,applicable,3.72,2484200
"Bypass Rd, Madurai",Bypass Rd,Madurai,Madurai,Tamil Nadu,1260,Duplex,3,2,2025,Good,9.924,78.135,applicable,4.68,applicable,1.13,applicable,1.88,applicable,1.24,4601000
"Gandhipuram Cross Cut, Coimbatore",Gandhipuram Cross Cut,Coimbatore,Coimbatore,Tamil Nadu,3843,Independent House,4,3,2017,Excellent,11.0175,76.9725,applicable,0.24,applicable,3.66,notApplicable,0.0,notApplicable,0.0,19852900
"Alagarkoil Rd, Madurai",Alagarkoil Rd,Madurai,Madurai,Tamil Nadu,1523,Villa,1,1,1996,Good,9.9677,78.1653,notApplicable,0.0,notApplicable,0.0,notApplicable,0.0,applicable,3.7,5987300
"Trichy Rd, Singanallur, Coimbatore","Trichy Rd, Singanallur",Coimbatore,Coimbatore,Tamil Nadu,1356,Villa,2,2,2025,Needs Renovation,10.9979,76.9994,applicable,0.53,notApplicable,0.0,notApplicable,0.0,notApplicable,0.0,7382700
"Avinashi Rd, Peelamedu, Coimbatore","Avinashi Rd, Peelamedu",Coimbatore,Coimbatore,Tamil Nadu,3841,Apartment,1,2,1993,Needs Renovation,11.0183,76.997,applicable,0.88,applicable,3.07,notApplicable,0.0,applicable,1.15,11536300
"Dindigul Rd, Palani, Palani","Dindigul Rd, Palani",Palani,Dindigul,Tamil Nadu,878,Villa,4,5,2006,Excellent,10.4508,77.5148,applicable,2.16,applicable,5.52,applicable,6.9,applicable,4.58,3183700
"Alagarkoil Rd, Madurai",Alagarkoil Rd,Madurai,Madurai,Tamil Nadu,2088,Apartment,1,2,1990,Excellent,9.9677,78.1653,applicable,5.06,applicable,5.44,notApplicable,0.0,applicable,2.79,5587900
"Alagarkoil Rd, Madurai",Alagarkoil Rd,Madurai,Madurai,Tamil Nadu,1019,Apartment,3,2,2012,Good,9.9677,78.1653,applicable,5.52,applicable,4.62,notApplicable,0.0,applicable,0.34,3130700
"Bypass Rd, Madurai",Bypass Rd,Madurai,Madurai,Tamil Nadu,836,Villa,5,6,2019,Needs Renovation,9.924,78.135,applicable,4.36,applicable,1.04,applicable,7.17,applicable,1.79,2668300
"Bypass Rd, Madurai",Bypass Rd,Madurai,Madurai,Tamil Nadu,682,Independent House,4,5,1998,Good,9.924,78.135,applicable,2.99,applicable,4.77,notApplicable,0.0,notApplicable,0.0,2251500
"Ettayapuram Rd, Thoothukudi",Ettayapuram Rd,Thoothukudi,Thoothukudi,Tamil Nadu,528,Duplex,4,3,1991,Excellent,8.813,78.1341,applicable,3.76,applicable,1.16,applicable,5.91,notApplicable,0.0,1188800
"Gandhipuram Cross Cut, Coimbatore",Gandhipuram Cross Cut,Coimbatore,Coimbatore,Tamil Nadu,1702,Duplex,1,1,2008,Needs Renovation,11.0175,76.9725,applicable,3.52,applicable,0.71,notApplicable,0.0,applicable,3.86,6231200
"MTP Rd, Coimbatore",MTP Rd,Coimbatore,Coimbatore,Tamil Nadu,2187,Apartment,2,2,2008,Excellent,11.0616,76.9366,notApplicable,0.0,applicable,0.36,notApplicable,0.0,applicable,3.88,9059100
"Gandhipuram Cross Cut, Coimbatore",Gandhipuram Cross Cut,Coimbatore,Coimbatore,Tamil Nadu,1439,Villa,3,4,2024,Needs Renovation,11.0175,76.9725,notApplicable,0.0,notApplicable,0.0,notApplicable,0.0,applicable,3.74,6402100
"MTP Rd, Coimbatore",MTP Rd,Coimbatore,Coimbatore,Tamil Nadu,604,Apartment,2,3,2009,Needs Renovation,11.0616,76.9366,applicable,1.72,notApplicable,0.0,notApplicable,0.0,applicable,2.53,1887900
"Rajapalayam Rd, Virudhunagar",Rajapalayam Rd,Virudhunagar,Virudhunagar,Tamil Nadu,426,Independent House,1,2,1991,Needs Renovation,9.4523,77.5533,applicable,0.95,applicable,4.08,applicable,2.26,applicable,2.08,767500
"MTP Rd, Coimbatore",MTP Rd,Coimbatore,Coimbatore,Tamil Nadu,2188,Duplex,2,1,2021,Needs Renovation,11.0616,76.9366,applicable,3.8,applicable,4.79,applicable,8.55,applicable,1.28,7254000
"NH 44, Tirunelveli, Tirunelveli","NH 44, Tirunelveli",Tirunelveli,Tirunelveli,Tamil Nadu,1031,Duplex,2,3,1996,Needs Renovation,8.7139,77.7567,applicable,3.6,applicable,4.11,applicable,9.83,applicable,4.58,1679900
"MTP Rd, Coimbatore",MTP Rd,Coimbatore,Coimbatore,Tamil Nadu,661,Apartment,4,4,1996,Good,11.0616,76.9366,applicable,2.79,applicable,4.85,applicable,8.4,notApplicable,0.0,2020100
"East Coast Rd, Thiruvanmiyur, Chennai","East Coast Rd, Thiruvanmiyur",Chennai,Chennai,Tamil Nadu,476,Duplex,5,5,1994,Needs Renovation,12.9834,80.259,applicable,5.3,applicable,3.77,applicable,4.52,notApplicable,0.0,2014400
"Sathyamangalam Rd, Edayarpalayam, Erode","Sathyamangalam Rd, Edayarpalayam",Erode,Erode,Tamil Nadu,482,Apartment,2,3,2023,Good,11.349,77.6951,applicable,4.97,applicable,4.09,notApplicable,0.0,notApplicable,0.0,1211600
"Sathyamangalam Rd, Edayarpalayam, Erode","Sathyamangalam Rd, Edayarpalayam",Erode,Erode,Tamil Nadu,1320,Villa,5,4,2016,Excellent,11.349,77.6951,applicable,3.08,applicable,5.4,applicable,9.87,applicable,1.12,4206600
"Sathyamangalam Rd, Edayarpalayam, Erode","Sathyamangalam Rd, Edayarpalayam",Erode,Erode,Tamil Nadu,3617,Independent House,4,4,2001,Good,11.349,77.6951,notApplicable,0.0,applicable,0.64,applicable,8.88,applicable,0.9,9583400
"Ettayapuram Rd, Thoothukudi",Ettayapuram Rd,Thoothukudi,Thoothukudi,Tamil Nadu,2059,Duplex,5,5,1996,Good,8.813,78.1341,notApplicable,0.0,applicable,4.74,notApplicable,0.0,applicable,0.66,5389100
"Bypass Rd, Madurai",Bypass Rd,Madurai,Madurai,Tamil Nadu,4142,Villa,3,3,2025,Good,9.924,78.135,applicable,4.65,applicable,2.79,notApplicable,0.0,notApplicable,0.0,17902500
"Simmakkal, Madurai",Simmakkal,Madurai,Madurai,Tamil Nadu,1428,Apartment,4,3,2010,Needs Renovation,9.921,78.1197,applicable,0.89,applicable,0.38,applicable,2.32,applicable,3.3,3530200
"100 Feet Rd, Velachery, Chennai","100 Feet Rd, Velachery",Chennai,Chennai,Tamil Nadu,1779,Duplex,4,3,2016,Good,12.9791,80.2209,notApplicable,0.0,applicable,4.38,notApplicable,0.0,notApplicable,0.0,12213700
"Trichy Rd, Singanallur, Coimbatore","Trichy Rd, Singanallur",Coimbatore,Coimbatore,Tamil Nadu,1197,Duplex,3,3,2019,Good,10.9979,76.9994,applicable,4.66,applicable,5.58,applicable,3.95,applicable,2.34,4080600
"100 Feet Rd, Velachery, Chennai","100 Feet Rd, Velachery",Chennai,Chennai,Tamil Nadu,555,Independent House,1,2,2023,Good,12.9791,80.2209,applicable,1.61,applicable,3.75,notApplicable,0.0,applicable,1.56,3972100
"Ettayapuram Rd, Thoothukudi",Ettayapuram Rd,Thoothukudi,Thoothukudi,Tamil Nadu,3472,Apartment,4,4,2004,Good,8.813,78.1341,applicable,5.28,notApplicable,0.0,applicable,3.32,applicable,2.76,5636700
"Sathyamangalam Rd, Edayarpalayam, Erode","Sathyamangalam Rd, Edayarpalayam",Erode,Erode,Tamil Nadu,735,Apartment,5,6,1997,Good,11.349,77.6951,notApplicable,0.0,applicable,2.51,notApplicable,0.0,applicable,2.05,1527100
"Bypass Rd, Madurai",Bypass Rd,Madurai,Madurai,Tamil Nadu,646,Apartment,4,5,2018,Needs Renovation,9.924,78.135,applicable,2.59,applicable,0.39,notApplicable,0.0,notApplicable,0.0,2017500
"Bypass Rd, Madurai",Bypass Rd,Madurai,Madurai,Tamil Nadu,585,Villa,2,2,1991,Needs Renovation,9.924,78.135,applicable,2.82,applicable,3.47,notApplicable,0.0,applicable,2.59,1605300
"Trichy Rd, Singanallur, Coimbatore","Trichy Rd, Singanallur",Coimbatore,Coimbatore,Tamil Nadu,4172,Duplex,2,3,2006,Needs Renovation,10.9979,76.9994,applicable,0.41,applicable,4.34,applicable,1.12,applicable,1.69,14950700
"Alagarkoil Rd, Madurai",Alagarkoil Rd,Madurai,Madurai,Tamil Nadu,877,Duplex,4,4,1995,Excellent,9.9677,78.1653,notApplicable,0.0,applicable,0.58,notApplicable,0.0,applicable,0.19,3725000
"NH 44, Tirunelveli, Tirunelveli","NH 44, Tirunelveli",Tirunelveli,Tirunelveli,Tamil Nadu,413,Villa,4,3,2016,Good,8.7139,77.7567,applicable,4.74,applicable,4.03,notApplicable,0.0,applicable,1.93,1152800
"Gandhipuram Cross Cut, Coimbatore",Gandhipuram Cross Cut,Coimbatore,Coimbatore,Tamil Nadu,432,Independent House,1,1,2005,Good,11.0175,76.9725,notApplicable,0.0,notApplicable,0.0,applicable,6.14,notApplicable,0.0,1795000
"MTP Rd, Coimbatore",MTP Rd,Coimbatore,Coimbatore,Tamil Nadu,456,Independent House,1,1,2006,Excellent,11.0616,76.9366,applicable,3.83,applicable,0.62,applicable,9.79,notApplicable,0.0,1875500
"Ettayapuram Rd, Thoothukudi",Ettayapuram Rd,Thoothukudi,Thoothukudi,Tamil Nadu,3201,Apartment,4,3,2008,Good,8.813,78.1341,notApplicable,0.0,applicable,2.45,notApplicable,0.0,notApplicable,0.0,6880200
"Ettayapuram Rd, Thoothukudi",Ettayapuram Rd,Thoothukudi,Thoothukudi,Tamil Nadu,513,Duplex,4,3,2025,Excellent,8.813,78.1341,applicable,1.82,applicable,4.13,notApplicable,0.0,applicable,1.35,1600000
"Sathyamangalam Rd, Edayarpalayam, Erode","Sathyamangalam Rd, Edayarpalayam",Erode,Erode,Tamil Nadu,994,Independent House,1,1,2004,Excellent,11.349,77.6951,applicable,2.6,applicable,2.79,notApplicable,0.0,applicable,2.99,2691000
"100 Feet Rd, Velachery, Chennai","100 Feet Rd, Velachery",Chennai,Chennai,Tamil Nadu,3467,Duplex,3,2,2007,Needs Renovation,12.9791,80.2209,notApplicable,0.0,applicable,5.97,notApplicable,0.0,applicable,0.47,21251800
"East Coast Rd, Thiruvanmiyur, Chennai","East Coast Rd, Thiruvanmiyur",Chennai,Chennai,Tamil Nadu,2009,Villa,2,3,2021,Needs Renovation,12.9834,80.259,notApplicable,0.0,applicable,4.14,applicable,4.52,applicable,0.94,12998600
"MTP Rd, Coimbatore",MTP Rd,Coimbatore,Coimbatore,Tamil Nadu,885,Apartment,2,1,1997,Excellent,11.0616,76.9366,applicable,4.72,notApplicable,0.0,applicable,6.89,applicable,1.92,3127500
"Avinashi Rd, Peelamedu, Coimbatore","Avinashi Rd, Peelamedu",Coimbatore,Coimbatore,Tamil Nadu,1081,Villa,2,3,2013,Excellent,11.0183,76.997,applicable,2.05,applicable,1.17,applicable,3.54,applicable,3.44,5284300
"100 Feet Rd, Velachery, Chennai","100 Feet Rd, Velachery",Chennai,Chennai,Tamil Nadu,1344,Duplex,5,6,2010,Good,12.9791,80.2209,applicable,0.31,applicable,2.64,applicable,2.96,applicable,3.48,8274600
"MTP Rd, Coimbatore",MTP Rd,Coimbatore,Coimbatore,Tamil Nadu,1504,Apartment,4,4,2023,Good,11.0616,76.9366,applicable,3.54,applicable,5.23,notApplicable,0.0,applicable,3.77,4513100
"Bypass Rd, Madurai",Bypass Rd,Madurai,Madurai,Tamil Nadu,3937,Villa,4,3,2023,Excellent,9.924,78.135,applicable,1.03,applicable,1.38,notApplicable,0.0,applicable,3.56,17826200
"Bypass Rd, Madurai",Bypass Rd,Madurai,Madurai,Tamil Nadu,886,Villa,4,3,2003,Good,9.924,78.135,notApplicable,0.0,notApplicable,0.0,notApplicable,0.0,notApplicable,0.0,4008900
"Alagarkoil Rd, Madurai",Alagarkoil Rd,Madurai,Madurai,Tamil Nadu,3593,Villa,4,3,2005,Good,9.9677,78.1653,notApplicable,0.0,applicable,5.2,applicable,7.06,applicable,4.26,11608800
"100 Feet Rd, Velachery, Chennai","100 Feet Rd, Velachery",Chennai,Chennai,Tamil Nadu,991,Villa,2,3,2011,Good,12.9791,80.2209,applicable,4.79,applicable,2.46,applicable,8.16,applicable,1.73,5832400
"Alagarkoil Rd, Madurai",Alagarkoil Rd,Madurai,Madurai,Tamil Nadu,777,Independent House,4,4,2007,Excellent,9.9677,78.1653,applicable,0.53,applicable,0.64,applicable,6.94,applicable,4.72,2650300
"MTP Rd, Coimbatore",MTP Rd,Coimbatore,Coimbatore,Tamil Nadu,1852,Independent House,1,1,2014,Needs Renovation,11.0616,76.9366,notApplicable,0.0,applicable,0.61,notApplicable,0.0,applicable,0.81,8026000
"MTP Rd, Coimbatore",MTP Rd,Coimbatore,Coimbatore,Tamil Nadu,3213,Apartment,1,1,2016,Needs Renovation,11.0616,76.9366,applicable,5.73,applicable,4.58,applicable,9.17,applicable,1.65,7624900
"Rajapalayam Rd, Virudhunagar",Rajapalayam Rd,Virudhunagar,Virudhunagar,Tamil Nadu,484,Duplex,1,1,1995,Excellent,9.4523,77.5533,applicable,1.39,applicable,2.52,notApplicable,0.0,notApplicable,0.0,1249900
"Bypass Rd, Madurai",Bypass Rd,Madurai,Madurai,Tamil Nadu,1533,Independent House,3,3,2021,Excellent,9.924,78.135,notApplicable,0.0,notApplicable,0.0,applicable,7.28,notApplicable,0.0,6766200
"Sathyamangalam Rd, Edayarpalayam, Erode","Sathyamangalam Rd, Edayarpalayam",Erode,Erode,Tamil Nadu,648,Apartment,5,4,2009,Excellent,11.349,77.6951,applicable,5.9,applicable,3.51,applicable,5.14,applicable,4.8,1283300
"MTP Rd, Coimbatore",MTP Rd,Coimbatore,Coimbatore,Tamil Nadu,625,Apartment,5,6,2007,Good,11.0616,76.9366,applicable,0.81,applicable,1.13,notApplicable,0.0,notApplicable,0.0,2437600
"Rajapalayam Rd, Virudhunagar",Rajapalayam Rd,Virudhunagar,Virudhunagar,Tamil Nadu,854,Apartment,2,1,2021,Needs Renovation,9.4523,77.5533,applicable,1.62,applicable,1.02,applicable,8.63,applicable,2.68,1449400
"Simmakkal, Madurai",Simmakkal,Madurai,Madurai,Tamil Nadu,858,Apartment,3,2,2014,Good,9.921,78.1197,applicable,5.35,applicable,0.8,notApplicable,0.0,applicable,2.92,2371300
"Dindigul Rd, Palani, Palani","Dindigul Rd, Palani",Palani,Dindigul,Tamil Nadu,1149,Independent House,1,1,2015,Needs Renovation,10.4508,77.5148,applicable,4.04,applicable,5.74,notApplicable,0.0,applicable,0.97,3913300
"Gandhipuram Cross Cut, Coimbatore",Gandhipuram Cross Cut,Coimbatore,Coimbatore,Tamil Nadu,660,Apartment,3,4,2014,Excellent,11.0175,76.9725,notApplicable,0.0,applicable,3.07,applicable,9.0,notApplicable,0.0,2415600
"Gandhipuram Cross Cut, Coimbatore",Gandhipuram Cross Cut,Coimbatore,Coimbatore,Tamil Nadu,610,Duplex,2,2,2004,Excellent,11.0175,76.9725,notApplicable,0.0,applicable,1.29,applicable,1.75,applicable,4.87,2580800
"Simmakkal, Madurai",Simmakkal,Madurai,Madurai,Tamil Nadu,641,Independent House,1,1,1996,Excellent,9.921,78.1197,applicable,0.52,applicable,5.22,notApplicable,0.0,applicable,2.97,2392600
"Ettayapuram Rd, Thoothukudi",Ettayapuram Rd,Thoothukudi,Thoothukudi,Tamil Nadu,1187,Independent House,5,6,2016,Good,8.813,78.1341,applicable,4.03,applicable,3.2,applicable,9.55,applicable,2.45,2303900
"Rajapalayam Rd, Virudhunagar",Rajapalayam Rd,Virudhunagar,Virudhunagar,Tamil Nadu,385,Independent House,1,2,1999,Needs Renovation,9.4523,77.5533,applicable,3.21,applicable,3.96,applicable,3.05,applicable,1.88,652300
"Ettayapuram Rd, Thoothukudi",Ettayapuram Rd,Thoothukudi,Thoothukudi,Tamil Nadu,1968,Independent House,5,5,2014,Needs Renovation,8.813,78.1341,applicable,3.94,applicable,3.67,applicable,1.83,applicable,0.93,3589300
"Alagarkoil Rd, Madurai",Alagarkoil Rd,Madurai,Madurai,Tamil Nadu,386,Apartment,4,4,1992,Good,9.9677,78.1653,notApplicable,0.0,applicable,1.14,notApplicable,0.0,applicable,4.09,1073400
"Gandhipuram Cross Cut, Coimbatore",Gandhipuram Cross Cut,Coimbatore,Coimbatore,Tamil Nadu,710,Villa,5,5,2002,Needs Renovation,11.0175,76.9725,applicable,5.25,applicable,3.44,applicable,7.71,notApplicable,0.0,2393400
"100 Feet Rd, Velachery, Chennai","100 Feet Rd, Velachery",Chennai,Chennai,Tamil Nadu,4139,Apartment,1,1,2014,Needs Renovation,12.9791,80.2209,applicable,1.66,applicable,4.75,applicable,7.36,applicable,3.58,16972200
"East Coast Rd, Thiruvanmiyur, Chennai","East Coast Rd, Thiruvanmiyur",Chennai,Chennai,Tamil Nadu,991,Apartment,3,3,2013,Good,12.9834,80.259,applicable,3.78,applicable,0.31,applicable,4.55,applicable,2.96,4642800
"Avinashi Rd, Peelamedu, Coimbatore","Avinashi Rd, Peelamedu",Coimbatore,Coimbatore,Tamil Nadu,2470,Villa,5,5,2003,Good,11.0183,76.997,applicable,3.22,applicable,1.13,notApplicable,0.0,applicable,1.68,11459300
"East Coast Rd, Thiruvanmiyur, Chennai","East Coast Rd, Thiruvanmiyur",Chennai,Chennai,Tamil Nadu,915,Duplex,1,2,2008,Excellent,12.9834,80.259,applicable,1.18,applicable,2.07,applicable,9.2,applicable,3.34,5510400
"Trichy Rd, Singanallur, Coimbatore","Trichy Rd, Singanallur",Coimbatore,Coimbatore,Tamil Nadu,610,Independent House,3,2,2021,Good,10.9979,76.9994,applicable,2.8,applicable,0.41,applicable,7.83,notApplicable,0.0,2513800
"100 Feet Rd, Velachery, Chennai","100 Feet Rd, Velachery",Chennai,Chennai,Tamil Nadu,2622,Apartment,1,1,2017,Needs Renovation,12.9791,80.2209,applicable,0.55,applicable,5.08,notApplicable,0.0,applicable,1.98,12615600
"MTP Rd, Coimbatore",MTP Rd,Coimbatore,Coimbatore,Tamil Nadu,1679,Duplex,2,2,1993,Needs Renovation,11.0616,76.9366,applicable,5.23,applicable,5.34,notApplicable,0.0,applicable,1.6,5407600
"Simmakkal, Madurai",Simmakkal,Madurai,Madurai,Tamil Nadu,687,Villa,5,6,1997,Excellent,9.921,78.1197,applicable,1.66,applicable,3.27,applicable,8.65,notApplicable,0.0,2551400
"Alagarkoil Rd, Madurai",Alagarkoil Rd,Madurai,Madurai,Tamil Nadu,3545,Independent House,5,4,2024,Excellent,9.9677,78.1653,notApplicable,0.0,applicable,2.22,notApplicable,0.0,applicable,2.7,14404700
"Rajapalayam Rd, Virudhunagar",Rajapalayam Rd,Virudhunagar,Virudhunagar,Tamil Nadu,619,Duplex,4,4,1990,Needs Renovation,9.4523,77.5533,applicable,3.26,applicable,0.31,applicable,7.51,applicable,3.22,1016100
"Bypass Rd, Madurai",Bypass Rd,Madurai,Madurai,Tamil Nadu,557,Apartment,3,2,2021,Excellent,9.924,78.135,applicable,5.84,applicable,4.61,applicable,3.81,applicable,3.56,1403100
"Bypass Rd, Madurai",Bypass Rd,Madurai,Madurai,Tamil Nadu,2818,Duplex,4,4,2025,Needs Renovation,9.924,78.135,applicable,4.52,applicable,2.36,notApplicable,0.0,applicable,2.53,8760100
"Rajapalayam Rd, Virudhunagar",Rajapalayam Rd,Virudhunagar,Virudhunagar,Tamil Nadu,2560,Villa,2,3,2003,Excellent,9.4523,77.5533,notApplicable,0.0,notApplicable,0.0,applicable,6.93,applicable,3.21,6727500
"Gandhipuram Cross Cut, Coimbatore",Gandhipuram Cross Cut,Coimbatore,Coimbatore,Tamil Nadu,695,Independent House,1,1,2009,Excellent,11.0175,76.9725,applicable,1.07,applicable,3.55,notApplicable,0.0,notApplicable,0.0,3367000
"Bypass Rd, Madurai",Bypass Rd,Madurai,Madurai,Tamil Nadu,633,Independent House,1,1,2020,Excellent,9.924,78.135,applicable,1.59,applicable,1.65,notApplicable,0.0,applicable,3.34,2537200
"NH 44, Tirunelveli, Tirunelveli","NH 44, Tirunelveli",Tirunelveli,Tirunelveli,Tamil Nadu,808,Independent House,1,1,2012,Needs Renovation,8.7139,77.7567,applicable,2.6,applicable,0.58,applicable,7.53,applicable,1.51,1661200
"100 Feet Rd, Velachery, Chennai","100 Feet Rd, Velachery",Chennai,Chennai,Tamil Nadu,802,Independent House,3,2,2007,Good,12.9791,80.2209,notApplicable,0.0,applicable,5.44,applicable,9.9,applicable,0.41,4596900
"Bypass Rd, Madurai",Bypass Rd,Madurai,Madurai,Tamil Nadu,3004,Apartment,1,1,2004,Needs Renovation,9.924,78.135,applicable,3.14,applicable,5.97,notApplicable,0.0,applicable,0.61,6959000
"Bypass Rd, Madurai",Bypass Rd,Madurai,Madurai,Tamil Nadu,1247,Apartment,5,4,1998,Good,9.924,78.135,applicable,4.73,applicable,2.71,notApplicable,0.0,applicable,2.39,2993800
"Bypass Rd, Madurai",Bypass Rd,Madurai,Madurai,Tamil Nadu,2635,Villa,1,1,2002,Needs Renovation,9.924,78.135,applicable,1.08,applicable,4.48,applicable,5.44,applicable,4.98,7084500
"Dindigul Rd, Palani, Palani","Dindigul Rd, Palani",Palani,Dindigul,Tamil Nadu,701,Independent House,5,4,1995,Good,10.4508,77.5148,applicable,1.35,applicable,4.2,notApplicable,0.0,applicable,2.09,2530000
"Avinashi Rd, Peelamedu, Coimbatore","Avinashi Rd, Peelamedu",Coimbatore,Coimbatore,Tamil Nadu,1162,Duplex,5,4,2025,Excellent,11.0183,76.997,applicable,4.19,notApplicable,0.0,notApplicable,0.0,applicable,2.72,5393200
"100 Feet Rd, Velachery, Chennai","100 Feet Rd, Velachery",Chennai,Chennai,Tamil Nadu,898,Villa,5,5,1994,Needs Renovation,12.9791,80.2209,applicable,3.06,applicable,3.67,applicable,0.64,applicable,0.88,5217300
"Gandhipuram Cross Cut, Coimbatore",Gandhipuram Cross Cut,Coimbatore,Coimbatore,Tamil Nadu,954,Apartment,4,5,2024,Excellent,11.0175,76.9725,applicable,1.48,applicable,3.96,applicable,3.62,applicable,3.21,3195300
"Ettayapuram Rd, Thoothukudi",Ettayapuram Rd,Thoothukudi,Thoothukudi,Tamil Nadu,1088,Duplex,5,4,2007,Good,8.813,78.1341,applicable,2.65,applicable,3.2,applicable,1.91,notApplicable,0.0,2716700
"Ettayapuram Rd, Thoothukudi",Ettayapuram Rd,Thoothukudi,Thoothukudi,Tamil Nadu,3828,Apartment,1,1,2017,Needs Renovation,8.813,78.1341,notApplicable,0.0,applicable,4.94,applicable,4.19,notApplicable,0.0,6996700
"East Coast Rd, Thiruvanmiyur, Chennai","East Coast Rd, Thiruvanmiyur",Chennai,Chennai,Tamil Nadu,1691,Apartment,2,1,2006,Good,12.9834,80.259,applicable,5.93,notApplicable,0.0,notApplicable,0.0,applicable,1.09,9256300
"Trichy Rd, Singanallur, Coimbatore","Trichy Rd, Singanallur",Coimbatore,Coimbatore,Tamil Nadu,2571,Duplex,1,2,2004,Excellent,10.9979,76.9994,notApplicable,0.0,applicable,5.85,applicable,2.29,applicable,4.39,10967700
"Gandhipuram Cross Cut, Coimbatore",Gandhipuram Cross Cut,Coimbatore,Coimbatore,Tamil Nadu,373,Duplex,3,4,2008,Excellent,11.0175,76.9725,applicable,5.35,applicable,2.55,applicable,7.23,applicable,3.41,1394400
"Simmakkal, Madurai",Simmakkal,Madurai,Madurai,Tamil Nadu,1285,Independent House,2,2,2020,Good,9.921,78.1197,applicable,4.19,applicable,1.8,notApplicable,0.0,applicable,1.76,4368900
"East Coast Rd, Thiruvanmiyur, Chennai","East Coast Rd, Thiruvanmiyur",Chennai,Chennai,Tamil Nadu,1040,Duplex,3,3,2024,Needs Renovation,12.9834,80.259,notApplicable,0.0,applicable,0.42,notApplicable,0.0,notApplicable,0.0,7241500
"Trichy Rd, Singanallur, Coimbatore","Trichy Rd, Singanallur",Coimbatore,Coimbatore,Tamil Nadu,463,Villa,1,2,2023,Excellent,10.9979,76.9994,applicable,0.62,applicable,2.51,notApplicable,0.0,applicable,0.63,2627000
"Avinashi Rd, Peelamedu, Coimbatore","Avinashi Rd, Peelamedu",Coimbatore,Coimbatore,Tamil Nadu,503,Villa,5,4,2009,Excellent,11.0183,76.997,applicable,4.97,applicable,5.64,applicable,5.37,applicable,1.94,2094800
"East Coast Rd, Thiruvanmiyur, Chennai","East Coast Rd, Thiruvanmiyur",Chennai,Chennai,Tamil Nadu,3429,Apartment,4,4,2003,Needs Renovation,12.9834,80.259,applicable,2.93,applicable,2.33,applicable,3.26,applicable,1.86,12102300
"Bypass Rd, Madurai",Bypass Rd,Madurai,Madurai,Tamil Nadu,2802,Villa,2,1,1990,Needs Renovation,9.924,78.135,notApplicable,0.0,applicable,2.18,notApplicable,0.0,applicable,0.39,10221300
"Alagarkoil Rd, Madurai",Alagarkoil Rd,Madurai,Madurai,Tamil Nadu,1825,Apartment,1,2,1990,Excellent,9.9677,78.1653,notApplicable,0.0,notApplicable,0.0,notApplicable,0.0,applicable,4.87,5911900
"East Coast Rd, Thiruvanmiyur, Chennai","East Coast Rd, Thiruvanmiyur",Chennai,Chennai,Tamil Nadu,580,Villa,3,3,2013,Good,12.9834,80.259,applicable,1.43,applicable,4.6,applicable,9.01,applicable,4.1,3819900
"Sathyamangalam Rd, Edayarpalayam, Erode","Sathyamangalam Rd, Edayarpalayam",Erode,Erode,Tamil Nadu,464,Duplex,5,5,2007,Excellent,11.349,77.6951,applicable,1.11,applicable,3.85,applicable,6.28,applicable,2.99,1216400
"Bypass Rd, Madurai",Bypass Rd,Madurai,Madurai,Tamil Nadu,482,Duplex,3,2,2008,Excellent,9.924,78.135,applicable,1.97,applicable,2.78,applicable,3.67,applicable,0.78,1810100
"East Coast Rd, Thiruvanmiyur, Chennai","East Coast Rd, Thiruvanmiyur",Chennai,Chennai,Tamil Nadu,1139,Villa,5,5,1991,Needs Renovation,12.9834,80.259,applicable,4.18,applicable,0.69,applicable,2.37,notApplicable,0.0,6870700
"MTP Rd, Coimbatore",MTP Rd,Coimbatore,Coimbatore,Tamil Nadu,463,Duplex,2,2,2015,Good,11.0616,76.9366,notApplicable,0.0,notApplicable,0.0,notApplicable,0.0,applicable,1.32,2288800
"Avinashi Rd, Peelamedu, Coimbatore","Avinashi Rd, Peelamedu",Coimbatore,Coimbatore,Tamil Nadu,4150,Apartment,3,2,1993,Good,11.0183,76.997,applicable,5.98,applicable,3.72,applicable,8.14,notApplicable,0.0,11724900
"Gandhipuram Cross Cut, Coimbatore",Gandhipuram Cross Cut,Coimbatore,Coimbatore,Tamil Nadu,2742,Duplex,2,3,1995,Needs Renovation,11.0175,76.9725,applicable,0.89,applicable,0.97,notApplicable,0.0,applicable,4.2,9306400
"Trichy Rd, Singanallur, Coimbatore","Trichy Rd, Singanallur",Coimbatore,Coimbatore,Tamil Nadu,1738,Independent House,2,2,2014,Needs Renovation,10.9979,76.9994,applicable,2.45,applicable,3.02,notApplicable,0.0,applicable,3.86,5624500
"Simmakkal, Madurai",Simmakkal,Madurai,Madurai,Tamil Nadu,3943,Duplex,2,1,2009,Excellent,9.921,78.1197,applicable,5.42,applicable,1.85,notApplicable,0.0,applicable,0.36,15620500
"Trichy Rd, Singanallur, Coimbatore","Trichy Rd, Singanallur",Coimbatore,Coimbatore,Tamil Nadu,1658,Independent House,3,3,1999,Good,10.9979,76.9994,applicable,5.0,applicable,1.15,notApplicable,0.0,applicable,2.43,6614000
"Sathyamangalam Rd, Edayarpalayam, Erode","Sathyamangalam Rd, Edayarpalayam",Erode,Erode,Tamil Nadu,1813,Duplex,1,1,2018,Needs Renovation,11.349,77.6951,applicable,2.6,applicable,5.71,notApplicable,0.0,applicable,3.09,3836700
"Dindigul Rd, Palani, Palani","Dindigul Rd, Palani",Palani,Dindigul,Tamil Nadu,545,Duplex,3,2,1996,Excellent,10.4508,77.5148,applicable,3.84,applicable,5.91,applicable,4.24,notApplicable,0.0,2089900
"Simmakkal, Madurai",Simmakkal,Madurai,Madurai,Tamil Nadu,2192,Duplex,2,1,2020,Good,9.921,78.1197,applicable,4.46,applicable,5.13,applicable,4.41,applicable,2.08,6458600
"Avinashi Rd, Peelamedu, Coimbatore","Avinashi Rd, Peelamedu",Coimbatore,Coimbatore,Tamil Nadu,617,Villa,2,3,1998,Good,11.0183,76.997,applicable,1.67,applicable,2.5,applicable,8.19,applicable,1.46,2454200
"Dindigul Rd, Palani, Palani","Dindigul Rd, Palani",Palani,Dindigul,Tamil Nadu,812,Independent House,5,5,2008,Excellent,10.4508,77.5148,applicable,3.34,applicable,0.38,applicable,1.22,applicable,0.97,3579500
"Avinashi Rd, Peelamedu, Coimbatore","Avinashi Rd, Peelamedu",Coimbatore,Coimbatore,Tamil Nadu,663,Villa,1,1,2005,Good,11.0183,76.997,applicable,3.79,applicable,3.67,applicable,0.86,applicable,0.49,2743400
"Avinashi Rd, Peelamedu, Coimbatore","Avinashi Rd, Peelamedu",Coimbatore,Coimbatore,Tamil Nadu,415,Independent House,1,1,2019,Good,11.0183,76.997,applicable,3.2,applicable,5.86,notApplicable,0.0,applicable,0.56,1817600
"Sathyamangalam Rd, Edayarpalayam, Erode","Sathyamangalam Rd, Edayarpalayam",Erode,Erode,Tamil Nadu,1158,Villa,2,2,2011,Good,11.349,77.6951,notApplicable,0.0,applicable,3.4,notApplicable,0.0,applicable,1.36,3701400
"Bypass Rd, Madurai",Bypass Rd,Madurai,Madurai,Tamil Nadu,741,Independent House,1,2,2008,Excellent,9.924,78.135,applicable,5.64,applicable,5.95,applicable,8.93,applicable,3.37,2275100
"Alagarkoil Rd, Madurai",Alagarkoil Rd,Madurai,Madurai,Tamil Nadu,1834,Independent House,4,3,1998,Needs Renovation,9.9677,78.1653,notApplicable,0.0,applicable,5.88,notApplicable,0.0,applicable,2.33,4858100
"Trichy Rd, Singanallur, Coimbatore","Trichy Rd, Singanallur",Coimbatore,Coimbatore,Tamil Nadu,725,Apartment,3,3,2011,Excellent,10.9979,76.9994,applicable,3.85,notApplicable,0.0,applicable,9.66,applicable,2.21,2676900
"NH 44, Tirunelveli, Tirunelveli","NH 44, Tirunelveli",Tirunelveli,Tirunelveli,Tamil Nadu,583,Villa,5,5,2019,Good,8.7139,77.7567,notApplicable,0.0,applicable,2.89,notApplicable,0.0,applicable,1.44,1747500
"Simmakkal, Madurai",Simmakkal,Madurai,Madurai,Tamil Nadu,709,Independent House,1,1,2010,Good,9.921,78.1197,applicable,0.33,applicable,3.84,applicable,4.59,applicable,0.57,2564700
"MTP Rd, Coimbatore",MTP Rd,Coimbatore,Coimbatore,Tamil Nadu,1418,Villa,1,1,1997,Good,11.0616,76.9366,applicable,4.74,applicable,1.77,applicable,8.42,applicable,0.73,5204500
"Alagarkoil Rd, Madurai",Alagarkoil Rd,Madurai,Madurai,Tamil Nadu,708,Apartment,5,5,1993,Good,9.9677,78.1653,applicable,1.3,applicable,0.36,notApplicable,0.0,applicable,0.29,2325700
"Gandhipuram Cross Cut, Coimbatore",Gandhipuram Cross Cut,Coimbatore,Coimbatore,Tamil Nadu,1016,Duplex,2,1,2011,Needs Renovation,11.0175,76.9725,applicable,4.4,applicable,2.42,notApplicable,0.0,notApplicable,0.0,3513200
"NH 44, Tirunelveli, Tirunelveli","NH 44, Tirunelveli",Tirunelveli,Tirunelveli,Tamil Nadu,2890,Villa,2,2,2008,Excellent,8.7139,77.7567,applicable,3.13,applicable,2.25,applicable,4.73,notApplicable,0.0,8360300
"100 Feet Rd, Velachery, Chennai","100 Feet Rd, Velachery",Chennai,Chennai,Tamil Nadu,2055,Duplex,2,2,2018,Needs Renovation,12.9791,80.2209,applicable,2.71,applicable,2.3,applicable,6.61,applicable,4.3,10240100
"Trichy Rd, Singanallur, Coimbatore","Trichy Rd, Singanallur",Coimbatore,Coimbatore,Tamil Nadu,2235,Independent House,3,4,2000,Needs Renovation,10.9979,76.9994,applicable,1.41,applicable,1.11,notApplicable,0.0,applicable,0.59,8459200
"Gandhipuram Cross Cut, Coimbatore",Gandhipuram Cross Cut,Coimbatore,Coimbatore,Tamil Nadu,527,Villa,1,2,2011,Needs Renovation,11.0175,76.9725,notApplicable,0.0,applicable,5.49,applicable,8.92,notApplicable,0.0,2242300
"Avinashi Rd, Peelamedu, Coimbatore","Avinashi Rd, Peelamedu",Coimbatore,Coimbatore,Tamil Nadu,2025,Duplex,4,4,2000,Excellent,11.0183,76.997,applicable,1.76,applicable,4.16,applicable,2.74,notApplicable,0.0,7949500
"Sathyamangalam Rd, Edayarpalayam, Erode","Sathyamangalam Rd, Edayarpalayam",Erode,Erode,Tamil Nadu,378,Apartment,2,1,2002,Good,11.349,77.6951,applicable,4.46,applicable,3.79,notApplicable,0.0,applicable,3.19,781900
"Bypass Rd, Madurai",Bypass Rd,Madurai,Madurai,Tamil Nadu,3030,Independent House,4,3,1991,Good,9.924,78.135,applicable,2.33,applicable,5.93,applicable,7.22,applicable,2.76,7195100
"Gandhipuram Cross Cut, Coimbatore",Gandhipuram Cross Cut,Coimbatore,Coimbatore,Tamil Nadu,665,Duplex,1,1,2001,Excellent,11.0175,76.9725,applicable,5.74,notApplicable,0.0,notApplicable,0.0,applicable,1.55,3240900
"Bypass Rd, Madurai",Bypass Rd,Madurai,Madurai,Tamil Nadu,4098,Apartment,3,3,2025,Needs Renovation,9.924,78.135,applicable,5.95,applicable,2.42,applicable,7.53,applicable,4.93,8947800
"Dindigul Rd, Palani, Palani","Dindigul Rd, Palani",Palani,Dindigul,Tamil Nadu,1095,Duplex,4,4,1994,Good,10.4508,77.5148,applicable,3.73,applicable,3.12,applicable,2.94,applicable,3.14,3328300
"NH 44, Tirunelveli, Tirunelveli","NH 44, Tirunelveli",Tirunelveli,Tirunelveli,Tamil Nadu,1855,Duplex,3,4,2017,Needs Renovation,8.7139,77.7567,applicable,3.64,applicable,5.34,applicable,8.15,applicable,1.2,3775500
"Simmakkal, Madurai",Simmakkal,Madurai,Madurai,Tamil Nadu,4042,Apartment,1,1,2020,Needs Renovation,9.921,78.1197,applicable,4.67,applicable,3.32,applicable,3.25,applicable,4.21,8005900
"Avinashi Rd, Peelamedu, Coimbatore","Avinashi Rd, Peelamedu",Coimbatore,Coimbatore,Tamil Nadu,2252,Apartment,1,1,1999,Good,11.0183,76.997,notApplicable,0.0,applicable,1.37,applicable,7.23,applicable,3.12,7242100
"Ettayapuram Rd, Thoothukudi",Ettayapuram Rd,Thoothukudi,Thoothukudi,Tamil Nadu,598,Apartment,4,4,2002,Excellent,8.813,78.1341,applicable,4.85,notApplicable,0.0,notApplicable,0.0,applicable,0.96,1383300
"Avinashi Rd, Peelamedu, Coimbatore","Avinashi Rd, Peelamedu",Coimbatore,Coimbatore,Tamil Nadu,1744,Apartment,5,6,1995,Excellent,11.0183,76.997,applicable,5.3,applicable,0.55,applicable,9.82,applicable,3.44,5669800
"Sathyamangalam Rd, Edayarpalayam, Erode","Sathyamangalam Rd, Edayarpalayam",Erode,Erode,Tamil Nadu,394,Apartment,5,4,2019,Good,11.349,77.6951,notApplicable,0.0,notApplicable,0.0,notApplicable,0.0,applicable,1.74,1163300
"Sathyamangalam Rd, Edayarpalayam, Erode","Sathyamangalam Rd, Edayarpalayam",Erode,Erode,Tamil Nadu,420,Duplex,5,6,2023,Needs Renovation,11.349,77.6951,applicable,1.89,applicable,5.34,notApplicable,0.0,applicable,1.81,1074800
"Trichy Rd, Singanallur, Coimbatore","Trichy Rd, Singanallur",Coimbatore,Coimbatore,Tamil Nadu,984,Independent House,2,2,2019,Good,10.9979,76.9994,notApplicable,0.0,applicable,3.05,notApplicable,0.0,applicable,2.46,4393500
"Gandhipuram Cross Cut, Coimbatore",Gandhipuram Cross Cut,Coimbatore,Coimbatore,Tamil Nadu,640,Villa,2,2,2020,Needs Renovation,11.0175,76.9725,notApplicable,0.0,applicable,3.77,notApplicable,0.0,applicable,3.59,2848600
"Gandhipuram Cross Cut, Coimbatore",Gandhipuram Cross Cut,Coimbatore,Coimbatore,Tamil Nadu,503,Duplex,2,2,2004,Excellent,11.0175,76.9725,applicable,3.63,applicable,0.64,applicable,1.37,applicable,3.23,2201000
"MTP Rd, Coimbatore",MTP Rd,Coimbatore,Coimbatore,Tamil Nadu,2058,Apartment,4,4,1991,Good,11.0616,76.9366,applicable,4.23,applicable,2.57,notApplicable,0.0,applicable,0.36,6736400
"Avinashi Rd, Peelamedu, Coimbatore","Avinashi Rd, Peelamedu",Coimbatore,Coimbatore,Tamil Nadu,359,Villa,3,3,2007,Needs Renovation,11.0183,76.997,applicable,5.98,applicable,3.23,applicable,4.71,applicable,3.18,1161600
"Avinashi Rd, Peelamedu, Coimbatore","Avinashi Rd, Peelamedu",Coimbatore,Coimbatore,Tamil Nadu,2721,Duplex,4,4,1996,Needs Renovation,11.0183,76.997,applicable,3.1,applicable,0.96,applicable,6.58,applicable,0.79,8672900
"MTP Rd, Coimbatore",MTP Rd,Coimbatore,Coimbatore,Tamil Nadu,941,Independent House,1,2,2000,Needs Renovation,11.0616,76.9366,notApplicable,0.0,applicable,4.78,applicable,4.09,applicable,2.25,3019300
"Avinashi Rd, Peelamedu, Coimbatore","Avinashi Rd, Peelamedu",Coimbatore,Coimbatore,Tamil Nadu,2392,Duplex,4,4,2007,Excellent,11.0183,76.997,applicable,1.66,applicable,5.54,applicable,4.94,notApplicable,0.0,10090600
"100 Feet Rd, Velachery, Chennai","100 Feet Rd, Velachery",Chennai,Chennai,Tamil Nadu,1600,Apartment,4,4,1994,Good,12.9791,80.2209,applicable,1.03,applicable,3.41,applicable,3.61,applicable,3.25,6232500
"Gandhipuram Cross Cut, Coimbatore",Gandhipuram Cross Cut,Coimbatore,Coimbatore,Tamil Nadu,3811,Independent House,3,2,2021,Good,11.0175,76.9725,applicable,3.36,applicable,1.65,notApplicable,0.0,applicable,0.98,16585000
"Sathyamangalam Rd, Edayarpalayam, Erode","Sathyamangalam Rd, Edayarpalayam",Erode,Erode,Tamil Nadu,817,Villa,3,3,1998,Good,11.349,77.6951,notApplicable,0.0,notApplicable,0.0,notApplicable,0.0,applicable,4.38,2636200
"Alagarkoil Rd, Madurai",Alagarkoil Rd,Madurai,Madurai,Tamil Nadu,1687,Independent House,4,3,2006,Excellent,9.9677,78.1653,applicable,0.78,applicable,4.11,notApplicable,0.0,applicable,2.37,6050100
"Gandhipuram Cross Cut, Coimbatore",Gandhipuram Cross Cut,Coimbatore,Coimbatore,Tamil Nadu,1143,Independent House,5,5,2008,Needs Renovation,11.0175,76.9725,notApplicable,0.0,applicable,2.95,notApplicable,0.0,applicable,0.76,4249100
"Sathyamangalam Rd, Edayarpalayam, Erode","Sathyamangalam Rd, Edayarpalayam",Erode,Erode,Tamil Nadu,1585,Villa,5,4,1996,Needs Renovation,11.349,77.6951,applicable,0.28,applicable,3.25,notApplicable,0.0,notApplicable,0.0,4420800
"Dindigul Rd, Palani, Palani","Dindigul Rd, Palani",Palani,Dindigul,Tamil Nadu,1185,Villa,5,4,2015,Good,10.4508,77.5148,notApplicable,0.0,applicable,4.54,notApplicable,0.0,applicable,0.26,6018200
"Avinashi Rd, Peelamedu, Coimbatore","Avinashi Rd, Peelamedu",Coimbatore,Coimbatore,Tamil Nadu,1326,Duplex,2,1,2000,Excellent,11.0183,76.997,applicable,0.45,applicable,0.28,applicable,0.58,notApplicable,0.0,7332400
"Dindigul Rd, Palani, Palani","Dindigul Rd, Palani",Palani,Dindigul,Tamil Nadu,584,Apartment,2,1,1990,Good,10.4508,77.5148,notApplicable,0.0,applicable,5.22,applicable,7.49,notApplicable,0.0,1679500
"Ettayapuram Rd, Thoothukudi",Ettayapuram Rd,Thoothukudi,Thoothukudi,Tamil Nadu,1123,Apartment,4,3,1993,Needs Renovation,8.813,78.1341,applicable,1.16,applicable,5.26,notApplicable,0.0,applicable,2.99,1697900
"Gandhipuram Cross Cut, Coimbatore",Gandhipuram Cross Cut,Coimbatore,Coimbatore,Tamil Nadu,487,Apartment,4,3,1998,Good,11.0175,76.9725,notApplicable,0.0,applicable,3.65,applicable,8.56,notApplicable,0.0,1648000
"Gandhipuram Cross Cut, Coimbatore",Gandhipuram Cross Cut,Coimbatore,Coimbatore,Tamil Nadu,1737,Villa,4,4,2025,Needs Renovation,11.0175,76.9725,notApplicable,0.0,applicable,1.76,notApplicable,0.0,applicable,1.69,8403100
"Dindigul Rd, Palani, Palani","Dindigul Rd, Palani",Palani,Dindigul,Tamil Nadu,1946,Independent House,5,5,2019,Excellent,10.4508,77.5148,notApplicable,0.0,applicable,3.96,applicable,8.25,applicable,0.58,8391800
"Gandhipuram Cross Cut, Coimbatore",Gandhipuram Cross Cut,Coimbatore,Coimbatore,Tamil Nadu,2160,Villa,1,1,2016,Excellent,11.0175,76.9725,applicable,4.78,applicable,4.12,notApplicable,0.0,applicable,4.14,10413800
"East Coast Rd, Thiruvanmiyur, Chennai","East Coast Rd, Thiruvanmiyur",Chennai,Chennai,Tamil Nadu,500,Villa,4,3,2007,Good,12.9834,80.259,notApplicable,0.0,notApplicable,0.0,applicable,9.55,applicable,4.8,3448100
"100 Feet Rd, Velachery, Chennai","100 Feet Rd, Velachery",Chennai,Chennai,Tamil Nadu,3272,Independent House,5,5,1992,Excellent,12.9791,80.2209,applicable,3.2,applicable,2.51,applicable,7.48,notApplicable,0.0,19866500
"Sathyamangalam Rd, Edayarpalayam, Erode","Sathyamangalam Rd, Edayarpalayam",Erode,Erode,Tamil Nadu,579,Independent House,4,3,1995,Needs Renovation,11.349,77.6951,notApplicable,0.0,applicable,4.05,applicable,3.56,applicable,1.68,1092600
"Rajapalayam Rd, Virudhunagar",Rajapalayam Rd,Virudhunagar,Virudhunagar,Tamil Nadu,2019,Duplex,5,4,2025,Good,9.4523,77.5533,applicable,4.23,applicable,3.46,applicable,1.71,applicable,1.13,5083200
"Trichy Rd, Singanallur, Coimbatore","Trichy Rd, Singanallur",Coimbatore,Coimbatore,Tamil Nadu,3567,Apartment,1,1,2012,Excellent,10.9979,76.9994,applicable,1.01,applicable,4.23,notApplicable,0.0,applicable,3.93,12404500
"Alagarkoil Rd, Madurai",Alagarkoil Rd,Madurai,Madurai,Tamil Nadu,1684,Duplex,4,4,2019,Good,9.9677,78.1653,applicable,1.43,notApplicable,0.0,applicable,4.67,applicable,3.38,5957500
"Rajapalayam Rd, Virudhunagar",Rajapalayam Rd,Virudhunagar,Virudhunagar,Tamil Nadu,3632,Villa,3,4,2009,Needs Renovation,9.4523,77.5533,notApplicable,0.0,applicable,4.69,applicable,0.93,applicable,0.85,8401800
"Alagarkoil Rd, Madurai",Alagarkoil Rd,Madurai,Madurai,Tamil Nadu,981,Duplex,5,5,2022,Good,9.9677,78.1653,applicable,1.0,notApplicable,0.0,applicable,5.33,applicable,2.83,3808300
"NH 44, Tirunelveli, Tirunelveli","NH 44, Tirunelveli",Tirunelveli,Tirunelveli,Tamil Nadu,2969,Villa,4,4,2022,Good,8.7139,77.7567,applicable,1.71,applicable,3.92,applicable,3.74,applicable,1.32,7951500
"Rajapalayam Rd, Virudhunagar",Rajapalayam Rd,Virudhunagar,Virudhunagar,Tamil Nadu,1465,Independent House,4,3,2008,Excellent,9.4523,77.5533,applicable,2.44,applicable,4.64,applicable,5.08,applicable,2.19,3410900
"Gandhipuram Cross Cut, Coimbatore",Gandhipuram Cross Cut,Coimbatore,Coimbatore,Tamil Nadu,387,Villa,5,6,2013,Needs Renovation,11.0175,76.9725,applicable,3.24,applicable,0.8,applicable,2.31,applicable,4.43,1442700
"Trichy Rd, Singanallur, Coimbatore","Trichy Rd, Singanallur",Coimbatore,Coimbatore,Tamil Nadu,4123,Apartment,1,1,1996,Needs Renovation,10.9979,76.9994,applicable,4.94,applicable,2.4,notApplicable,0.0,applicable,4.17,10293400
"Dindigul Rd, Palani, Palani","Dindigul Rd, Palani",Palani,Dindigul,Tamil Nadu,1803,Villa,4,4,2020,Good,10.4508,77.5148,notApplicable,0.0,applicable,2.46,notApplicable,0.0,applicable,4.75,8347800
"Avinashi Rd, Peelamedu, Coimbatore","Avinashi Rd, Peelamedu",Coimbatore,Coimbatore,Tamil Nadu,3674,Duplex,4,4,2010,Needs Renovation,11.0183,76.997,applicable,2.6,applicable,2.04,applicable,7.39,applicable,4.54,11050600
"Rajapalayam Rd, Virudhunagar",Rajapalayam Rd,Virudhunagar,Virudhunagar,Tamil Nadu,607,Villa,4,3,2013,Good,9.4523,77.5533,applicable,5.97,applicable,3.28,applicable,9.33,notApplicable,0.0,1560000
"Rajapalayam Rd, Virudhunagar",Rajapalayam Rd,Virudhunagar,Virudhunagar,Tamil Nadu,2142,Independent House,5,4,2000,Good,9.4523,77.5533,applicable,5.23,applicable,0.83,applicable,5.44,applicable,3.48,4029400
"Trichy Rd, Singanallur, Coimbatore","Trichy Rd, Singanallur",Coimbatore,Coimbatore,Tamil Nadu,1964,Villa,2,2,2013,Needs Renovation,10.9979,76.9994,applicable,5.05,notApplicable,0.0,applicable,1.24,applicable,0.6,8189700
"100 Feet Rd, Velachery, Chennai","100 Feet Rd, Velachery",Chennai,Chennai,Tamil Nadu,1971,Villa,5,6,2002,Excellent,12.9791,80.2209,applicable,3.88,applicable,5.75,applicable,1.73,applicable,3.74,11834400
"Bypass Rd, Madurai",Bypass Rd,Madurai,Madurai,Tamil Nadu,1684,Independent House,2,2,2007,Needs Renovation,9.924,78.135,applicable,2.38,applicable,5.77,notApplicable,0.0,notApplicable,0.0,4739400
"Alagarkoil Rd, Madurai",Alagarkoil Rd,Madurai,Madurai,Tamil Nadu,2558,Apartment,2,2,1999,Excellent,9.9677,78.1653,applicable,5.75,applicable,1.52,applicable,3.83,applicable,4.38,6581200
"Gandhipuram Cross Cut, Coimbatore",Gandhipuram Cross Cut,Coimbatore,Coimbatore,Tamil Nadu,1707,Independent House,2,3,1993,Needs Renovation,11.0175,76.9725,notApplicable,0.0,applicable,1.87,notApplicable,0.0,applicable,2.41,6094800
"Trichy Rd, Singanallur, Coimbatore","Trichy Rd, Singanallur",Coimbatore,Coimbatore,Tamil Nadu,859,Apartment,4,3,1997,Excellent,10.9979,76.9994,applicable,3.71,applicable,2.94,applicable,8.53,applicable,0.91,2573000
"NH 44, Tirunelveli, Tirunelveli","NH 44, Tirunelveli",Tirunelveli,Tirunelveli,Tamil Nadu,1076,Villa,3,3,2012,Good,8.7139,77.7567,applicable,1.09,applicable,1.71,notApplicable,0.0,applicable,1.13,3497000
"Sathyamangalam Rd, Edayarpalayam, Erode","Sathyamangalam Rd, Edayarpalayam",Erode,Erode,Tamil Nadu,1779,Independent House,4,4,2002,Needs Renovation,11.349,77.6951,applicable,3.85,applicable,0.21,notApplicable,0.0,applicable,3.4,3629500
"Trichy Rd, Singanallur, Coimbatore","Trichy Rd, Singanallur",Coimbatore,Coimbatore,Tamil Nadu,1226,Apartment,3,4,2015,Good,10.9979,76.9994,notApplicable,0.0,applicable,4.54,notApplicable,0.0,applicable,3.26,4141000
"Bypass Rd, Madurai",Bypass Rd,Madurai,Madurai,Tamil Nadu,948,Villa,2,2,2008,Excellent,9.924,78.135,applicable,0.57,applicable,0.81,applicable,0.85,applicable,2.2,4571400
"Simmakkal, Madurai",Simmakkal,Madurai,Madurai,Tamil Nadu,1446,Apartment,1,1,1999,Excellent,9.921,78.1197,notApplicable,0.0,applicable,1.04,applicable,2.0,applicable,2.11,4888600
"Ettayapuram Rd, Thoothukudi",Ettayapuram Rd,Thoothukudi,Thoothukudi,Tamil Nadu,1971,Independent House,2,2,2006,Needs Renovation,8.813,78.1341,applicable,4.21,applicable,4.69,applicable,1.03,applicable,0.23,3725100
"Sathyamangalam Rd, Edayarpalayam, Erode","Sathyamangalam Rd, Edayarpalayam",Erode,Erode,Tamil Nadu,1744,Villa,3,2,2021,Needs Renovation,11.349,77.6951,applicable,3.7,notApplicable,0.0,applicable,9.75,applicable,0.67,5091100
"Bypass Rd, Madurai",Bypass Rd,Madurai,Madurai,Tamil Nadu,3238,Duplex,4,4,1993,Needs Renovation,9.924,78.135,notApplicable,0.0,notApplicable,0.0,notApplicable,0.0,applicable,2.94,9546200
"Bypass Rd, Madurai",Bypass Rd,Madurai,Madurai,Tamil Nadu,2200,Apartment,5,4,2015,Excellent,9.924,78.135,notApplicable,0.0,applicable,1.29,applicable,1.66,applicable,4.85,7324700
"Simmakkal, Madurai",Simmakkal,Madurai,Madurai,Tamil Nadu,910,Duplex,2,2,2008,Good,9.921,78.1197,notApplicable,0.0,applicable,5.22,notApplicable,0.0,applicable,1.06,3539200
"100 Feet Rd, Velachery, Chennai","100 Feet Rd, Velachery",Chennai,Chennai,Tamil Nadu,2328,Villa,5,5,2000,Excellent,12.9791,80.2209,notApplicable,0.0,notApplicable,0.0,notApplicable,0.0,applicable,3.63,18059900
"NH 44, Tirunelveli, Tirunelveli","NH 44, Tirunelveli",Tirunelveli,Tirunelveli,Tamil Nadu,678,Duplex,2,3,1991,Needs Renovation,8.7139,77.7567,notApplicable,0.0,applicable,5.29,notApplicable,0.0,notApplicable,0.0,1543400
"Trichy Rd, Singanallur, Coimbatore","Trichy Rd, Singanallur",Coimbatore,Coimbatore,Tamil Nadu,785,Independent House,3,4,2018,Needs Renovation,10.9979,76.9994,applicable,4.3,applicable,5.45,notApplicable,0.0,applicable,3.52,2461300
"Trichy Rd, Singanallur, Coimbatore","Trichy Rd, Singanallur",Coimbatore,Coimbatore,Tamil Nadu,778,Duplex,3,2,2012,Excellent,10.9979,76.9994,notApplicable,0.0,applicable,5.21,notApplicable,0.0,notApplicable,0.0,3864300
"NH 44, Tirunelveli, Tirunelveli","NH 44, Tirunelveli",Tirunelveli,Tirunelveli,Tamil Nadu,506,Apartment,3,3,1992,Needs Renovation,8.7139,77.7567,applicable,2.2,applicable,3.15,notApplicable,0.0,applicable,4.96,749800
"Sathyamangalam Rd, Edayarpalayam, Erode","Sathyamangalam Rd, Edayarpalayam",Erode,Erode,Tamil Nadu,395,Duplex,1,2,1994,Needs Renovation,11.349,77.6951,applicable,4.15,notApplicable,0.0,notApplicable,0.0,applicable,1.5,935500
"Ettayapuram Rd, Thoothukudi",Ettayapuram Rd,Thoothukudi,Thoothukudi,Tamil Nadu,1297,Duplex,3,2,2025,Needs Renovation,8.813,78.1341,notApplicable,0.0,applicable,5.1,notApplicable,0.0,applicable,4.34,3064300
"MTP Rd, Coimbatore",MTP Rd,Coimbatore,Coimbatore,Tamil Nadu,1877,Apartment,1,1,2013,Good,11.0616,76.9366,notApplicable,0.0,applicable,2.65,applicable,4.38,applicable,2.16,6247600
"Dindigul Rd, Palani, Palani","Dindigul Rd, Palani",Palani,Dindigul,Tamil Nadu,2027,Duplex,3,4,1992,Excellent,10.4508,77.5148,applicable,4.64,notApplicable,0.0,applicable,7.72,applicable,4.89,6630200
"Bypass Rd, Madurai",Bypass Rd,Madurai,Madurai,Tamil Nadu,2480,Apartment,3,3,2009,Excellent,9.924,78.135,applicable,1.4,notApplicable,0.0,notApplicable,0.0,notApplicable,0.0,8708500
"100 Feet Rd, Velachery, Chennai","100 Feet Rd, Velachery",Chennai,Chennai,Tamil Nadu,661,Independent House,4,4,1991,Needs Renovation,12.9791,80.2209,notApplicable,0.0,applicable,0.65,applicable,9.88,notApplicable,0.0,3318600
"Alagarkoil Rd, Madurai",Alagarkoil Rd,Madurai,Madurai,Tamil Nadu,1601,Duplex,5,6,1993,Good,9.9677,78.1653,applicable,3.14,applicable,3.84,applicable,8.76,applicable,0.28,4932900
"MTP Rd, Coimbatore",MTP Rd,Coimbatore,Coimbatore,Tamil Nadu,360,Apartment,2,2,2008,Needs Renovation,11.0616,76.9366,notApplicable,0.0,applicable,0.95,notApplicable,0.0,applicable,0.65,1256000
"Trichy Rd, Singanallur, Coimbatore","Trichy Rd, Singanallur",Coimbatore,Coimbatore,Tamil Nadu,600,Apartment,1,2,2000,Needs Renovation,10.9979,76.9994,applicable,3.51,applicable,6.0,notApplicable,0.0,applicable,1.49,1608800
"Dindigul Rd, Palani, Palani","Dindigul Rd, Palani",Palani,Dindigul,Tamil Nadu,907,Apartment,1,2,1992,Needs Renovation,10.4508,77.5148,notApplicable,0.0,applicable,2.22,applicable,7.97,applicable,1.16,2189600
"NH 44, Tirunelveli, Tirunelveli","NH 44, Tirunelveli",Tirunelveli,Tirunelveli,Tamil Nadu,3030,Duplex,3,2,2007,Excellent,8.7139,77.7567,applicable,0.32,applicable,2.24,notApplicable,0.0,applicable,1.4,9012100
"Sathyamangalam Rd, Edayarpalayam, Erode","Sathyamangalam Rd, Edayarpalayam",Erode,Erode,Tamil Nadu,3756,Apartment,1,1,1997,Excellent,11.349,77.6951,applicable,5.11,applicable,1.69,applicable,7.64,applicable,3.12,7232200
"Dindigul Rd, Palani, Palani","Dindigul Rd, Palani",Palani,Dindigul,Tamil Nadu,1621,Duplex,2,2,2012,Excellent,10.4508,77.5148,applicable,0.63,applicable,1.04,applicable,4.67,applicable,1.68,6726200
"Gandhipuram Cross Cut, Coimbatore",Gandhipuram Cross Cut,Coimbatore,Coimbatore,Tamil Nadu,695,Duplex,1,2,1998,Good,11.0175,76.9725,notApplicable,0.0,applicable,4.1,applicable,9.27,applicable,2.95,2471900
"Rajapalayam Rd, Virudhunagar",Rajapalayam Rd,Virudhunagar,Virudhunagar,Tamil Nadu,2071,Apartment,1,1,2000,Needs Renovation,9.4523,77.5533,notApplicable,0.0,applicable,3.61,notApplicable,0.0,notApplicable,0.0,3767700
"Simmakkal, Madurai",Simmakkal,Madurai,Madurai,Tamil Nadu,1720,Apartment,3,3,1999,Good,9.921,78.1197,applicable,1.06,applicable,2.67,notApplicable,0.0,notApplicable,0.0,5225100
"Sathyamangalam Rd, Edayarpalayam, Erode","Sathyamangalam Rd, Edayarpalayam",Erode,Erode,Tamil Nadu,3390,Duplex,3,2,1995,Excellent,11.349,77.6951,applicable,0.99,notApplicable,0.0,applicable,8.84,applicable,0.83,9855800
"Dindigul Rd, Palani, Palani","Dindigul Rd, Palani",Palani,Dindigul,Tamil Nadu,3233,Duplex,4,3,1990,Good,10.4508,77.5148,applicable,3.12,applicable,4.8,applicable,6.51,notApplicable,0.0,9301000
"MTP Rd, Coimbatore",MTP Rd,Coimbatore,Coimbatore,Tamil Nadu,1942,Duplex,5,5,1993,Needs Renovation,11.0616,76.9366,applicable,4.32,applicable,3.93,applicable,0.65,applicable,2.29,6188900
"100 Feet Rd, Velachery, Chennai","100 Feet Rd, Velachery",Chennai,Chennai,Tamil Nadu,3558,Duplex,1,2,2017,Excellent,12.9791,80.2209,notApplicable,0.0,notApplicable,0.0,applicable,6.9,applicable,3.16,27331900
"100 Feet Rd, Velachery, Chennai","100 Feet Rd, Velachery",Chennai,Chennai,Tamil Nadu,2982,Villa,4,3,2023,Good,12.9791,80.2209,applicable,3.96,notApplicable,0.0,applicable,3.79,applicable,2.02,21731200
"Gandhipuram Cross Cut, Coimbatore",Gandhipuram Cross Cut,Coimbatore,Coimbatore,Tamil Nadu,699,Apartment,1,1,1993,Needs Renovation,11.0175,76.9725,applicable,1.28,applicable,0.48,applicable,7.24,applicable,3.83,1879000
"Alagarkoil Rd, Madurai",Alagarkoil Rd,Madurai,Madurai,Tamil Nadu,2091,Apartment,5,5,1994,Excellent,9.9677,78.1653,applicable,4.26,applicable,3.66,applicable,7.64,applicable,2.96,5293700
"Sathyamangalam Rd, Edayarpalayam, Erode","Sathyamangalam Rd, Edayarpalayam",Erode,Erode,Tamil Nadu,1962,Villa,4,5,2023,Good,11.349,77.6951,applicable,2.77,applicable,3.47,notApplicable,0.0,applicable,4.78,5419200
"East Coast Rd, Thiruvanmiyur, Chennai","East Coast Rd, Thiruvanmiyur",Chennai,Chennai,Tamil Nadu,618,Independent House,2,3,2011,Needs Renovation,12.9834,80.259,notApplicable,0.0,applicable,2.26,applicable,9.43,notApplicable,0.0,3628900
"100 Feet Rd, Velachery, Chennai","100 Feet Rd, Velachery",Chennai,Chennai,Tamil Nadu,3846,Apartment,2,1,2003,Good,12.9791,80.2209,applicable,2.49,applicable,5.72,applicable,8.61,applicable,3.88,15576600
"East Coast Rd, Thiruvanmiyur, Chennai","East Coast Rd, Thiruvanmiyur",Chennai,Chennai,Tamil Nadu,4161,Independent House,2,2,2021,Excellent,12.9834,80.259,applicable,4.99,applicable,0.35,applicable,5.18,applicable,0.54,28272000
"Dindigul Rd, Palani, Palani","Dindigul Rd, Palani",Palani,Dindigul,Tamil Nadu,771,Independent House,1,2,1990,Needs Renovation,10.4508,77.5148,applicable,3.22,applicable,4.88,applicable,3.86,applicable,4.44,1743400
"Rajapalayam Rd, Virudhunagar",Rajapalayam Rd,Virudhunagar,Virudhunagar,Tamil Nadu,356,Independent House,2,2,2015,Needs Renovation,9.4523,77.5533,applicable,5.91,notApplicable,0.0,applicable,7.05,applicable,4.42,606700
"East Coast Rd, Thiruvanmiyur, Chennai","East Coast Rd, Thiruvanmiyur",Chennai,Chennai,Tamil Nadu,356,Villa,4,3,2001,Needs Renovation,12.9834,80.259,applicable,3.59,notApplicable,0.0,applicable,9.08,applicable,3.57,1865000
"Bypass Rd, Madurai",Bypass Rd,Madurai,Madurai,Tamil Nadu,1104,Villa,5,6,2007,Good,9.924,78.135,applicable,1.55,applicable,1.91,applicable,4.69,applicable,0.51,4288700
"Trichy Rd, Singanallur, Coimbatore","Trichy Rd, Singanallur",Coimbatore,Coimbatore,Tamil Nadu,3539,Villa,4,3,1993,Needs Renovation,10.9979,76.9994,applicable,1.97,applicable,2.48,notApplicable,0.0,applicable,1.16,13210600
"Avinashi Rd, Peelamedu, Coimbatore","Avinashi Rd, Peelamedu",Coimbatore,Coimbatore,Tamil Nadu,1772,Villa,4,4,2000,Excellent,11.0183,76.997,applicable,4.78,applicable,5.41,notApplicable,0.0,applicable,0.88,8778500
"Bypass Rd, Madurai",Bypass Rd,Madurai,Madurai,Tamil Nadu,4062,Apartment,1,1,2014,Good,9.924,78.135,notApplicable,0.0,applicable,1.13,notApplicable,0.0,applicable,1.62,14190400
"Simmakkal, Madurai",Simmakkal,Madurai,Madurai,Tamil Nadu,1955,Independent House,1,1,2008,Needs Renovation,9.921,78.1197,applicable,1.32,applicable,5.32,notApplicable,0.0,applicable,1.07,5657000
"Bypass Rd, Madurai",Bypass Rd,Madurai,Madurai,Tamil Nadu,2714,Apartment,2,3,2011,Excellent,9.924,78.135,applicable,2.2,applicable,5.63,notApplicable,0.0,notApplicable,0.0,8360300
"Dindigul Rd, Palani, Palani","Dindigul Rd, Palani",Palani,Dindigul,Tamil Nadu,2190,Duplex,5,6,1991,Excellent,10.4508,77.5148,applicable,5.49,applicable,1.58,notApplicable,0.0,notApplicable,0.0,9746500
"Ettayapuram Rd, Thoothukudi",Ettayapuram Rd,Thoothukudi,Thoothukudi,Tamil Nadu,1727,Independent House,3,2,2022,Excellent,8.813,78.1341,applicable,3.05,applicable,5.46,notApplicable,0.0,applicable,1.61,4994600
"Dindigul Rd, Palani, Palani","Dindigul Rd, Palani",Palani,Dindigul,Tamil Nadu,510,Villa,5,5,1993,Needs Renovation,10.4508,77.5148,notApplicable,0.0,applicable,5.23,notApplicable,0.0,applicable,1.74,1662100
"Alagarkoil Rd, Madurai",Alagarkoil Rd,Madurai,Madurai,Tamil Nadu,4015,Apartment,2,3,2018,Excellent,9.9677,78.1653,applicable,2.94,applicable,0.69,applicable,3.88,notApplicable,0.0,14022300
"Simmakkal, Madurai",Simmakkal,Madurai,Madurai,Tamil Nadu,502,Independent House,5,5,2006,Needs Renovation,9.921,78.1197,applicable,1.14,applicable,2.81,applicable,3.94,applicable,2.53,1218700
"Ettayapuram Rd, Thoothukudi",Ettayapuram Rd,Thoothukudi,Thoothukudi,Tamil Nadu,2258,Independent House,1,2,2009,Excellent,8.813,78.1341,notApplicable,0.0,applicable,2.1,notApplicable,0.0,applicable,3.42,6565200
"Simmakkal, Madurai",Simmakkal,Madurai,Madurai,Tamil Nadu,1163,Duplex,5,5,2025,Good,9.921,78.1197,applicable,1.93,applicable,5.99,applicable,7.74,applicable,1.49,3705800
"Avinashi Rd, Peelamedu, Coimbatore","Avinashi Rd, Peelamedu",Coimbatore,Coimbatore,Tamil Nadu,1029,Duplex,3,4,2011,Excellent,11.0183,76.997,applicable,1.24,notApplicable,0.0,applicable,4.01,applicable,1.33,5076700
"Trichy Rd, Singanallur, Coimbatore","Trichy Rd, Singanallur",Coimbatore,Coimbatore,Tamil Nadu,1089,Duplex,3,3,2011,Excellent,10.9979,76.9994,applicable,0.48,applicable,3.55,notApplicable,0.0,applicable,2.25,5092500
"Trichy Rd, Singanallur, Coimbatore","Trichy Rd, Singanallur",Coimbatore,Coimbatore,Tamil Nadu,898,Apartment,1,2,2014,Needs Renovation,10.9979,76.9994,notApplicable,0.0,applicable,1.59,applicable,5.63,applicable,4.53,2404200
"Simmakkal, Madurai",Simmakkal,Madurai,Madurai,Tamil Nadu,731,Independent House,3,3,1991,Excellent,9.921,78.1197,notApplicable,0.0,applicable,1.59,notApplicable,0.0,notApplicable,0.0,2853200
"Trichy Rd, Singanallur, Coimbatore","Trichy Rd, Singanallur",Coimbatore,Coimbatore,Tamil Nadu,1480,Apartment,3,4,2022,Needs Renovation,10.9979,76.9994,applicable,3.44,applicable,3.81,notApplicable,0.0,applicable,2.74,4130000
"Avinashi Rd, Peelamedu, Coimbatore","Avinashi Rd, Peelamedu",Coimbatore,Coimbatore,Tamil Nadu,1120,Independent House,4,5,1996,Excellent,11.0183,76.997,applicable,3.31,applicable,2.18,applicable,4.36,applicable,4.21,3801900
"East Coast Rd, Thiruvanmiyur, Chennai","East Coast Rd, Thiruvanmiyur",Chennai,Chennai,Tamil Nadu,805,Duplex,2,1,2008,Excellent,12.9834,80.259,applicable,5.09,notApplicable,0.0,notApplicable,0.0,applicable,2.05,5838900
"Ettayapuram Rd, Thoothukudi",Ettayapuram Rd,Thoothukudi,Thoothukudi,Tamil Nadu,3548,Duplex,4,5,2001,Needs Renovation,8.813,78.1341,applicable,3.85,applicable,1.25,applicable,2.95,applicable,2.08,7012700
"NH 44, Tirunelveli, Tirunelveli","NH 44, Tirunelveli",Tirunelveli,Tirunelveli,Tamil Nadu,2405,Apartment,3,3,2019,Needs Renovation,8.7139,77.7567,applicable,5.75,applicable,5.98,applicable,6.18,applicable,0.37,4438200
"Ettayapuram Rd, Thoothukudi",Ettayapuram Rd,Thoothukudi,Thoothukudi,Tamil Nadu,846,Independent House,3,3,1998,Good,8.813,78.1341,applicable,2.21,notApplicable,0.0,notApplicable,0.0,notApplicable,0.0,2103600
"100 Feet Rd, Velachery, Chennai","100 Feet Rd, Velachery",Chennai,Chennai,Tamil Nadu,1757,Apartment,4,3,1990,Good,12.9791,80.2209,notApplicable,0.0,applicable,4.07,applicable,2.38,applicable,4.37,7253700
"Ettayapuram Rd, Thoothukudi",Ettayapuram Rd,Thoothukudi,Thoothukudi,Tamil Nadu,1150,Villa,4,4,2000,Good,8.813,78.1341,applicable,1.61,applicable,5.53,applicable,7.6,applicable,4.84,2677600
"East Coast Rd, Thiruvanmiyur, Chennai","East Coast Rd, Thiruvanmiyur",Chennai,Chennai,Tamil Nadu,3596,Independent House,5,4,2008,Needs Renovation,12.9834,80.259,applicable,4.59,applicable,2.93,notApplicable,0.0,applicable,1.24,19064600
"Sathyamangalam Rd, Edayarpalayam, Erode","Sathyamangalam Rd, Edayarpalayam",Erode,Erode,Tamil Nadu,914,Villa,1,1,2007,Excellent,11.349,77.6951,applicable,4.76,applicable,5.27,notApplicable,0.0,notApplicable,0.0,3124700
"NH 44, Tirunelveli, Tirunelveli","NH 44, Tirunelveli",Tirunelveli,Tirunelveli,Tamil Nadu,1191,Duplex,3,3,2009,Needs Renovation,8.7139,77.7567,applicable,1.33,applicable,0.97,notApplicable,0.0,notApplicable,0.0,3032900
"Sathyamangalam Rd, Edayarpalayam, Erode","Sathyamangalam Rd, Edayarpalayam",Erode,Erode,Tamil Nadu,616,Independent House,2,2,1999,Needs Renovation,11.349,77.6951,applicable,1.21,applicable,2.79,applicable,9.59,applicable,3.25,1218600
"Alagarkoil Rd, Madurai",Alagarkoil Rd,Madurai,Madurai,Tamil Nadu,367,Villa,5,6,1998,Excellent,9.9677,78.1653,applicable,3.63,notApplicable,0.0,applicable,5.3,applicable,2.98,1386400
"Rajapalayam Rd, Virudhunagar",Rajapalayam Rd,Virudhunagar,Virudhunagar,Tamil Nadu,1304,Independent House,3,4,2017,Excellent,9.4523,77.5533,applicable,2.45,notApplicable,0.0,applicable,0.83,applicable,1.26,3661300
"Simmakkal, Madurai",Simmakkal,Madurai,Madurai,Tamil Nadu,1526,Duplex,5,4,1995,Needs Renovation,9.921,78.1197,notApplicable,0.0,applicable,5.52,notApplicable,0.0,applicable,2.14,4660000
"Sathyamangalam Rd, Edayarpalayam, Erode","Sathyamangalam Rd, Edayarpalayam",Erode,Erode,Tamil Nadu,1935,Independent House,5,5,1998,Needs Renovation,11.349,77.6951,applicable,3.66,applicable,5.09,notApplicable,0.0,notApplicable,0.0,4470100
"Rajapalayam Rd, Virudhunagar",Rajapalayam Rd,Virudhunagar,Virudhunagar,Tamil Nadu,2064,Apartment,4,5,2010,Needs Renovation,9.4523,77.5533,applicable,3.53,applicable,3.34,notApplicable,0.0,applicable,1.1,3326400
"Rajapalayam Rd, Virudhunagar",Rajapalayam Rd,Virudhunagar,Virudhunagar,Tamil Nadu,696,Apartment,1,1,2003,Needs Renovation,9.4523,77.5533,applicable,2.31,applicable,5.1,applicable,2.36,applicable,1.41,1048100
"Avinashi Rd, Peelamedu, Coimbatore","Avinashi Rd, Peelamedu",Coimbatore,Coimbatore,Tamil Nadu,394,Independent House,2,2,2002,Needs Renovation,11.0183,76.997,notApplicable,0.0,applicable,4.67,applicable,9.67,applicable,3.75,1240400
"Gandhipuram Cross Cut, Coimbatore",Gandhipuram Cross Cut,Coimbatore,Coimbatore,Tamil Nadu,696,Independent House,5,6,1992,Good,11.0175,76.9725,applicable,5.89,applicable,0.76,notApplicable,0.0,applicable,2.08,2679000
"100 Feet Rd, Velachery, Chennai","100 Feet Rd, Velachery",Chennai,Chennai,Tamil Nadu,3729,Independent House,1,1,2003,Good,12.9791,80.2209,applicable,4.7,applicable,0.63,applicable,4.27,applicable,3.87,19842100
"Gandhipuram Cross Cut, Coimbatore",Gandhipuram Cross Cut,Coimbatore,Coimbatore,Tamil Nadu,2183,Duplex,5,4,2006,Needs Renovation,11.0175,76.9725,notApplicable,0.0,applicable,5.98,applicable,5.39,applicable,3.34,6896100
"100 Feet Rd, Velachery, Chennai","100 Feet Rd, Velachery",Chennai,Chennai,Tamil Nadu,3468,Villa,5,4,2002,Good,12.9791,80.2209,applicable,0.5,applicable,5.81,applicable,8.01,applicable,2.11,22468100
"Trichy Rd, Singanallur, Coimbatore","Trichy Rd, Singanallur",Coimbatore,Coimbatore,Tamil Nadu,2704,Apartment,2,2,1991,Needs Renovation,10.9979,76.9994,applicable,2.05,applicable,4.51,applicable,5.76,applicable,1.29,6734800
"Bypass Rd, Madurai",Bypass Rd,Madurai,Madurai,Tamil Nadu,1202,Independent House,1,1,2002,Needs Renovation,9.924,78.135,applicable,1.85,notApplicable,0.0,applicable,3.59,applicable,1.66,3511300
"MTP Rd, Coimbatore",MTP Rd,Coimbatore,Coimbatore,Tamil Nadu,2041,Independent House,1,1,2024,Good,11.0616,76.9366,applicable,0.95,notApplicable,0.0,applicable,3.67,applicable,2.99,7984800
"Ettayapuram Rd, Thoothukudi",Ettayapuram Rd,Thoothukudi,Thoothukudi,Tamil Nadu,755,Villa,3,2,2015,Needs Renovation,8.813,78.1341,applicable,0.64,applicable,0.92,notApplicable,0.0,applicable,4.11,1959300
"MTP Rd, Coimbatore",MTP Rd,Coimbatore,Coimbatore,Tamil Nadu,547,Apartment,1,1,2000,Needs Renovation,11.0616,76.9366,applicable,3.56,notApplicable,0.0,applicable,4.12,applicable,4.91,1364900
"Bypass Rd, Madurai",Bypass Rd,Madurai,Madurai,Tamil Nadu,1152,Duplex,5,5,1996,Good,9.924,78.135,applicable,3.13,applicable,4.55,notApplicable,0.0,applicable,1.39,3632000
"Dindigul Rd, Palani, Palani","Dindigul Rd, Palani",Palani,Dindigul,Tamil Nadu,459,Independent House,5,5,1990,Needs Renovation,10.4508,77.5148,notApplicable,0.0,notApplicable,0.0,notApplicable,0.0,applicable,3.24,1433900
"Avinashi Rd, Peelamedu, Coimbatore","Avinashi Rd, Peelamedu",Coimbatore,Coimbatore,Tamil Nadu,489,Duplex,2,3,2008,Excellent,11.0183,76.997,notApplicable,0.0,notApplicable,0.0,applicable,9.6,applicable,1.81,2320900
"Simmakkal, Madurai",Simmakkal,Madurai,Madurai,Tamil Nadu,1949,Independent House,1,1,2012,Needs Renovation,9.921,78.1197,notApplicable,0.0,applicable,3.84,notApplicable,0.0,applicable,0.79,5881600
"Avinashi Rd, Peelamedu, Coimbatore","Avinashi Rd, Peelamedu",Coimbatore,Coimbatore,Tamil Nadu,852,Apartment,2,1,1999,Needs Renovation,11.0183,76.997,applicable,4.69,notApplicable,0.0,notApplicable,0.0,applicable,3.3,2215700
"Trichy Rd, Singanallur, Coimbatore","Trichy Rd, Singanallur",Coimbatore,Coimbatore,Tamil Nadu,400,Villa,1,1,2013,Good,10.9979,76.9994,applicable,1.0,applicable,5.13,applicable,2.59,applicable,0.17,1756700
"East Coast Rd, Thiruvanmiyur, Chennai","East Coast Rd, Thiruvanmiyur",Chennai,Chennai,Tamil Nadu,851,Duplex,4,3,2013,Good,12.9834,80.259,applicable,5.8,applicable,0.34,notApplicable,0.0,notApplicable,0.0,6386400
"Bypass Rd, Madurai",Bypass Rd,Madurai,Madurai,Tamil Nadu,3445,Duplex,2,2,2015,Needs Renovation,9.924,78.135,applicable,2.22,applicable,5.15,applicable,7.06,applicable,3.95,8998600
"Bypass Rd, Madurai",Bypass Rd,Madurai,Madurai,Tamil Nadu,2580,Apartment,1,2,1997,Excellent,9.924,78.135,applicable,4.73,applicable,3.88,applicable,1.72,applicable,0.57,6840200
"Simmakkal, Madurai",Simmakkal,Madurai,Madurai,Tamil Nadu,2010,Villa,2,2,2004,Excellent,9.921,78.1197,applicable,4.89,notApplicable,0.0,applicable,2.71,applicable,0.65,8902000
"East Coast Rd, Thiruvanmiyur, Chennai","East Coast Rd, Thiruvanmiyur",Chennai,Chennai,Tamil Nadu,3959,Independent House,3,4,2021,Excellent,12.9834,80.259,applicable,3.56,applicable,5.41,notApplicable,0.0,notApplicable,0.0,30547900
"East Coast Rd, Thiruvanmiyur, Chennai","East Coast Rd, Thiruvanmiyur",Chennai,Chennai,Tamil Nadu,479,Villa,4,3,2010,Needs Renovation,12.9834,80.259,applicable,1.95,notApplicable,0.0,applicable,2.5,applicable,4.36,2887100
"Trichy Rd, Singanallur, Coimbatore","Trichy Rd, Singanallur",Coimbatore,Coimbatore,Tamil Nadu,2771,Villa,4,3,2007,Good,10.9979,76.9994,applicable,0.33,applicable,3.95,notApplicable,0.0,applicable,2.35,11999200
"Simmakkal, Madurai",Simmakkal,Madurai,Madurai,Tamil Nadu,645,Villa,4,4,2022,Needs Renovation,9.921,78.1197,applicable,4.99,applicable,2.55,notApplicable,0.0,applicable,2.2,2006600
"Trichy Rd, Singanallur, Coimbatore","Trichy Rd, Singanallur",Coimbatore,Coimbatore,Tamil Nadu,538,Apartment,4,3,2023,Excellent,10.9979,76.9994,notApplicable,0.0,applicable,2.78,notApplicable,0.0,applicable,1.51,2322900
"NH 44, Tirunelveli, Tirunelveli","NH 44, Tirunelveli",Tirunelveli,Tirunelveli,Tamil Nadu,887,Apartment,5,4,2010,Good,8.7139,77.7567,applicable,2.14,notApplicable,0.0,applicable,6.46,applicable,4.38,1683500
"Gandhipuram Cross Cut, Coimbatore",Gandhipuram Cross Cut,Coimbatore,Coimbatore,Tamil Nadu,503,Duplex,4,3,2009,Needs Renovation,11.0175,76.9725,applicable,0.61,applicable,1.34,applicable,7.87,notApplicable,0.0,1827200
"100 Feet Rd, Velachery, Chennai","100 Feet Rd, Velachery",Chennai,Chennai,Tamil Nadu,1180,Independent House,4,5,1998,Good,12.9791,80.2209,applicable,1.14,applicable,5.14,notApplicable,0.0,notApplicable,0.0,6964600
"Sathyamangalam Rd, Edayarpalayam, Erode","Sathyamangalam Rd, Edayarpalayam",Erode,Erode,Tamil Nadu,2512,Independent House,2,2,2003,Good,11.349,77.6951,applicable,1.27,applicable,0.5,applicable,1.19,applicable,2.15,7437500
"Bypass Rd, Madurai",Bypass Rd,Madurai,Madurai,Tamil Nadu,364,Independent House,5,6,2016,Excellent,9.924,78.135,applicable,0.39,applicable,3.53,applicable,9.92,applicable,4.87,1324500
"Alagarkoil Rd, Madurai",Alagarkoil Rd,Madurai,Madurai,Tamil Nadu,486,Independent House,1,2,2012,Excellent,9.9677,78.1653,applicable,4.38,applicable,5.89,notApplicable,0.0,applicable,4.58,1669300
"Trichy Rd, Singanallur, Coimbatore","Trichy Rd, Singanallur",Coimbatore,Coimbatore,Tamil Nadu,1596,Apartment,1,1,1992,Needs Renovation,10.9979,76.9994,applicable,0.4,applicable,0.54,applicable,8.0,applicable,0.8,4939000
"East Coast Rd, Thiruvanmiyur, Chennai","East Coast Rd, Thiruvanmiyur",Chennai,Chennai,Tamil Nadu,642,Duplex,4,4,2016,Excellent,12.9834,80.259,applicable,4.14,applicable,1.43,applicable,9.04,notApplicable,0.0,4346300
"Sathyamangalam Rd, Edayarpalayam, Erode","Sathyamangalam Rd, Edayarpalayam",Erode,Erode,Tamil Nadu,639,Duplex,4,4,2000,Excellent,11.349,77.6951,applicable,2.13,applicable,3.14,notApplicable,0.0,applicable,1.04,1861900
"Trichy Rd, Singanallur, Coimbatore","Trichy Rd, Singanallur",Coimbatore,Coimbatore,Tamil Nadu,3172,Duplex,5,6,2003,Needs Renovation,10.9979,76.9994,notApplicable,0.0,applicable,1.4,applicable,6.7,applicable,0.94,12194400
"100 Feet Rd, Velachery, Chennai","100 Feet Rd, Velachery",Chennai,Chennai,Tamil Nadu,964,Villa,4,5,2011,Excellent,12.9791,80.2209,applicable,1.6,applicable,1.29,notApplicable,0.0,applicable,1.47,8728900
"Bypass Rd, Madurai",Bypass Rd,Madurai,Madurai,Tamil Nadu,904,Duplex,1,2,2013,Good,9.924,78.135,applicable,3.61,applicable,2.92,notApplicable,0.0,applicable,0.75,3375100
"Trichy Rd, Singanallur, Coimbatore","Trichy Rd, Singanallur",Coimbatore,Coimbatore,Tamil Nadu,584,Independent House,4,5,1994,Excellent,10.9979,76.9994,applicable,3.97,applicable,2.33,applicable,3.29,applicable,2.98,1834400
"Ettayapuram Rd, Thoothukudi",Ettayapuram Rd,Thoothukudi,Thoothukudi,Tamil Nadu,2533,Duplex,1,1,1990,Excellent,8.813,78.1341,applicable,2.82,applicable,1.28,notApplicable,0.0,applicable,3.79,6010000
"Trichy Rd, Singanallur, Coimbatore","Trichy Rd, Singanallur",Coimbatore,Coimbatore,Tamil Nadu,2008,Apartment,1,1,2015,Good,10.9979,76.9994,notApplicable,0.0,applicable,2.54,applicable,6.25,applicable,3.83,5957700
"Sathyamangalam Rd, Edayarpalayam, Erode","Sathyamangalam Rd, Edayarpalayam",Erode,Erode,Tamil Nadu,3622,Villa,5,4,2015,Needs Renovation,11.349,77.6951,applicable,3.72,applicable,5.56,applicable,2.84,notApplicable,0.0,8460600
"NH 44, Tirunelveli, Tirunelveli","NH 44, Tirunelveli",Tirunelveli,Tirunelveli,Tamil Nadu,505,Duplex,4,4,2021,Excellent,8.7139,77.7567,applicable,3.22,applicable,4.95,notApplicable,0.0,applicable,4.89,1463800
"Bypass Rd, Madurai",Bypass Rd,Madurai,Madurai,Tamil Nadu,1759,Apartment,5,5,2002,Good,9.924,78.135,applicable,3.88,applicable,1.26,notApplicable,0.0,applicable,2.01,4881500
"Bypass Rd, Madurai",Bypass Rd,Madurai,Madurai,Tamil Nadu,2144,Duplex,3,3,1993,Excellent,9.924,78.135,applicable,3.77,notApplicable,0.0,applicable,7.07,applicable,3.33,6231500
"Sathyamangalam Rd, Edayarpalayam, Erode","Sathyamangalam Rd, Edayarpalayam",Erode,Erode,Tamil Nadu,1009,Duplex,1,1,1999,Needs Renovation,11.349,77.6951,applicable,3.09,notApplicable,0.0,applicable,5.9,notApplicable,0.0,2253400
"Gandhipuram Cross Cut, Coimbatore",Gandhipuram Cross Cut,Coimbatore,Coimbatore,Tamil Nadu,1923,Independent House,3,3,2021,Good,11.0175,76.9725,notApplicable,0.0,applicable,1.63,applicable,4.25,applicable,2.91,8363200
"Avinashi Rd, Peelamedu, Coimbatore","Avinashi Rd, Peelamedu",Coimbatore,Coimbatore,Tamil Nadu,399,Independent House,5,4,2016,Excellent,11.0183,76.997,applicable,0.38,applicable,3.3,notApplicable,0.0,notApplicable,0.0,2135900
"Trichy Rd, Singanallur, Coimbatore","Trichy Rd, Singanallur",Coimbatore,Coimbatore,Tamil Nadu,803,Independent House,3,3,1998,Excellent,10.9979,76.9994,applicable,4.82,applicable,4.2,applicable,7.25,applicable,2.47,2626100
"100 Feet Rd, Velachery, Chennai","100 Feet Rd, Velachery",Chennai,Chennai,Tamil Nadu,385,Apartment,4,4,2001,Needs Renovation,12.9791,80.2209,notApplicable,0.0,applicable,4.06,applicable,3.71,applicable,3.54,1554000
"East Coast Rd, Thiruvanmiyur, Chennai","East Coast Rd, Thiruvanmiyur",Chennai,Chennai,Tamil Nadu,1373,Apartment,2,2,2017,Good,12.9834,80.259,notApplicable,0.0,applicable,2.89,notApplicable,0.0,applicable,4.23,7710400
"Bypass Rd, Madurai",Bypass Rd,Madurai,Madurai,Tamil Nadu,488,Apartment,2,2,1990,Good,9.924,78.135,applicable,3.32,applicable,5.85,applicable,3.63,applicable,1.89,975600
"Bypass Rd, Madurai",Bypass Rd,Madurai,Madurai,Tamil Nadu,1895,Apartment,4,5,2016,Needs Renovation,9.924,78.135,notApplicable,0.0,applicable,0.64,notApplicable,0.0,applicable,4.79,5221800
"Simmakkal, Madurai",Simmakkal,Madurai,Madurai,Tamil Nadu,921,Duplex,3,3,2012,Needs Renovation,9.921,78.1197,applicable,1.76,applicable,5.35,applicable,2.89,applicable,0.86,2659200
"Simmakkal, Madurai",Simmakkal,Madurai,Madurai,Tamil Nadu,1319,Independent House,2,2,1999,Excellent,9.921,78.1197,notApplicable,0.0,applicable,4.9,applicable,8.04,applicable,4.22,3995000
"NH 44, Tirunelveli, Tirunelveli","NH 44, Tirunelveli",Tirunelveli,Tirunelveli,Tamil Nadu,1066,Independent House,4,4,1996,Good,8.7139,77.7567,applicable,3.33,applicable,4.43,applicable,3.61,notApplicable,0.0,2198000
"Avinashi Rd, Peelamedu, Coimbatore","Avinashi Rd, Peelamedu",Coimbatore,Coimbatore,Tamil Nadu,1224,Apartment,2,2,2017,Needs Renovation,11.0183,76.997,applicable,4.24,applicable,5.79,applicable,6.25,applicable,4.82,3194200
"Bypass Rd, Madurai",Bypass Rd,Madurai,Madurai,Tamil Nadu,430,Independent House,3,3,2005,Needs Renovation,9.924,78.135,applicable,3.01,notApplicable,0.0,applicable,4.4,applicable,2.9,1020700
"Gandhipuram Cross Cut, Coimbatore",Gandhipuram Cross Cut,Coimbatore,Coimbatore,Tamil Nadu,1739,Independent House,5,4,2001,Needs Renovation,11.0175,76.9725,notApplicable,0.0,applicable,3.52,applicable,7.02,applicable,0.59,5712000
"Gandhipuram Cross Cut, Coimbatore",Gandhipuram Cross Cut,Coimbatore,Coimbatore,Tamil Nadu,1943,Villa,1,1,2010,Excellent,11.0175,76.9725,notApplicable,0.0,applicable,5.8,applicable,1.55,notApplicable,0.0,10129100
"Sathyamangalam Rd, Edayarpalayam, Erode","Sathyamangalam Rd, Edayarpalayam",Erode,Erode,Tamil Nadu,592,Independent House,3,3,2004,Good,11.349,77.6951,applicable,1.57,applicable,2.92,notApplicable,0.0,applicable,0.72,1665200
"Sathyamangalam Rd, Edayarpalayam, Erode","Sathyamangalam Rd, Edayarpalayam",Erode,Erode,Tamil Nadu,1002,Apartment,2,1,2019,Needs Renovation,11.349,77.6951,notApplicable,0.0,applicable,2.45,notApplicable,0.0,applicable,3.87,1969700
"Rajapalayam Rd, Virudhunagar",Rajapalayam Rd,Virudhunagar,Virudhunagar,Tamil Nadu,2745,Villa,5,5,1994,Needs Renovation,9.4523,77.5533,notApplicable,0.0,applicable,5.57,applicable,6.51,applicable,1.64,5585500
"NH 44, Tirunelveli, Tirunelveli","NH 44, Tirunelveli",Tirunelveli,Tirunelveli,Tamil Nadu,484,Villa,3,3,2005,Excellent,8.7139,77.7567,applicable,5.06,applicable,2.72,notApplicable,0.0,applicable,1.55,1389800
"Simmakkal, Madurai",Simmakkal,Madurai,Madurai,Tamil Nadu,3406,Villa,4,5,2011,Good,9.921,78.1197,applicable,1.91,applicable,1.7,notApplicable,0.0,applicable,1.84,14220400
"Dindigul Rd, Palani, Palani","Dindigul Rd, Palani",Palani,Dindigul,Tamil Nadu,896,Independent House,3,3,2022,Needs Renovation,10.4508,77.5148,applicable,5.95,applicable,3.02,applicable,2.55,applicable,4.13,2432300
"Alagarkoil Rd, Madurai",Alagarkoil Rd,Madurai,Madurai,Tamil Nadu,3357,Duplex,4,4,2022,Good,9.9677,78.1653,applicable,1.02,applicable,4.33,notApplicable,0.0,applicable,3.52,11735200
"Sathyamangalam Rd, Edayarpalayam, Erode","Sathyamangalam Rd, Edayarpalayam",Erode,Erode,Tamil Nadu,592,Apartment,4,3,2017,Good,11.349,77.6951,notApplicable,0.0,notApplicable,0.0,applicable,3.8,applicable,1.06,1439100
"Alagarkoil Rd, Madurai",Alagarkoil Rd,Madurai,Madurai,Tamil Nadu,912,Independent House,5,6,2005,Excellent,9.9677,78.1653,applicable,2.09,applicable,3.84,notApplicable,0.0,applicable,0.69,3503200
"MTP Rd, Coimbatore",MTP Rd,Coimbatore,Coimbatore,Tamil Nadu,641,Independent House,2,1,2012,Good,11.0616,76.9366,applicable,2.88,notApplicable,0.0,notApplicable,0.0,applicable,2.01,2611700
"100 Feet Rd, Velachery, Chennai","100 Feet Rd, Velachery",Chennai,Chennai,Tamil Nadu,542,Independent House,2,3,2019,Excellent,12.9791,80.2209,applicable,4.92,applicable,4.92,applicable,0.97,applicable,2.32,3846100
"Sathyamangalam Rd, Edayarpalayam, Erode","Sathyamangalam Rd, Edayarpalayam",Erode,Erode,Tamil Nadu,549,Apartment,4,4,1996,Needs Renovation,11.349,77.6951,notApplicable,0.0,applicable,1.53,applicable,9.53,applicable,2.1,959000
"Dindigul Rd, Palani, Palani","Dindigul Rd, Palani",Palani,Dindigul,Tamil Nadu,1056,Villa,2,1,1999,Good,10.4508,77.5148,applicable,3.59,applicable,2.26,notApplicable,0.0,applicable,0.41,4554100
"Trichy Rd, Singanallur, Coimbatore","Trichy Rd, Singanallur",Coimbatore,Coimbatore,Tamil Nadu,504,Independent House,3,3,1998,Excellent,10.9979,76.9994,applicable,5.77,applicable,3.07,notApplicable,0.0,applicable,2.45,2021500
"Alagarkoil Rd, Madurai",Alagarkoil Rd,Madurai,Madurai,Tamil Nadu,972,Villa,2,2,2025,Needs Renovation,9.9677,78.1653,notApplicable,0.0,notApplicable,0.0,notApplicable,0.0,applicable,2.9,3583300
"MTP Rd, Coimbatore",MTP Rd,Coimbatore,Coimbatore,Tamil Nadu,451,Villa,1,1,2017,Excellent,11.0616,76.9366,applicable,1.73,applicable,3.57,applicable,2.41,notApplicable,0.0,2384800
"Rajapalayam Rd, Virudhunagar",Rajapalayam Rd,Virudhunagar,Virudhunagar,Tamil Nadu,2437,Duplex,2,2,2008,Needs Renovation,9.4523,77.5533,applicable,5.75,applicable,4.28,notApplicable,0.0,applicable,4.59,4402700
"NH 44, Tirunelveli, Tirunelveli","NH 44, Tirunelveli",Tirunelveli,Tirunelveli,Tamil Nadu,775,Apartment,4,3,2017,Needs Renovation,8.7139,77.7567,applicable,2.38,applicable,5.95,applicable,6.83,applicable,0.66,1243700
"Ettayapuram Rd, Thoothukudi",Ettayapuram Rd,Thoothukudi,Thoothukudi,Tamil Nadu,972,Villa,4,5,1990,Needs Renovation,8.813,78.1341,applicable,5.32,notApplicable,0.0,notApplicable,0.0,applicable,1.27,2134000
"Trichy Rd, Singanallur, Coimbatore","Trichy Rd, Singanallur",Coimbatore,Coimbatore,Tamil Nadu,731,Independent House,3,4,2001,Needs Renovation,10.9979,76.9994,applicable,1.98,applicable,0.3,notApplicable,0.0,applicable,0.87,2761000
"Trichy Rd, Singanallur, Coimbatore","Trichy Rd, Singanallur",Coimbatore,Coimbatore,Tamil Nadu,1425,Apartment,3,3,1990,Needs Renovation,10.9979,76.9994,applicable,2.32,applicable,2.98,notApplicable,0.0,applicable,2.65,3408800
"Avinashi Rd, Peelamedu, Coimbatore","Avinashi Rd, Peelamedu",Coimbatore,Coimbatore,Tamil Nadu,565,Apartment,4,5,2004,Excellent,11.0183,76.997,applicable,2.06,applicable,1.46,applicable,7.73,notApplicable,0.0,2086800
"Dindigul Rd, Palani, Palani","Dindigul Rd, Palani",Palani,Dindigul,Tamil Nadu,1046,Villa,5,5,2025,Good,10.4508,77.5148,notApplicable,0.0,applicable,5.55,applicable,9.83,applicable,3.53,4603800
"Ettayapuram Rd, Thoothukudi",Ettayapuram Rd,Thoothukudi,Thoothukudi,Tamil Nadu,1502,Duplex,5,5,1990,Good,8.813,78.1341,applicable,3.39,applicable,5.83,notApplicable,0.0,notApplicable,0.0,3060800
"Avinashi Rd, Peelamedu, Coimbatore","Avinashi Rd, Peelamedu",Coimbatore,Coimbatore,Tamil Nadu,1922,Apartment,2,2,2006,Needs Renovation,11.0183,76.997,notApplicable,0.0,applicable,0.63,notApplicable,0.0,applicable,4.81,5780700
"Dindigul Rd, Palani, Palani","Dindigul Rd, Palani",Palani,Dindigul,Tamil Nadu,752,Apartment,1,1,2019,Excellent,10.4508,77.5148,applicable,5.33,notApplicable,0.0,applicable,1.59,notApplicable,0.0,2908300
"Sathyamangalam Rd, Edayarpalayam, Erode","Sathyamangalam Rd, Edayarpalayam",Erode,Erode,Tamil Nadu,727,Villa,1,1,2000,Good,11.349,77.6951,applicable,3.74,applicable,0.88,applicable,2.06,applicable,1.5,1944700
"Simmakkal, Madurai",Simmakkal,Madurai,Madurai,Tamil Nadu,851,Independent House,4,4,2015,Excellent,9.921,78.1197,applicable,5.1,notApplicable,0.0,notApplicable,0.0,applicable,0.26,3910300
"Rajapalayam Rd, Virudhunagar",Rajapalayam Rd,Virudhunagar,Virudhunagar,Tamil Nadu,848,Duplex,4,4,2018,Needs Renovation,9.4523,77.5533,notApplicable,0.0,notApplicable,0.0,applicable,9.38,notApplicable,0.0,2090200
"Alagarkoil Rd, Madurai",Alagarkoil Rd,Madurai,Madurai,Tamil Nadu,2195,Independent House,4,5,1990,Good,9.9677,78.1653,applicable,2.5,applicable,3.67,applicable,7.85,notApplicable,0.0,5971700
"Trichy Rd, Singanallur, Coimbatore","Trichy Rd, Singanallur",Coimbatore,Coimbatore,Tamil Nadu,1574,Villa,3,4,2022,Good,10.9979,76.9994,applicable,3.74,notApplicable,0.0,applicable,6.36,applicable,0.33,7909500
"Dindigul Rd, Palani, Palani","Dindigul Rd, Palani",Palani,Dindigul,Tamil Nadu,3878,Villa,5,5,2022,Good,10.4508,77.5148,applicable,2.12,applicable,5.18,applicable,6.48,applicable,0.9,16488900
"100 Feet Rd, Velachery, Chennai","100 Feet Rd, Velachery",Chennai,Chennai,Tamil Nadu,787,Apartment,2,2,2006,Needs Renovation,12.9791,80.2209,notApplicable,0.0,notApplicable,0.0,notApplicable,0.0,applicable,2.51,3772800
"MTP Rd, Coimbatore",MTP Rd,Coimbatore,Coimbatore,Tamil Nadu,2727,Apartment,3,2,1998,Needs Renovation,11.0616,76.9366,applicable,3.67,applicable,4.43,applicable,5.69,notApplicable,0.0,6362100
"Gandhipuram Cross Cut, Coimbatore",Gandhipuram Cross Cut,Coimbatore,Coimbatore,Tamil Nadu,696,Duplex,5,5,2004,Good,11.0175,76.9725,notApplicable,0.0,applicable,0.97,notApplicable,0.0,applicable,3.61,3111300
"Alagarkoil Rd, Madurai",Alagarkoil Rd,Madurai,Madurai,Tamil Nadu,377,Duplex,3,4,2005,Excellent,9.9677,78.1653,applicable,2.66,applicable,0.35,notApplicable,0.0,applicable,2.76,1529100
"Simmakkal, Madurai",Simmakkal,Madurai,Madurai,Tamil Nadu,1481,Duplex,1,2,2007,Excellent,9.921,78.1197,applicable,3.21,applicable,1.72,notApplicable,0.0,applicable,3.39,5218800
"Rajapalayam Rd, Virudhunagar",Rajapalayam Rd,Virudhunagar,Virudhunagar,Tamil Nadu,607,Independent House,1,1,2024,Needs Renovation,9.4523,77.5533,notApplicable,0.0,applicable,2.9,applicable,4.71,applicable,1.69,1144700
"Alagarkoil Rd, Madurai",Alagarkoil Rd,Madurai,Madurai,Tamil Nadu,867,Duplex,3,4,2019,Excellent,9.9677,78.1653,notApplicable,0.0,notApplicable,0.0,notApplicable,0.0,applicable,1.96,4369300
"Simmakkal, Madurai",Simmakkal,Madurai,Madurai,Tamil Nadu,588,Villa,3,2,2000,Needs Renovation,9.921,78.1197,applicable,2.02,notApplicable,0.0,applicable,7.88,notApplicable,0.0,1866800
"Simmakkal, Madurai",Simmakkal,Madurai,Madurai,Tamil Nadu,3674,Villa,2,3,1997,Good,9.921,78.1197,applicable,2.72,applicable,0.32,notApplicable,0.0,applicable,2.67,12927200
"Bypass Rd, Madurai",Bypass Rd,Madurai,Madurai,Tamil Nadu,393,Villa,1,1,2013,Needs Renovation,9.924,78.135,notApplicable,0.0,applicable,2.92,applicable,7.19,notApplicable,0.0,1351500
"Avinashi Rd, Peelamedu, Coimbatore","Avinashi Rd, Peelamedu",Coimbatore,Coimbatore,Tamil Nadu,2600,Independent House,5,5,1995,Excellent,11.0183,76.997,notApplicable,0.0,applicable,5.25,notApplicable,0.0,applicable,0.65,11858700
"Gandhipuram Cross Cut, Coimbatore",Gandhipuram Cross Cut,Coimbatore,Coimbatore,Tamil Nadu,1044,Villa,4,4,2000,Excellent,11.0175,76.9725,applicable,5.45,applicable,0.27,applicable,4.92,applicable,3.82,4273500
"Sathyamangalam Rd, Edayarpalayam, Erode","Sathyamangalam Rd, Edayarpalayam",Erode,Erode,Tamil Nadu,2691,Apartment,5,4,2002,Needs Renovation,11.349,77.6951,notApplicable,0.0,applicable,1.02,applicable,8.85,applicable,1.6,5210200
"Gandhipuram Cross Cut, Coimbatore",Gandhipuram Cross Cut,Coimbatore,Coimbatore,Tamil Nadu,634,Duplex,3,3,2020,Excellent,11.0175,76.9725,notApplicable,0.0,applicable,5.25,applicable,9.92,applicable,3.0,2556400
"Ettayapuram Rd, Thoothukudi",Ettayapuram Rd,Thoothukudi,Thoothukudi,Tamil Nadu,652,Duplex,1,1,2024,Needs Renovation,8.813,78.1341,notApplicable,0.0,notApplicable,0.0,notApplicable,0.0,applicable,1.27,1777100
"Trichy Rd, Singanallur, Coimbatore","Trichy Rd, Singanallur",Coimbatore,Coimbatore,Tamil Nadu,2186,Duplex,5,5,2011,Needs Renovation,10.9979,76.9994,notApplicable,0.0,applicable,2.22,applicable,1.59,applicable,2.1,7594600
"100 Feet Rd, Velachery, Chennai","100 Feet Rd, Velachery",Chennai,Chennai,Tamil Nadu,2511,Duplex,5,5,2008,Good,12.9791,80.2209,applicable,0.51,applicable,1.15,notApplicable,0.0,applicable,2.62,18814700
"Simmakkal, Madurai",Simmakkal,Madurai,Madurai,Tamil Nadu,3512,Independent House,3,3,2014,Excellent,9.921,78.1197,notApplicable,0.0,applicable,4.4,notApplicable,0.0,applicable,0.31,16070500
"East Coast Rd, Thiruvanmiyur, Chennai","East Coast Rd, Thiruvanmiyur",Chennai,Chennai,Tamil Nadu,1805,Apartment,5,5,1995,Needs Renovation,12.9834,80.259,applicable,1.78,notApplicable,0.0,notApplicable,0.0,applicable,4.57,7956600
"MTP Rd, Coimbatore",MTP Rd,Coimbatore,Coimbatore,Tamil Nadu,557,Independent House,4,4,2009,Excellent,11.0616,76.9366,applicable,1.69,applicable,0.21,applicable,3.0,applicable,1.98,2329800
"Trichy Rd, Singanallur, Coimbatore","Trichy Rd, Singanallur",Coimbatore,Coimbatore,Tamil Nadu,1893,Apartment,3,3,2000,Good,10.9979,76.9994,applicable,4.82,notApplicable,0.0,notApplicable,0.0,applicable,1.56,6209700
"Dindigul Rd, Palani, Palani","Dindigul Rd, Palani",Palani,Dindigul,Tamil Nadu,659,Duplex,5,5,1999,Excellent,10.4508,77.5148,applicable,3.73,applicable,5.7,applicable,3.73,applicable,2.68,2222300
"Sathyamangalam Rd, Edayarpalayam, Erode","Sathyamangalam Rd, Edayarpalayam",Erode,Erode,Tamil Nadu,3754,Apartment,3,3,1999,Excellent,11.349,77.6951,applicable,4.82,applicable,4.36,applicable,8.59,applicable,3.42,6915000
"East Coast Rd, Thiruvanmiyur, Chennai","East Coast Rd, Thiruvanmiyur",Chennai,Chennai,Tamil Nadu,4149,Villa,1,2,2009,Excellent,12.9834,80.259,applicable,4.11,applicable,5.16,notApplicable,0.0,applicable,1.26,30439400
"Rajapalayam Rd, Virudhunagar",Rajapalayam Rd,Virudhunagar,Virudhunagar,Tamil Nadu,1013,Villa,3,3,1996,Excellent,9.4523,77.5533,applicable,2.32,notApplicable,0.0,applicable,6.98,applicable,2.78,2677800
"100 Feet Rd, Velachery, Chennai","100 Feet Rd, Velachery",Chennai,Chennai,Tamil Nadu,1359,Independent House,1,1,2025,Needs Renovation,12.9791,80.2209,applicable,5.84,applicable,4.07,notApplicable,0.0,applicable,2.69,7609000
"Ettayapuram Rd, Thoothukudi",Ettayapuram Rd,Thoothukudi,Thoothukudi,Tamil Nadu,1010,Independent House,2,1,2016,Good,8.813,78.1341,applicable,5.9,applicable,2.17,notApplicable,0.0,applicable,4.07,2212000
"Trichy Rd, Singanallur, Coimbatore","Trichy Rd, Singanallur",Coimbatore,Coimbatore,Tamil Nadu,926,Apartment,3,2,2003,Excellent,10.9979,76.9994,applicable,4.68,applicable,5.12,applicable,8.73,applicable,3.1,2533100
"MTP Rd, Coimbatore",MTP Rd,Coimbatore,Coimbatore,Tamil Nadu,929,Independent House,2,1,2023,Needs Renovation,11.0616,76.9366,notApplicable,0.0,applicable,2.98,notApplicable,0.0,applicable,1.27,3729900
"Dindigul Rd, Palani, Palani","Dindigul Rd, Palani",Palani,Dindigul,Tamil Nadu,759,Independent House,4,5,1994,Excellent,10.4508,77.5148,applicable,4.93,notApplicable,0.0,notApplicable,0.0,applicable,0.98,3263200
"Trichy Rd, Singanallur, Coimbatore","Trichy Rd, Singanallur",Coimbatore,Coimbatore,Tamil Nadu,2274,Apartment,3,3,2024,Excellent,10.9979,76.9994,applicable,3.54,notApplicable,0.0,notApplicable,0.0,applicable,0.62,10024200
"Simmakkal, Madurai",Simmakkal,Madurai,Madurai,Tamil Nadu,2079,Independent House,3,2,1999,Good,9.921,78.1197,applicable,0.76,applicable,1.0,notApplicable,0.0,applicable,4.23,6958100
"Dindigul Rd, Palani, Palani","Dindigul Rd, Palani",Palani,Dindigul,Tamil Nadu,1585,Duplex,3,3,2020,Needs Renovation,10.4508,77.5148,applicable,4.94,applicable,0.73,notApplicable,0.0,notApplicable,0.0,6297400
"Trichy Rd, Singanallur, Coimbatore","Trichy Rd, Singanallur",Coimbatore,Coimbatore,Tamil Nadu,630,Villa,1,1,1994,Needs Renovation,10.9979,76.9994,applicable,0.98,applicable,4.99,notApplicable,0.0,applicable,0.56,2497500
"NH 44, Tirunelveli, Tirunelveli","NH 44, Tirunelveli",Tirunelveli,Tirunelveli,Tamil Nadu,676,Apartment,2,3,1999,Excellent,8.7139,77.7567,applicable,1.91,applicable,4.39,applicable,2.16,applicable,1.82,1464600
"100 Feet Rd, Velachery, Chennai","100 Feet Rd, Velachery",Chennai,Chennai,Tamil Nadu,2048,Independent House,4,5,2004,Excellent,12.9791,80.2209,applicable,5.72,applicable,0.51,applicable,4.16,notApplicable,0.0,13159200
"MTP Rd, Coimbatore",MTP Rd,Coimbatore,Coimbatore,Tamil Nadu,4062,Villa,3,4,2017,Good,11.0616,76.9366,notApplicable,0.0,applicable,4.25,applicable,4.2,applicable,2.52,18057500
"Rajapalayam Rd, Virudhunagar",Rajapalayam Rd,Virudhunagar,Virudhunagar,Tamil Nadu,1102,Villa,3,3,1992,Good,9.4523,77.5533,applicable,1.88,applicable,2.81,notApplicable,0.0,applicable,0.36,2693800
"Sathyamangalam Rd, Edayarpalayam, Erode","Sathyamangalam Rd, Edayarpalayam",Erode,Erode,Tamil Nadu,379,Villa,3,4,2004,Excellent,11.349,77.6951,applicable,1.56,applicable,5.33,applicable,6.23,notApplicable,0.0,1135100
"East Coast Rd, Thiruvanmiyur, Chennai","East Coast Rd, Thiruvanmiyur",Chennai,Chennai,Tamil Nadu,1931,Villa,3,2,1995,Good,12.9834,80.259,applicable,3.74,applicable,4.78,applicable,7.19,applicable,2.14,10616200
"NH 44, Tirunelveli, Tirunelveli","NH 44, Tirunelveli",Tirunelveli,Tirunelveli,Tamil Nadu,1727,Villa,4,4,2010,Good,8.7139,77.7567,applicable,3.48,applicable,4.62,notApplicable,0.0,applicable,2.47,4244400
"MTP Rd, Coimbatore",MTP Rd,Coimbatore,Coimbatore,Tamil Nadu,1780,Villa,4,4,2020,Good,11.0616,76.9366,applicable,3.26,applicable,0.56,notApplicable,0.0,notApplicable,0.0,9817400
"Sathyamangalam Rd, Edayarpalayam, Erode","Sathyamangalam Rd, Edayarpalayam",Erode,Erode,Tamil Nadu,1020,Independent House,2,1,2022,Excellent,11.349,77.6951,applicable,3.23,applicable,4.71,notApplicable,0.0,notApplicable,0.0,3439100
"Trichy Rd, Singanallur, Coimbatore","Trichy Rd, Singanallur",Coimbatore,Coimbatore,Tamil Nadu,753,Villa,3,4,2020,Excellent,10.9979,76.9994,applicable,2.15,applicable,1.45,notApplicable,0.0,applicable,4.51,3738900
"Dindigul Rd, Palani, Palani","Dindigul Rd, Palani",Palani,Dindigul,Tamil Nadu,3783,Villa,3,2,2025,Good,10.4508,77.5148,applicable,3.46,applicable,1.62,applicable,1.22,applicable,3.45,14869400
"Trichy Rd, Singanallur, Coimbatore","Trichy Rd, Singanallur",Coimbatore,Coimbatore,Tamil Nadu,2416,Villa,5,5,1994,Needs Renovation,10.9979,76.9994,applicable,2.45,applicable,4.73,applicable,2.61,notApplicable,0.0,8384600
"Ettayapuram Rd, Thoothukudi",Ettayapuram Rd,Thoothukudi,Thoothukudi,Tamil Nadu,620,Duplex,1,1,1992,Excellent,8.813,78.1341,notApplicable,0.0,applicable,1.73,notApplicable,0.0,applicable,4.18,1666600
"NH 44, Tirunelveli, Tirunelveli","NH 44, Tirunelveli",Tirunelveli,Tirunelveli,Tamil Nadu,512,Duplex,5,5,2018,Good,8.7139,77.7567,applicable,0.45,applicable,5.82,applicable,6.55,applicable,4.57,1293100
"Sathyamangalam Rd, Edayarpalayam, Erode","Sathyamangalam Rd, Edayarpalayam",Erode,Erode,Tamil Nadu,700,Villa,3,4,2014,Needs Renovation,11.349,77.6951,notApplicable,0.0,applicable,5.48,applicable,7.97,applicable,4.07,1556600
"Sathyamangalam Rd, Edayarpalayam, Erode","Sathyamangalam Rd, Edayarpalayam",Erode,Erode,Tamil Nadu,710,Villa,1,1,2015,Needs Renovation,11.349,77.6951,notApplicable,0.0,notApplicable,0.0,notApplicable,0.0,applicable,0.57,2433500
"East Coast Rd, Thiruvanmiyur, Chennai","East Coast Rd, Thiruvanmiyur",Chennai,Chennai,Tamil Nadu,672,Duplex,5,5,2007,Needs Renovation,12.9834,80.259,applicable,3.77,applicable,5.43,applicable,8.51,applicable,0.29,3551000
"Trichy Rd, Singanallur, Coimbatore","Trichy Rd, Singanallur",Coimbatore,Coimbatore,Tamil Nadu,4080,Villa,2,2,1999,Good,10.9979,76.9994,applicable,5.52,applicable,5.63,notApplicable,0.0,notApplicable,0.0,17553200
"Bypass Rd, Madurai",Bypass Rd,Madurai,Madurai,Tamil Nadu,3996,Apartment,2,2,2006,Good,9.924,78.135,notApplicable,0.0,applicable,1.11,applicable,3.12,applicable,3.72,11579600
"East Coast Rd, Thiruvanmiyur, Chennai","East Coast Rd, Thiruvanmiyur",Chennai,Chennai,Tamil Nadu,1992,Apartment,3,4,2012,Needs Renovation,12.9834,80.259,notApplicable,0.0,applicable,1.02,notApplicable,0.0,applicable,1.33,11149200
"Bypass Rd, Madurai",Bypass Rd,Madurai,Madurai,Tamil Nadu,2430,Independent House,3,4,2021,Excellent,9.924,78.135,notApplicable,0.0,notApplicable,0.0,applicable,4.31,applicable,3.48,9810100
"Gandhipuram Cross Cut, Coimbatore",Gandhipuram Cross Cut,Coimbatore,Coimbatore,Tamil Nadu,3030,Duplex,3,3,2023,Excellent,11.0175,76.9725,applicable,1.33,applicable,0.56,notApplicable,0.0,applicable,4.61,17100000
"Rajapalayam Rd, Virudhunagar",Rajapalayam Rd,Virudhunagar,Virudhunagar,Tamil Nadu,2973,Duplex,4,4,2014,Excellent,9.4523,77.5533,applicable,5.68,notApplicable,0.0,notApplicable,0.0,notApplicable,0.0,8689400
"Rajapalayam Rd, Virudhunagar",Rajapalayam Rd,Virudhunagar,Virudhunagar,Tamil Nadu,2714,Apartment,4,4,2010,Good,9.4523,77.5533,notApplicable,0.0,notApplicable,0.0,notApplicable,0.0,notApplicable,0.0,6770400
"Bypass Rd, Madurai",Bypass Rd,Madurai,Madurai,Tamil Nadu,2690,Apartment,3,3,2006,Excellent,9.924,78.135,applicable,3.22,applicable,5.12,applicable,7.81,notApplicable,0.0,7127100
"Ettayapuram Rd, Thoothukudi",Ettayapuram Rd,Thoothukudi,Thoothukudi,Tamil Nadu,1967,Independent House,5,5,1998,Good,8.813,78.1341,notApplicable,0.0,applicable,2.68,notApplicable,0.0,applicable,1.6,4853900
"Gandhipuram Cross Cut, Coimbatore",Gandhipuram Cross Cut,Coimbatore,Coimbatore,Tamil Nadu,370,Independent House,2,3,2016,Good,11.0175,76.9725,notApplicable,0.0,notApplicable,0.0,notApplicable,0.0,applicable,4.59,1698700
"NH 44, Tirunelveli, Tirunelveli","NH 44, Tirunelveli",Tirunelveli,Tirunelveli,Tamil Nadu,1336,Villa,2,2,2014,Good,8.7139,77.7567,applicable,3.67,applicable,4.46,applicable,4.45,applicable,1.89,3268700
"Alagarkoil Rd, Madurai",Alagarkoil Rd,Madurai,Madurai,Tamil Nadu,1150,Apartment,1,1,2004,Needs Renovation,9.9677,78.1653,applicable,2.32,applicable,2.85,notApplicable,0.0,applicable,4.86,2382500
"Trichy Rd, Singanallur, Coimbatore","Trichy Rd, Singanallur",Coimbatore,Coimbatore,Tamil Nadu,656,Duplex,2,2,1994,Good,10.9979,76.9994,applicable,3.36,applicable,5.28,notApplicable,0.0,applicable,4.61,2161500
"Rajapalayam Rd, Virudhunagar",Rajapalayam Rd,Virudhunagar,Virudhunagar,Tamil Nadu,2098,Apartment,3,4,1998,Excellent,9.4523,77.5533,notApplicable,0.0,applicable,3.43,applicable,1.38,notApplicable,0.0,4266800
"Rajapalayam Rd, Virudhunagar",Rajapalayam Rd,Virudhunagar,Virudhunagar,Tamil Nadu,2478,Villa,2,1,2014,Good,9.4523,77.5533,applicable,1.29,applicable,0.25,applicable,6.51,applicable,0.95,7535300
"100 Feet Rd, Velachery, Chennai","100 Feet Rd, Velachery",Chennai,Chennai,Tamil Nadu,654,Apartment,3,3,1995,Needs Renovation,12.9791,80.2209,applicable,5.15,applicable,5.19,notApplicable,0.0,applicable,4.96,2352900
"Trichy Rd, Singanallur, Coimbatore","Trichy Rd, Singanallur",Coimbatore,Coimbatore,Tamil Nadu,1182,Villa,1,2,2006,Needs Renovation,10.9979,76.9994,applicable,1.37,applicable,5.45,notApplicable,0.0,applicable,2.58,4636200
"Bypass Rd, Madurai",Bypass Rd,Madurai,Madurai,Tamil Nadu,1334,Independent House,1,1,2024,Good,9.924,78.135,applicable,3.03,applicable,2.15,notApplicable,0.0,applicable,4.0,4831100
"Sathyamangalam Rd, Edayarpalayam, Erode","Sathyamangalam Rd, Edayarpalayam",Erode,Erode,Tamil Nadu,3833,Villa,2,2,2011,Good,11.349,77.6951,applicable,0.91,applicable,0.25,notApplicable,0.0,applicable,1.57,14013300
"Bypass Rd, Madurai",Bypass Rd,Madurai,Madurai,Tamil Nadu,2036,Independent House,3,3,1992,Needs Renovation,9.924,78.135,applicable,0.94,applicable,4.52,notApplicable,0.0,applicable,3.01,5520400
"Avinashi Rd, Peelamedu, Coimbatore","Avinashi Rd, Peelamedu",Coimbatore,Coimbatore,Tamil Nadu,432,Apartment,2,2,2012,Excellent,11.0183,76.997,applicable,2.52,notApplicable,0.0,applicable,2.46,applicable,4.23,1536400
"MTP Rd, Coimbatore",MTP Rd,Coimbatore,Coimbatore,Tamil Nadu,2822,Apartment,1,1,1996,Needs Renovation,11.0616,76.9366,notApplicable,0.0,applicable,4.07,applicable,3.97,applicable,1.06,6984800
"Trichy Rd, Singanallur, Coimbatore","Trichy Rd, Singanallur",Coimbatore,Coimbatore,Tamil Nadu,2373,Independent House,3,3,2025,Good,10.9979,76.9994,notApplicable,0.0,applicable,2.08,applicable,7.0,applicable,3.08,9340300
"MTP Rd, Coimbatore",MTP Rd,Coimbatore,Coimbatore,Tamil Nadu,1283,Independent House,5,5,2011,Good,11.0616,76.9366,applicable,1.83,notApplicable,0.0,applicable,6.9,applicable,1.09,4924000
"East Coast Rd, Thiruvanmiyur, Chennai","East Coast Rd, Thiruvanmiyur",Chennai,Chennai,Tamil Nadu,2482,Duplex,5,5,1999,Needs Renovation,12.9834,80.259,applicable,4.01,applicable,4.78,applicable,0.95,applicable,2.99,11993100
"MTP Rd, Coimbatore",MTP Rd,Coimbatore,Coimbatore,Tamil Nadu,680,Villa,5,5,2015,Needs Renovation,11.0616,76.9366,applicable,4.97,notApplicable,0.0,applicable,2.75,applicable,0.59,2913200
"East Coast Rd, Thiruvanmiyur, Chennai","East Coast Rd, Thiruvanmiyur",Chennai,Chennai,Tamil Nadu,461,Villa,4,4,1996,Needs Renovation,12.9834,80.259,applicable,1.62,applicable,5.87,notApplicable,0.0,applicable,1.32,2556800
"Alagarkoil Rd, Madurai",Alagarkoil Rd,Madurai,Madurai,Tamil Nadu,608,Duplex,3,4,1995,Excellent,9.9677,78.1653,applicable,4.84,applicable,3.19,applicable,4.66,notApplicable,0.0,2003000
"Trichy Rd, Singanallur, Coimbatore","Trichy Rd, Singanallur",Coimbatore,Coimbatore,Tamil Nadu,1040,Apartment,1,2,2008,Good,10.9979,76.9994,notApplicable,0.0,applicable,2.92,notApplicable,0.0,applicable,1.53,3816500
"Trichy Rd, Singanallur, Coimbatore","Trichy Rd, Singanallur",Coimbatore,Coimbatore,Tamil Nadu,664,Villa,1,2,2005,Excellent,10.9979,76.9994,notApplicable,0.0,notApplicable,0.0,applicable,8.94,applicable,3.56,3115900
"Alagarkoil Rd, Madurai",Alagarkoil Rd,Madurai,Madurai,Tamil Nadu,3827,Apartment,4,3,2001,Good,9.9677,78.1653,applicable,5.63,applicable,3.54,applicable,6.9,applicable,0.19,10092600
"MTP Rd, Coimbatore",MTP Rd,Coimbatore,Coimbatore,Tamil Nadu,3225,Independent House,3,3,1998,Good,11.0616,76.9366,notApplicable,0.0,applicable,4.31,applicable,1.11,applicable,3.4,10817100
"Ettayapuram Rd, Thoothukudi",Ettayapuram Rd,Thoothukudi,Thoothukudi,Tamil Nadu,797,Independent House,5,6,1993,Excellent,8.813,78.1341,applicable,5.43,applicable,3.03,notApplicable,0.0,applicable,2.0,1738600
"NH 44, Tirunelveli, Tirunelveli","NH 44, Tirunelveli",Tirunelveli,Tirunelveli,Tamil Nadu,807,Duplex,1,1,2022,Needs Renovation,8.7139,77.7567,applicable,3.74,applicable,2.97,notApplicable,0.0,applicable,3.06,1595000
"Alagarkoil Rd, Madurai",Alagarkoil Rd,Madurai,Madurai,Tamil Nadu,2155,Duplex,4,3,1996,Needs Renovation,9.9677,78.1653,applicable,2.05,applicable,0.93,notApplicable,0.0,applicable,2.12,6161100
"Ettayapuram Rd, Thoothukudi",Ettayapuram Rd,Thoothukudi,Thoothukudi,Tamil Nadu,380,Duplex,4,4,1995,Good,8.813,78.1341,notApplicable,0.0,applicable,4.65,applicable,4.88,notApplicable,0.0,836000
"Avinashi Rd, Peelamedu, Coimbatore","Avinashi Rd, Peelamedu",Coimbatore,Coimbatore,Tamil Nadu,3786,Duplex,2,2,2011,Needs Renovation,11.0183,76.997,applicable,5.2,applicable,5.29,notApplicable,0.0,applicable,1.67,13375900
"Bypass Rd, Madurai",Bypass Rd,Madurai,Madurai,Tamil Nadu,3392,Villa,4,3,2011,Good,9.924,78.135,applicable,4.48,applicable,5.68,applicable,3.23,applicable,1.25,11115900
"Avinashi Rd, Peelamedu, Coimbatore","Avinashi Rd, Peelamedu",Coimbatore,Coimbatore,Tamil Nadu,2822,Duplex,3,4,2009,Needs Renovation,11.0183,76.997,notApplicable,0.0,applicable,3.33,applicable,1.59,applicable,4.25,10051200
"Sathyamangalam Rd, Edayarpalayam, Erode","Sathyamangalam Rd, Edayarpalayam",Erode,Erode,Tamil Nadu,1190,Independent House,3,4,2020,Good,11.349,77.6951,notApplicable,0.0,notApplicable,0.0,applicable,1.12,applicable,0.42,3889900
"Gandhipuram Cross Cut, Coimbatore",Gandhipuram Cross Cut,Coimbatore,Coimbatore,Tamil Nadu,3031,Duplex,2,3,2007,Good,11.0175,76.9725,applicable,2.17,applicable,1.58,applicable,8.12,applicable,4.2,11673200
"Ettayapuram Rd, Thoothukudi",Ettayapuram Rd,Thoothukudi,Thoothukudi,Tamil Nadu,2031,Duplex,2,3,2016,Good,8.813,78.1341,applicable,5.28,applicable,4.94,notApplicable,0.0,applicable,3.2,4932300
"Rajapalayam Rd, Virudhunagar",Rajapalayam Rd,Virudhunagar,Virudhunagar,Tamil Nadu,3560,Independent House,3,2,1992,Needs Renovation,9.4523,77.5533,notApplicable,0.0,applicable,5.43,applicable,7.62,applicable,3.83,5737100
"MTP Rd, Coimbatore",MTP Rd,Coimbatore,Coimbatore,Tamil Nadu,369,Villa,3,3,2020,Needs Renovation,11.0616,76.9366,applicable,5.54,notApplicable,0.0,applicable,8.25,applicable,4.58,1295000
"Gandhipuram Cross Cut, Coimbatore",Gandhipuram Cross Cut,Coimbatore,Coimbatore,Tamil Nadu,1481,Apartment,5,5,2020,Needs Renovation,11.0175,76.9725,notApplicable,0.0,applicable,3.25,notApplicable,0.0,applicable,2.61,4479800
"Simmakkal, Madurai",Simmakkal,Madurai,Madurai,Tamil Nadu,1691,Duplex,5,6,1995,Excellent,9.921,78.1197,applicable,5.09,applicable,2.62,applicable,6.65,notApplicable,0.0,5635300
"Bypass Rd, Madurai",Bypass Rd,Madurai,Madurai,Tamil Nadu,1376,Apartment,1,1,1998,Good,9.924,78.135,applicable,3.34,notApplicable,0.0,applicable,6.77,notApplicable,0.0,3704700
"NH 44, Tirunelveli, Tirunelveli","NH 44, Tirunelveli",Tirunelveli,Tirunelveli,Tamil Nadu,1428,Apartment,2,1,2010,Excellent,8.7139,77.7567,applicable,2.77,applicable,2.56,notApplicable,0.0,applicable,4.24,3361400
"Avinashi Rd, Peelamedu, Coimbatore","Avinashi Rd, Peelamedu",Coimbatore,Coimbatore,Tamil Nadu,3400,Duplex,1,1,2016,Needs Renovation,11.0183,76.997,applicable,3.87,applicable,3.49,applicable,7.67,notApplicable,0.0,11340600
"Dindigul Rd, Palani, Palani","Dindigul Rd, Palani",Palani,Dindigul,Tamil Nadu,3048,Duplex,1,1,2018,Good,10.4508,77.5148,applicable,1.34,applicable,1.94,notApplicable,0.0,notApplicable,0.0,13418500
"Ettayapuram Rd, Thoothukudi",Ettayapuram Rd,Thoothukudi,Thoothukudi,Tamil Nadu,1426,Villa,5,5,2009,Needs Renovation,8.813,78.1341,notApplicable,0.0,applicable,2.3,notApplicable,0.0,applicable,4.9,3211000
"Simmakkal, Madurai",Simmakkal,Madurai,Madurai,Tamil Nadu,694,Independent House,1,1,2001,Good,9.921,78.1197,applicable,1.66,applicable,5.33,applicable,8.08,applicable,3.64,1813300
"Avinashi Rd, Peelamedu, Coimbatore","Avinashi Rd, Peelamedu",Coimbatore,Coimbatore,Tamil Nadu,2784,Apartment,5,6,2015,Excellent,11.0183,76.997,notApplicable,0.0,applicable,5.15,notApplicable,0.0,applicable,3.33,11244000
"Trichy Rd, Singanallur, Coimbatore","Trichy Rd, Singanallur",Coimbatore,Coimbatore,Tamil Nadu,604,Apartment,4,4,2021,Good,10.9979,76.9994,applicable,5.44,applicable,4.65,notApplicable,0.0,notApplicable,0.0,2333800
"MTP Rd, Coimbatore",MTP Rd,Coimbatore,Coimbatore,Tamil Nadu,1041,Independent House,1,1,2014,Excellent,11.0616,76.9366,applicable,0.73,applicable,2.5,notApplicable,0.0,applicable,0.94,4920200
"Alagarkoil Rd, Madurai",Alagarkoil Rd,Madurai,Madurai,Tamil Nadu,3580,Duplex,2,2,2018,Needs Renovation,9.9677,78.1653,applicable,5.84,applicable,0.91,applicable,1.13,applicable,2.99,11502000
"Simmakkal, Madurai",Simmakkal,Madurai,Madurai,Tamil Nadu,3185,Apartment,4,3,1990,Excellent,9.921,78.1197,applicable,4.47,applicable,1.98,notApplicable,0.0,applicable,1.0,9316800
"Simmakkal, Madurai",Simmakkal,Madurai,Madurai,Tamil Nadu,2221,Apartment,4,4,2017,Good,9.921,78.1197,notApplicable,0.0,applicable,5.16,notApplicable,0.0,applicable,2.13,7008100
"Simmakkal, Madurai",Simmakkal,Madurai,Madurai,Tamil Nadu,1000,Villa,1,1,1999,Excellent,9.921,78.1197,applicable,3.96,notApplicable,0.0,applicable,2.47,applicable,1.9,4174800
"MTP Rd, Coimbatore",MTP Rd,Coimbatore,Coimbatore,Tamil Nadu,2773,Duplex,3,3,1990,Needs Renovation,11.0616,76.9366,applicable,5.48,applicable,0.85,applicable,1.73,applicable,0.95,9647800
"Alagarkoil Rd, Madurai",Alagarkoil Rd,Madurai,Madurai,Tamil Nadu,738,Independent House,1,1,2010,Good,9.9677,78.1653,notApplicable,0.0,applicable,4.67,applicable,1.93,applicable,4.79,2311300
"100 Feet Rd, Velachery, Chennai","100 Feet Rd, Velachery",Chennai,Chennai,Tamil Nadu,826,Apartment,4,3,1993,Excellent,12.9791,80.2209,applicable,4.13,applicable,2.69,notApplicable,0.0,applicable,0.65,4423400
"Rajapalayam Rd, Virudhunagar",Rajapalayam Rd,Virudhunagar,Virudhunagar,Tamil Nadu,1001,Villa,5,5,2005,Needs Renovation,9.4523,77.5533,applicable,3.17,applicable,3.4,applicable,8.07,applicable,2.66,1889100
"100 Feet Rd, Velachery, Chennai","100 Feet Rd, Velachery",Chennai,Chennai,Tamil Nadu,3314,Apartment,4,4,2001,Needs Renovation,12.9791,80.2209,applicable,3.7,applicable,4.32,applicable,6.35,notApplicable,0.0,12760500
"Sathyamangalam Rd, Edayarpalayam, Erode","Sathyamangalam Rd, Edayarpalayam",Erode,Erode,Tamil Nadu,431,Duplex,5,5,2015,Excellent,11.349,77.6951,applicable,5.47,notApplicable,0.0,notApplicable,0.0,applicable,3.92,1400400
"Dindigul Rd, Palani, Palani","Dindigul Rd, Palani",Palani,Dindigul,Tamil Nadu,2508,Villa,5,4,1993,Good,10.4508,77.5148,applicable,3.32,applicable,2.6,notApplicable,0.0,notApplicable,0.0,9799400
"MTP Rd, Coimbatore",MTP Rd,Coimbatore,Coimbatore,Tamil Nadu,430,Independent House,5,6,2006,Good,11.0616,76.9366,applicable,0.39,applicable,1.45,notApplicable,0.0,applicable,2.48,1711800
"Bypass Rd, Madurai",Bypass Rd,Madurai,Madurai,Tamil Nadu,828,Villa,2,2,2025,Needs Renovation,9.924,78.135,applicable,1.79,applicable,3.71,applicable,6.33,applicable,4.14,2621700
"East Coast Rd, Thiruvanmiyur, Chennai","East Coast Rd, Thiruvanmiyur",Chennai,Chennai,Tamil Nadu,1221,Duplex,2,2,2019,Good,12.9834,80.259,notApplicable,0.0,applicable,4.89,applicable,6.77,applicable,2.66,6931500
"Sathyamangalam Rd, Edayarpalayam, Erode","Sathyamangalam Rd, Edayarpalayam",Erode,Erode,Tamil Nadu,1906,Apartment,1,2,2017,Needs Renovation,11.349,77.6951,notApplicable,0.0,applicable,3.94,notApplicable,0.0,notApplicable,0.0,4536700
"Alagarkoil Rd, Madurai",Alagarkoil Rd,Madurai,Madurai,Tamil Nadu,591,Independent House,5,6,2004,Good,9.9677,78.1653,notApplicable,0.0,applicable,5.72,applicable,3.56,notApplicable,0.0,2080200
"Simmakkal, Madurai",Simmakkal,Madurai,Madurai,Tamil Nadu,2322,Duplex,4,4,1999,Excellent,9.921,78.1197,applicable,4.11,applicable,4.59,notApplicable,0.0,applicable,1.69,7769300
"Dindigul Rd, Palani, Palani","Dindigul Rd, Palani",Palani,Dindigul,Tamil Nadu,353,Duplex,4,5,2017,Needs Renovation,10.4508,77.5148,applicable,0.83,notApplicable,0.0,notApplicable,0.0,notApplicable,0.0,1439200
"Simmakkal, Madurai",Simmakkal,Madurai,Madurai,Tamil Nadu,2434,Apartment,2,1,2021,Good,9.921,78.1197,notApplicable,0.0,applicable,5.45,applicable,7.0,notApplicable,0.0,7902000
"Alagarkoil Rd, Madurai",Alagarkoil Rd,Madurai,Madurai,Tamil Nadu,1163,Villa,3,3,2010,Good,9.9677,78.1653,notApplicable,0.0,applicable,1.96,applicable,9.74,applicable,4.93,4085700
"Ettayapuram Rd, Thoothukudi",Ettayapuram Rd,Thoothukudi,Thoothukudi,Tamil Nadu,379,Duplex,4,4,2003,Excellent,8.813,78.1341,applicable,5.49,applicable,2.99,applicable,3.82,applicable,3.33,848200
"Rajapalayam Rd, Virudhunagar",Rajapalayam Rd,Virudhunagar,Virudhunagar,Tamil Nadu,732,Duplex,1,1,1998,Needs Renovation,9.4523,77.5533,notApplicable,0.0,applicable,0.86,notApplicable,0.0,applicable,2.32,1510100
"Dindigul Rd, Palani, Palani","Dindigul Rd, Palani",Palani,Dindigul,Tamil Nadu,988,Apartment,3,3,1998,Needs Renovation,10.4508,77.5148,applicable,3.57,notApplicable,0.0,notApplicable,0.0,applicable,2.87,2354700
"Rajapalayam Rd, Virudhunagar",Rajapalayam Rd,Virudhunagar,Virudhunagar,Tamil Nadu,1980,Apartment,3,3,1994,Needs Renovation,9.4523,77.5533,applicable,1.3,applicable,0.82,notApplicable,0.0,applicable,0.57,3674200
"Dindigul Rd, Palani, Palani","Dindigul Rd, Palani",Palani,Dindigul,Tamil Nadu,4197,Independent House,3,2,2025,Good,10.4508,77.5148,applicable,5.65,applicable,2.68,notApplicable,0.0,applicable,4.95,15286900
"Rajapalayam Rd, Virudhunagar",Rajapalayam Rd,Virudhunagar,Virudhunagar,Tamil Nadu,1841,Independent House,5,6,2009,Needs Renovation,9.4523,77.5533,applicable,5.18,applicable,5.57,applicable,0.95,applicable,1.92,3616300
"Rajapalayam Rd, Virudhunagar",Rajapalayam Rd,Virudhunagar,Virudhunagar,Tamil Nadu,1826,Apartment,1,1,2004,Good,9.4523,77.5533,applicable,5.05,applicable,5.11,applicable,8.38,applicable,0.24,3050400
"Dindigul Rd, Palani, Palani","Dindigul Rd, Palani",Palani,Dindigul,Tamil Nadu,3592,Independent House,4,4,2020,Needs Renovation,10.4508,77.5148,applicable,3.03,applicable,1.51,applicable,1.94,applicable,2.88,11144000
"MTP Rd, Coimbatore",MTP Rd,Coimbatore,Coimbatore,Tamil Nadu,3781,Apartment,5,4,1991,Excellent,11.0616,76.9366,applicable,4.63,notApplicable,0.0,applicable,8.76,applicable,1.02,12803500
"Avinashi Rd, Peelamedu, Coimbatore","Avinashi Rd, Peelamedu",Coimbatore,Coimbatore,Tamil Nadu,750,Duplex,4,4,2005,Good,11.0183,76.997,applicable,1.47,notApplicable,0.0,notApplicable,0.0,applicable,4.3,3064100
"Rajapalayam Rd, Virudhunagar",Rajapalayam Rd,Virudhunagar,Virudhunagar,Tamil Nadu,968,Villa,4,3,2003,Good,9.4523,77.5533,applicable,2.77,notApplicable,0.0,notApplicable,0.0,applicable,3.2,2580200
"Bypass Rd, Madurai",Bypass Rd,Madurai,Madurai,Tamil Nadu,461,Independent House,5,4,1992,Excellent,9.924,78.135,notApplicable,0.0,notApplicable,0.0,notApplicable,0.0,applicable,4.41,1805600
"NH 44, Tirunelveli, Tirunelveli","NH 44, Tirunelveli",Tirunelveli,Tirunelveli,Tamil Nadu,390,Independent House,3,3,2024,Needs Renovation,8.7139,77.7567,notApplicable,0.0,notApplicable,0.0,applicable,6.54,applicable,4.81,881500
"MTP Rd, Coimbatore",MTP Rd,Coimbatore,Coimbatore,Tamil Nadu,1923,Apartment,3,2,2008,Good,11.0616,76.9366,applicable,1.66,applicable,2.83,notApplicable,0.0,applicable,0.27,7346700
"Bypass Rd, Madurai",Bypass Rd,Madurai,Madurai,Tamil Nadu,2991,Independent House,3,3,2011,Excellent,9.924,78.135,notApplicable,0.0,applicable,4.86,applicable,4.54,applicable,1.87,10916300
"Alagarkoil Rd, Madurai",Alagarkoil Rd,Madurai,Madurai,Tamil Nadu,722,Villa,5,4,2017,Excellent,9.9677,78.1653,applicable,3.76,applicable,0.82,applicable,6.66,notApplicable,0.0,2985700
"Bypass Rd, Madurai",Bypass Rd,Madurai,Madurai,Tamil Nadu,1433,Apartment,3,3,2002,Excellent,9.924,78.135,applicable,1.34,applicable,2.7,applicable,8.24,applicable,4.74,4090200
"100 Feet Rd, Velachery, Chennai","100 Feet Rd, Velachery",Chennai,Chennai,Tamil Nadu,844,Duplex,2,2,2004,Needs Renovation,12.9791,80.2209,notApplicable,0.0,applicable,3.74,applicable,9.73,applicable,2.1,3982100
"100 Feet Rd, Velachery, Chennai","100 Feet Rd, Velachery",Chennai,Chennai,Tamil Nadu,1866,Villa,1,1,2010,Needs Renovation,12.9791,80.2209,applicable,2.79,applicable,0.36,applicable,4.79,applicable,3.09,9789600
"Gandhipuram Cross Cut, Coimbatore",Gandhipuram Cross Cut,Coimbatore,Coimbatore,Tamil Nadu,2883,Apartment,4,3,2022,Excellent,11.0175,76.9725,notApplicable,0.0,applicable,0.42,applicable,3.5,applicable,1.74,11495400
"Gandhipuram Cross Cut, Coimbatore",Gandhipuram Cross Cut,Coimbatore,Coimbatore,Tamil Nadu,3227,Villa,3,3,1990,Excellent,11.0175,76.9725,notApplicable,0.0,notApplicable,0.0,applicable,8.96,applicable,3.29,14310100
"Rajapalayam Rd, Virudhunagar",Rajapalayam Rd,Virudhunagar,Virudhunagar,Tamil Nadu,4198,Independent House,2,1,1996,Good,9.4523,77.5533,applicable,2.4,applicable,5.68,applicable,9.94,applicable,1.82,7758700
"Avinashi Rd, Peelamedu, Coimbatore","Avinashi Rd, Peelamedu",Coimbatore,Coimbatore,Tamil Nadu,516,Villa,3,2,2021,Needs Renovation,11.0183,76.997,applicable,3.0,applicable,0.79,applicable,9.59,applicable,4.53,1779300
"Rajapalayam Rd, Virudhunagar",Rajapalayam Rd,Virudhunagar,Virudhunagar,Tamil Nadu,2057,Villa,5,6,2003,Good,9.4523,77.5533,applicable,2.67,notApplicable,0.0,applicable,1.24,applicable,4.36,4721700
"Trichy Rd, Singanallur, Coimbatore","Trichy Rd, Singanallur",Coimbatore,Coimbatore,Tamil Nadu,2084,Villa,4,4,2002,Needs Renovation,10.9979,76.9994,notApplicable,0.0,notApplicable,0.0,notApplicable,0.0,applicable,0.19,9460000
"Bypass Rd, Madurai",Bypass Rd,Madurai,Madurai,Tamil Nadu,3525,Apartment,3,3,1997,Needs Renovation,9.924,78.135,applicable,1.54,applicable,0.51,applicable,2.18,applicable,3.23,7817600
"MTP Rd, Coimbatore",MTP Rd,Coimbatore,Coimbatore,Tamil Nadu,2532,Villa,4,4,1993,Good,11.0616,76.9366,notApplicable,0.0,applicable,2.13,notApplicable,0.0,notApplicable,0.0,11294200
"Sathyamangalam Rd, Edayarpalayam, Erode","Sathyamangalam Rd, Edayarpalayam",Erode,Erode,Tamil Nadu,2043,Independent House,5,5,1993,Good,11.349,77.6951,notApplicable,0.0,notApplicable,0.0,notApplicable,0.0,notApplicable,0.0,6336400
"Simmakkal, Madurai",Simmakkal,Madurai,Madurai,Tamil Nadu,3818,Independent House,2,3,1993,Needs Renovation,9.921,78.1197,applicable,4.3,applicable,1.11,applicable,2.92,applicable,0.15,9656200
"Trichy Rd, Singanallur, Coimbatore","Trichy Rd, Singanallur",Coimbatore,Coimbatore,Tamil Nadu,579,Apartment,5,4,2002,Good,10.9979,76.9994,applicable,4.61,applicable,4.25,applicable,9.28,applicable,4.44,1428500
"Dindigul Rd, Palani, Palani","Dindigul Rd, Palani",Palani,Dindigul,Tamil Nadu,763,Villa,2,2,2003,Good,10.4508,77.5148,notApplicable,0.0,applicable,3.66,notApplicable,0.0,applicable,4.63,3030900
"NH 44, Tirunelveli, Tirunelveli","NH 44, Tirunelveli",Tirunelveli,Tirunelveli,Tamil Nadu,3165,Independent House,2,2,2018,Good,8.7139,77.7567,applicable,4.71,applicable,3.18,applicable,8.93,applicable,3.39,7118900
"Avinashi Rd, Peelamedu, Coimbatore","Avinashi Rd, Peelamedu",Coimbatore,Coimbatore,Tamil Nadu,2894,Apartment,2,1,1990,Excellent,11.0183,76.997,applicable,5.61,applicable,5.8,applicable,5.18,applicable,3.95,8043200
"Gandhipuram Cross Cut, Coimbatore",Gandhipuram Cross Cut,Coimbatore,Coimbatore,Tamil Nadu,789,Independent House,3,3,2019,Good,11.0175,76.9725,applicable,5.34,applicable,5.83,notApplicable,0.0,applicable,2.85,2805500
"100 Feet Rd, Velachery, Chennai","100 Feet Rd, Velachery",Chennai,Chennai,Tamil Nadu,1235,Villa,3,3,1994,Good,12.9791,80.2209,applicable,2.64,applicable,5.13,notApplicable,0.0,applicable,4.71,7229800
"NH 44, Tirunelveli, Tirunelveli","NH 44, Tirunelveli",Tirunelveli,Tirunelveli,Tamil Nadu,1020,Independent House,4,3,2012,Good,8.7139,77.7567,notApplicable,0.0,applicable,4.05,applicable,1.23,applicable,4.02,2609300
"100 Feet Rd, Velachery, Chennai","100 Feet Rd, Velachery",Chennai,Chennai,Tamil Nadu,1339,Apartment,2,1,2016,Needs Renovation,12.9791,80.2209,applicable,1.7,applicable,1.72,applicable,1.7,applicable,0.9,6876500
"Gandhipuram Cross Cut, Coimbatore",Gandhipuram Cross Cut,Coimbatore,Coimbatore,Tamil Nadu,1946,Independent House,2,3,1996,Good,11.0175,76.9725,applicable,3.03,applicable,5.2,applicable,5.19,applicable,2.55,5452200
"Simmakkal, Madurai",Simmakkal,Madurai,Madurai,Tamil Nadu,686,Villa,2,3,2024,Good,9.921,78.1197,applicable,2.16,notApplicable,0.0,notApplicable,0.0,applicable,3.99,2887700
"Gandhipuram Cross Cut, Coimbatore",Gandhipuram Cross Cut,Coimbatore,Coimbatore,Tamil Nadu,796,Apartment,1,1,2018,Excellent,11.0175,76.9725,applicable,2.25,applicable,2.18,applicable,1.81,applicable,4.84,3062400
"MTP Rd, Coimbatore",MTP Rd,Coimbatore,Coimbatore,Tamil Nadu,1019,Villa,3,4,2008,Excellent,11.0616,76.9366,notApplicable,0.0,applicable,3.77,applicable,4.62,applicable,3.07,4313700
"MTP Rd, Coimbatore",MTP Rd,Coimbatore,Coimbatore,Tamil Nadu,3190,Villa,5,4,1997,Needs Renovation,11.0616,76.9366,applicable,1.78,applicable,0.88,notApplicable,0.0,applicable,1.25,13388800
"Rajapalayam Rd, Virudhunagar",Rajapalayam Rd,Virudhunagar,Virudhunagar,Tamil Nadu,1342,Apartment,4,4,2023,Good,9.4523,77.5533,notApplicable,0.0,notApplicable,0.0,notApplicable,0.0,applicable,1.1,3188300
"Sathyamangalam Rd, Edayarpalayam, Erode","Sathyamangalam Rd, Edayarpalayam",Erode,Erode,Tamil Nadu,3409,Duplex,5,6,2024,Good,11.349,77.6951,notApplicable,0.0,notApplicable,0.0,applicable,4.16,applicable,4.58,9293500
"Gandhipuram Cross Cut, Coimbatore",Gandhipuram Cross Cut,Coimbatore,Coimbatore,Tamil Nadu,2048,Duplex,2,3,2013,Needs Renovation,11.0175,76.9725,notApplicable,0.0,applicable,2.75,applicable,1.13,applicable,0.32,7773500
"Dindigul Rd, Palani, Palani","Dindigul Rd, Palani",Palani,Dindigul,Tamil Nadu,699,Independent House,5,6,2018,Needs Renovation,10.4508,77.5148,applicable,5.43,applicable,1.29,notApplicable,0.0,applicable,1.38,2338900
"Alagarkoil Rd, Madurai",Alagarkoil Rd,Madurai,Madurai,Tamil Nadu,3939,Apartment,4,4,1990,Needs Renovation,9.9677,78.1653,notApplicable,0.0,applicable,3.99,applicable,8.79,applicable,3.63,8026600
"Rajapalayam Rd, Virudhunagar",Rajapalayam Rd,Virudhunagar,Virudhunagar,Tamil Nadu,554,Independent House,1,1,1993,Needs Renovation,9.4523,77.5533,applicable,2.98,applicable,1.78,notApplicable,0.0,applicable,0.89,1053400
"Bypass Rd, Madurai",Bypass Rd,Madurai,Madurai,Tamil Nadu,1091,Duplex,3,4,1998,Good,9.924,78.135,applicable,1.23,applicable,2.18,notApplicable,0.0,applicable,3.04,3703400
"Dindigul Rd, Palani, Palani","Dindigul Rd, Palani",Palani,Dindigul,Tamil Nadu,4108,Independent House,3,3,2013,Needs Renovation,10.4508,77.5148,applicable,5.13,applicable,3.26,notApplicable,0.0,applicable,1.75,12938100
"Sathyamangalam Rd, Edayarpalayam, Erode","Sathyamangalam Rd, Edayarpalayam",Erode,Erode,Tamil Nadu,627,Apartment,5,4,2000,Excellent,11.349,77.6951,applicable,1.71,notApplicable,0.0,applicable,2.02,applicable,3.86,1363900
"Ettayapuram Rd, Thoothukudi",Ettayapuram Rd,Thoothukudi,Thoothukudi,Tamil Nadu,520,Duplex,2,2,1996,Needs Renovation,8.813,78.1341,applicable,1.57,applicable,2.75,applicable,1.79,applicable,4.24,994700
"Avinashi Rd, Peelamedu, Coimbatore","Avinashi Rd, Peelamedu",Coimbatore,Coimbatore,Tamil Nadu,936,Duplex,4,4,2025,Good,11.0183,76.997,applicable,0.41,applicable,0.87,applicable,2.69,applicable,1.21,4159800
"Simmakkal, Madurai",Simmakkal,Madurai,Madurai,Tamil Nadu,1775,Duplex,3,2,2002,Excellent,9.921,78.1197,applicable,1.52,applicable,1.89,applicable,5.62,applicable,3.97,5787200
"100 Feet Rd, Velachery, Chennai","100 Feet Rd, Velachery",Chennai,Chennai,Tamil Nadu,916,Apartment,5,4,2003,Needs Renovation,12.9791,80.2209,notApplicable,0.0,notApplicable,0.0,notApplicable,0.0,applicable,0.47,5164000
"Gandhipuram Cross Cut, Coimbatore",Gandhipuram Cross Cut,Coimbatore,Coimbatore,Tamil Nadu,469,Villa,4,4,2016,Needs Renovation,11.0175,76.9725,applicable,1.27,applicable,4.58,notApplicable,0.0,applicable,0.76,1910800
"Alagarkoil Rd, Madurai",Alagarkoil Rd,Madurai,Madurai,Tamil Nadu,1115,Duplex,5,5,2006,Needs Renovation,9.9677,78.1653,notApplicable,0.0,applicable,1.59,applicable,6.59,applicable,1.8,3091300
"Rajapalayam Rd, Virudhunagar",Rajapalayam Rd,Virudhunagar,Virudhunagar,Tamil Nadu,2213,Independent House,1,1,2002,Needs Renovation,9.4523,77.5533,notApplicable,0.0,applicable,1.1,applicable,2.98,applicable,2.36,4016900
"Sathyamangalam Rd, Edayarpalayam, Erode","Sathyamangalam Rd, Edayarpalayam",Erode,Erode,Tamil Nadu,661,Villa,3,2,2006,Excellent,11.349,77.6951,notApplicable,0.0,applicable,3.85,applicable,2.41,notApplicable,0.0,2420900
"Trichy Rd, Singanallur, Coimbatore","Trichy Rd, Singanallur",Coimbatore,Coimbatore,Tamil Nadu,2574,Independent House,3,3,2002,Good,10.9979,76.9994,applicable,5.75,applicable,2.98,notApplicable,0.0,applicable,1.6,9359000
"Simmakkal, Madurai",Simmakkal,Madurai,Madurai,Tamil Nadu,674,Apartment,2,2,2004,Excellent,9.921,78.1197,applicable,3.39,applicable,0.98,notApplicable,0.0,notApplicable,0.0,2131400
"Sathyamangalam Rd, Edayarpalayam, Erode","Sathyamangalam Rd, Edayarpalayam",Erode,Erode,Tamil Nadu,350,Duplex,1,1,2008,Needs Renovation,11.349,77.6951,applicable,2.26,applicable,5.72,applicable,9.76,applicable,3.72,713400
"NH 44, Tirunelveli, Tirunelveli","NH 44, Tirunelveli",Tirunelveli,Tirunelveli,Tamil Nadu,449,Duplex,5,5,2000,Needs Renovation,8.7139,77.7567,applicable,0.69,applicable,0.26,applicable,9.18,applicable,1.97,1008500
"Alagarkoil Rd, Madurai",Alagarkoil Rd,Madurai,Madurai,Tamil Nadu,3663,Apartment,5,5,1992,Good,9.9677,78.1653,applicable,1.49,applicable,4.47,notApplicable,0.0,notApplicable,0.0,10835700
"MTP Rd, Coimbatore",MTP Rd,Coimbatore,Coimbatore,Tamil Nadu,1064,Apartment,2,3,2003,Excellent,11.0616,76.9366,notApplicable,0.0,applicable,3.83,notApplicable,0.0,notApplicable,0.0,4644100
"Gandhipuram Cross Cut, Coimbatore",Gandhipuram Cross Cut,Coimbatore,Coimbatore,Tamil Nadu,865,Villa,1,2,1999,Excellent,11.0175,76.9725,applicable,1.07,applicable,1.5,applicable,5.64,applicable,3.41,3619800
"MTP Rd, Coimbatore",MTP Rd,Coimbatore,Coimbatore,Tamil Nadu,3440,Duplex,2,3,2000,Good,11.0616,76.9366,applicable,4.97,applicable,1.63,notApplicable,0.0,notApplicable,0.0,13149200
"NH 44, Tirunelveli, Tirunelveli","NH 44, Tirunelveli",Tirunelveli,Tirunelveli,Tamil Nadu,2966,Independent House,1,1,2006,Needs Renovation,8.7139,77.7567,applicable,0.34,applicable,2.54,applicable,8.29,applicable,1.97,5556300
"Gandhipuram Cross Cut, Coimbatore",Gandhipuram Cross Cut,Coimbatore,Coimbatore,Tamil Nadu,586,Duplex,2,1,2001,Needs Renovation,11.0175,76.9725,applicable,1.78,applicable,5.55,applicable,2.58,applicable,0.69,1827900
"East Coast Rd, Thiruvanmiyur, Chennai","East Coast Rd, Thiruvanmiyur",Chennai,Chennai,Tamil Nadu,2350,Duplex,2,2,1991,Needs Renovation,12.9834,80.259,applicable,3.51,applicable,2.17,applicable,8.75,notApplicable,0.0,10463100
"Simmakkal, Madurai",Simmakkal,Madurai,Madurai,Tamil Nadu,655,Villa,5,5,2006,Excellent,9.921,78.1197,notApplicable,0.0,applicable,5.88,notApplicable,0.0,applicable,4.81,2906200
"Trichy Rd, Singanallur, Coimbatore","Trichy Rd, Singanallur",Coimbatore,Coimbatore,Tamil Nadu,640,Duplex,2,2,2005,Needs Renovation,10.9979,76.9994,applicable,3.0,applicable,4.06,notApplicable,0.0,applicable,0.47,2120100
"Bypass Rd, Madurai",Bypass Rd,Madurai,Madurai,Tamil Nadu,2053,Apartment,3,3,2013,Needs Renovation,9.924,78.135,applicable,3.06,applicable,0.62,notApplicable,0.0,applicable,4.01,5023900
"Ettayapuram Rd, Thoothukudi",Ettayapuram Rd,Thoothukudi,Thoothukudi,Tamil Nadu,3200,Apartment,2,2,1993,Excellent,8.813,78.1341,notApplicable,0.0,notApplicable,0.0,notApplicable,0.0,applicable,4.71,7321200
"Simmakkal, Madurai",Simmakkal,Madurai,Madurai,Tamil Nadu,673,Independent House,5,4,1997,Excellent,9.921,78.1197,applicable,2.35,applicable,5.36,applicable,6.52,applicable,3.0,1924000
"100 Feet Rd, Velachery, Chennai","100 Feet Rd, Velachery",Chennai,Chennai,Tamil Nadu,528,Villa,2,2,2017,Excellent,12.9791,80.2209,notApplicable,0.0,applicable,1.03,notApplicable,0.0,applicable,0.57,5329300
"100 Feet Rd, Velachery, Chennai","100 Feet Rd, Velachery",Chennai,Chennai,Tamil Nadu,2749,Duplex,1,1,2002,Needs Renovation,12.9791,80.2209,applicable,2.22,applicable,0.71,notApplicable,0.0,applicable,3.28,15521500
"MTP Rd, Coimbatore",MTP Rd,Coimbatore,Coimbatore,Tamil Nadu,439,Villa,5,5,1996,Excellent,11.0616,76.9366,applicable,2.0,applicable,5.34,applicable,1.38,applicable,3.72,1945100
"Dindigul Rd, Palani, Palani","Dindigul Rd, Palani",Palani,Dindigul,Tamil Nadu,1581,Villa,3,4,2004,Good,10.4508,77.5148,applicable,0.73,notApplicable,0.0,applicable,4.79,applicable,2.68,6725600
"Avinashi Rd, Peelamedu, Coimbatore","Avinashi Rd, Peelamedu",Coimbatore,Coimbatore,Tamil Nadu,1261,Apartment,1,1,1992,Excellent,11.0183,76.997,applicable,0.22,applicable,4.28,notApplicable,0.0,applicable,0.62,4973300
"Bypass Rd, Madurai",Bypass Rd,Madurai,Madurai,Tamil Nadu,833,Apartment,5,6,1998,Needs Renovation,9.924,78.135,applicable,0.81,applicable,2.46,notApplicable,0.0,applicable,2.03,1903100
"Ettayapuram Rd, Thoothukudi",Ettayapuram Rd,Thoothukudi,Thoothukudi,Tamil Nadu,1148,Independent House,4,5,2000,Excellent,8.813,78.1341,notApplicable,0.0,applicable,5.8,applicable,1.95,applicable,3.57,2774700
"Bypass Rd, Madurai",Bypass Rd,Madurai,Madurai,Tamil Nadu,1472,Apartment,4,4,2002,Excellent,9.924,78.135,notApplicable,0.0,applicable,2.46,applicable,9.89,applicable,2.68,4118900
"Simmakkal, Madurai",Simmakkal,Madurai,Madurai,Tamil Nadu,749,Independent House,5,5,1993,Good,9.921,78.1197,applicable,0.71,applicable,5.4,notApplicable,0.0,applicable,0.88,2456800
"Bypass Rd, Madurai",Bypass Rd,Madurai,Madurai,Tamil Nadu,2756,Independent House,4,5,2016,Good,9.924,78.135,applicable,0.68,applicable,0.89,notApplicable,0.0,applicable,0.29,11698700
"East Coast Rd, Thiruvanmiyur, Chennai","East Coast Rd, Thiruvanmiyur",Chennai,Chennai,Tamil Nadu,1028,Independent House,5,6,2021,Needs Renovation,12.9834,80.259,applicable,2.3,applicable,5.25,notApplicable,0.0,applicable,0.77,5892600
"East Coast Rd, Thiruvanmiyur, Chennai","East Coast Rd, Thiruvanmiyur",Chennai,Chennai,Tamil Nadu,1055,Villa,3,3,2024,Excellent,12.9834,80.259,notApplicable,0.0,applicable,4.08,notApplicable,0.0,applicable,3.21,9381500
"Avinashi Rd, Peelamedu, Coimbatore","Avinashi Rd, Peelamedu",Coimbatore,Coimbatore,Tamil Nadu,1109,Duplex,5,5,2003,Excellent,11.0183,76.997,notApplicable,0.0,applicable,1.59,notApplicable,0.0,applicable,4.52,5288100
"Simmakkal, Madurai",Simmakkal,Madurai,Madurai,Tamil Nadu,2294,Duplex,3,3,1991,Excellent,9.921,78.1197,notApplicable,0.0,applicable,0.2,applicable,8.42,applicable,2.31,8365700
"Gandhipuram Cross Cut, Coimbatore",Gandhipuram Cross Cut,Coimbatore,Coimbatore,Tamil Nadu,608,Villa,4,3,2007,Good,11.0175,76.9725,applicable,3.54,applicable,0.85,applicable,7.77,applicable,3.86,2380900
"Trichy Rd, Singanallur, Coimbatore","Trichy Rd, Singanallur",Coimbatore,Coimbatore,Tamil Nadu,3017,Apartment,4,4,2014,Good,10.9979,76.9994,applicable,2.85,applicable,1.27,applicable,4.4,notApplicable,0.0,10847100
"Rajapalayam Rd, Virudhunagar",Rajapalayam Rd,Virudhunagar,Virudhunagar,Tamil Nadu,597,Independent House,3,4,2024,Needs Renovation,9.4523,77.5533,notApplicable,0.0,applicable,1.7,applicable,8.41,applicable,4.0,1259200
"Sathyamangalam Rd, Edayarpalayam, Erode","Sathyamangalam Rd, Edayarpalayam",Erode,Erode,Tamil Nadu,1733,Independent House,1,1,2017,Excellent,11.349,77.6951,applicable,5.72,notApplicable,0.0,notApplicable,0.0,applicable,4.36,5631000
"NH 44, Tirunelveli, Tirunelveli","NH 44, Tirunelveli",Tirunelveli,Tirunelveli,Tamil Nadu,1585,Apartment,1,1,1997,Needs Renovation,8.7139,77.7567,applicable,4.35,applicable,1.93,applicable,2.1,applicable,0.6,2504600
"Rajapalayam Rd, Virudhunagar",Rajapalayam Rd,Virudhunagar,Virudhunagar,Tamil Nadu,1094,Apartment,3,2,2008,Good,9.4523,77.5533,applicable,4.81,applicable,5.08,applicable,9.31,applicable,1.01,1828600
"100 Feet Rd, Velachery, Chennai","100 Feet Rd, Velachery",Chennai,Chennai,Tamil Nadu,518,Villa,3,3,2008,Good,12.9791,80.2209,applicable,4.62,applicable,5.04,notApplicable,0.0,applicable,4.89,3496800
"Dindigul Rd, Palani, Palani","Dindigul Rd, Palani",Palani,Dindigul,Tamil Nadu,3402,Apartment,4,5,2002,Excellent,10.4508,77.5148,notApplicable,0.0,applicable,0.64,notApplicable,0.0,applicable,4.36,12896400
"Gandhipuram Cross Cut, Coimbatore",Gandhipuram Cross Cut,Coimbatore,Coimbatore,Tamil Nadu,1992,Duplex,4,5,1994,Good,11.0175,76.9725,applicable,1.45,applicable,5.07,applicable,4.34,applicable,4.85,6278400
"MTP Rd, Coimbatore",MTP Rd,Coimbatore,Coimbatore,Tamil Nadu,489,Villa,5,4,2012,Good,11.0616,76.9366,notApplicable,0.0,notApplicable,0.0,notApplicable,0.0,applicable,0.21,2946000
"Ettayapuram Rd, Thoothukudi",Ettayapuram Rd,Thoothukudi,Thoothukudi,Tamil Nadu,3902,Villa,1,1,2018,Excellent,8.813,78.1341,applicable,1.29,applicable,1.15,notApplicable,0.0,notApplicable,0.0,14489100
"NH 44, Tirunelveli, Tirunelveli","NH 44, Tirunelveli",Tirunelveli,Tirunelveli,Tamil Nadu,548,Independent House,2,3,1991,Excellent,8.7139,77.7567,notApplicable,0.0,applicable,0.37,notApplicable,0.0,applicable,4.72,1521500
"Dindigul Rd, Palani, Palani","Dindigul Rd, Palani",Palani,Dindigul,Tamil Nadu,808,Villa,2,3,2020,Good,10.4508,77.5148,applicable,2.45,applicable,3.36,notApplicable,0.0,notApplicable,0.0,3546900
"100 Feet Rd, Velachery, Chennai","100 Feet Rd, Velachery",Chennai,Chennai,Tamil Nadu,2765,Apartment,4,5,2012,Good,12.9791,80.2209,notApplicable,0.0,notApplicable,0.0,applicable,3.72,applicable,3.77,14689400
"Bypass Rd, Madurai",Bypass Rd,Madurai,Madurai,Tamil Nadu,1975,Villa,4,4,2006,Good,9.924,78.135,applicable,5.73,applicable,0.73,notApplicable,0.0,applicable,1.79,7387600
"NH 44, Tirunelveli, Tirunelveli","NH 44, Tirunelveli",Tirunelveli,Tirunelveli,Tamil Nadu,2372,Duplex,5,6,2005,Good,8.7139,77.7567,notApplicable,0.0,applicable,4.06,applicable,4.69,notApplicable,0.0,5877400
"Bypass Rd, Madurai",Bypass Rd,Madurai,Madurai,Tamil Nadu,622,Villa,1,2,2001,Good,9.924,78.135,applicable,2.58,applicable,3.33,applicable,8.05,applicable,3.38,1852000
"MTP Rd, Coimbatore",MTP Rd,Coimbatore,Coimbatore,Tamil Nadu,623,Independent House,4,4,2015,Excellent,11.0616,76.9366,applicable,2.12,applicable,3.28,applicable,4.34,applicable,1.66,2381500
"Avinashi Rd, Peelamedu, Coimbatore","Avinashi Rd, Peelamedu",Coimbatore,Coimbatore,Tamil Nadu,731,Villa,5,6,1993,Needs Renovation,11.0183,76.997,notApplicable,0.0,applicable,4.77,notApplicable,0.0,applicable,4.61,2505600
"Simmakkal, Madurai",Simmakkal,Madurai,Madurai,Tamil Nadu,1988,Villa,5,6,2019,Excellent,9.921,78.1197,applicable,5.23,notApplicable,0.0,notApplicable,0.0,applicable,1.0,9435800
"MTP Rd, Coimbatore",MTP Rd,Coimbatore,Coimbatore,Tamil Nadu,1197,Independent House,4,5,2002,Good,11.0616,76.9366,applicable,1.24,applicable,4.83,applicable,4.9,notApplicable,0.0,4163600
"Avinashi Rd, Peelamedu, Coimbatore","Avinashi Rd, Peelamedu",Coimbatore,Coimbatore,Tamil Nadu,1259,Apartment,1,1,2018,Needs Renovation,11.0183,76.997,applicable,1.63,notApplicable,0.0,applicable,7.02,applicable,1.16,3947400
"Avinashi Rd, Peelamedu, Coimbatore","Avinashi Rd, Peelamedu",Coimbatore,Coimbatore,Tamil Nadu,659,Villa,4,5,2006,Needs Renovation,11.0183,76.997,applicable,1.77,applicable,3.68,notApplicable,0.0,applicable,4.08,2398000
"100 Feet Rd, Velachery, Chennai","100 Feet Rd, Velachery",Chennai,Chennai,Tamil Nadu,2092,Duplex,2,3,1996,Needs Renovation,12.9791,80.2209,applicable,2.48,applicable,3.74,applicable,3.13,notApplicable,0.0,9905700
"Rajapalayam Rd, Virudhunagar",Rajapalayam Rd,Virudhunagar,Virudhunagar,Tamil Nadu,604,Independent House,4,4,1993,Good,9.4523,77.5533,applicable,2.12,notApplicable,0.0,applicable,9.01,applicable,4.62,1186300
"Sathyamangalam Rd, Edayarpalayam, Erode","Sathyamangalam Rd, Edayarpalayam",Erode,Erode,Tamil Nadu,833,Apartment,2,2,1998,Needs Renovation,11.349,77.6951,notApplicable,0.0,applicable,1.62,applicable,5.89,applicable,0.32,1620100
"Gandhipuram Cross Cut, Coimbatore",Gandhipuram Cross Cut,Coimbatore,Coimbatore,Tamil Nadu,1381,Apartment,2,2,1995,Excellent,11.0175,76.9725,applicable,4.35,applicable,4.08,applicable,2.07,notApplicable,0.0,4302000
"Dindigul Rd, Palani, Palani","Dindigul Rd, Palani",Palani,Dindigul,Tamil Nadu,2106,Apartment,5,4,1992,Excellent,10.4508,77.5148,applicable,1.86,notApplicable,0.0,applicable,8.79,applicable,2.6,6181100
"100 Feet Rd, Velachery, Chennai","100 Feet Rd, Velachery",Chennai,Chennai,Tamil Nadu,2080,Villa,1,1,2003,Excellent,12.9791,80.2209,applicable,4.9,applicable,1.61,notApplicable,0.0,notApplicable,0.0,17521500
"Sathyamangalam Rd, Edayarpalayam, Erode","Sathyamangalam Rd, Edayarpalayam",Erode,Erode,Tamil Nadu,432,Duplex,3,3,2016,Needs Renovation,11.349,77.6951,applicable,4.06,applicable,0.66,applicable,3.88,applicable,4.9,1005500
"NH 44, Tirunelveli, Tirunelveli","NH 44, Tirunelveli",Tirunelveli,Tirunelveli,Tamil Nadu,564,Duplex,5,4,2007,Excellent,8.7139,77.7567,applicable,2.59,applicable,5.44,applicable,4.84,applicable,4.17,1350000
"MTP Rd, Coimbatore",MTP Rd,Coimbatore,Coimbatore,Tamil Nadu,1847,Independent House,3,3,2020,Good,11.0616,76.9366,applicable,0.84,notApplicable,0.0,applicable,8.18,applicable,3.5,7482800
"NH 44, Tirunelveli, Tirunelveli","NH 44, Tirunelveli",Tirunelveli,Tirunelveli,Tamil Nadu,805,Duplex,3,3,2017,Excellent,8.7139,77.7567,applicable,3.18,applicable,4.31,applicable,8.17,applicable,4.02,1782600
"Simmakkal, Madurai",Simmakkal,Madurai,Madurai,Tamil Nadu,3152,Villa,2,3,2012,Excellent,9.921,78.1197,notApplicable,0.0,applicable,1.97,applicable,1.55,applicable,0.13,14914800
"Ettayapuram Rd, Thoothukudi",Ettayapuram Rd,Thoothukudi,Thoothukudi,Tamil Nadu,503,Duplex,2,3,2016,Needs Renovation,8.813,78.1341,notApplicable,0.0,applicable,0.44,applicable,6.66,notApplicable,0.0,1299300
"Rajapalayam Rd, Virudhunagar",Rajapalayam Rd,Virudhunagar,Virudhunagar,Tamil Nadu,3461,Independent House,2,2,2012,Good,9.4523,77.5533,applicable,5.36,applicable,5.2,notApplicable,0.0,applicable,4.43,7804400
"Sathyamangalam Rd, Edayarpalayam, Erode","Sathyamangalam Rd, Edayarpalayam",Erode,Erode,Tamil Nadu,722,Villa,2,1,2012,Excellent,11.349,77.6951,applicable,4.37,applicable,2.42,notApplicable,0.0,applicable,3.86,2302400
"NH 44, Tirunelveli, Tirunelveli","NH 44, Tirunelveli",Tirunelveli,Tirunelveli,Tamil Nadu,360,Apartment,3,4,2024,Excellent,8.7139,77.7567,applicable,4.38,applicable,4.66,applicable,9.09,applicable,1.04,741300
"Bypass Rd, Madurai",Bypass Rd,Madurai,Madurai,Tamil Nadu,1602,Duplex,4,3,2001,Good,9.924,78.135,notApplicable,0.0,applicable,5.93,applicable,1.01,applicable,3.47,5529100
"Alagarkoil Rd, Madurai",Alagarkoil Rd,Madurai,Madurai,Tamil Nadu,2453,Apartment,3,3,2007,Excellent,9.9677,78.1653,applicable,4.65,notApplicable,0.0,notApplicable,0.0,applicable,3.74,7567200
"Trichy Rd, Singanallur, Coimbatore","Trichy Rd, Singanallur",Coimbatore,Coimbatore,Tamil Nadu,1666,Duplex,5,4,2007,Excellent,10.9979,76.9994,notApplicable,0.0,applicable,5.05,applicable,8.45,notApplicable,0.0,7106600
"Ettayapuram Rd, Thoothukudi",Ettayapuram Rd,Thoothukudi,Thoothukudi,Tamil Nadu,3221,Apartment,1,2,2005,Needs Renovation,8.813,78.1341,notApplicable,0.0,applicable,4.4,applicable,6.8,applicable,2.76,4741900
"Sathyamangalam Rd, Edayarpalayam, Erode","Sathyamangalam Rd, Edayarpalayam",Erode,Erode,Tamil Nadu,1085,Villa,3,3,1992,Excellent,11.349,77.6951,applicable,3.33,applicable,2.64,applicable,8.24,applicable,0.48,3139500
"Dindigul Rd, Palani, Palani","Dindigul Rd, Palani",Palani,Dindigul,Tamil Nadu,362,Duplex,2,2,2021,Needs Renovation,10.4508,77.5148,notApplicable,0.0,applicable,1.95,notApplicable,0.0,applicable,3.36,1243400
"Dindigul Rd, Palani, Palani","Dindigul Rd, Palani",Palani,Dindigul,Tamil Nadu,1185,Apartment,3,3,2012,Needs Renovation,10.4508,77.5148,applicable,4.68,applicable,2.87,notApplicable,0.0,applicable,0.58,3357100
"East Coast Rd, Thiruvanmiyur, Chennai","East Coast Rd, Thiruvanmiyur",Chennai,Chennai,Tamil Nadu,1081,Duplex,1,1,2007,Good,12.9834,80.259,applicable,1.35,notApplicable,0.0,applicable,5.65,applicable,1.3,6878000
"Gandhipuram Cross Cut, Coimbatore",Gandhipuram Cross Cut,Coimbatore,Coimbatore,Tamil Nadu,754,Villa,4,4,2010,Good,11.0175,76.9725,applicable,2.8,applicable,1.53,notApplicable,0.0,notApplicable,0.0,3928600
"Gandhipuram Cross Cut, Coimbatore",Gandhipuram Cross Cut,Coimbatore,Coimbatore,Tamil Nadu,1561,Independent House,5,6,1995,Excellent,11.0175,76.9725,applicable,5.29,applicable,1.16,notApplicable,0.0,applicable,3.28,6203100
"Bypass Rd, Madurai",Bypass Rd,Madurai,Madurai,Tamil Nadu,647,Duplex,1,1,1997,Needs Renovation,9.924,78.135,applicable,2.43,notApplicable,0.0,applicable,8.71,notApplicable,0.0,1715700
"Simmakkal, Madurai",Simmakkal,Madurai,Madurai,Tamil Nadu,607,Apartment,4,4,2022,Good,9.921,78.1197,applicable,3.06,applicable,1.49,notApplicable,0.0,applicable,1.07,1887900
"East Coast Rd, Thiruvanmiyur, Chennai","East Coast Rd, Thiruvanmiyur",Chennai,Chennai,Tamil Nadu,2469,Apartment,5,6,1997,Needs Renovation,12.9834,80.259,applicable,5.43,applicable,4.03,notApplicable,0.0,applicable,4.01,10005800
"Trichy Rd, Singanallur, Coimbatore","Trichy Rd, Singanallur",Coimbatore,Coimbatore,Tamil Nadu,784,Independent House,3,3,1993,Excellent,10.9979,76.9994,applicable,4.31,notApplicable,0.0,notApplicable,0.0,applicable,3.91,3087800
"Gandhipuram Cross Cut, Coimbatore",Gandhipuram Cross Cut,Coimbatore,Coimbatore,Tamil Nadu,695,Independent House,2,2,2025,Needs Renovation,11.0175,76.9725,applicable,1.28,applicable,4.4,notApplicable,0.0,applicable,0.9,2712700
"Ettayapuram Rd, Thoothukudi",Ettayapuram Rd,Thoothukudi,Thoothukudi,Tamil Nadu,953,Villa,5,4,2025,Excellent,8.813,78.1341,applicable,4.06,applicable,0.89,notApplicable,0.0,applicable,1.21,3116300
"Dindigul Rd, Palani, Palani","Dindigul Rd, Palani",Palani,Dindigul,Tamil Nadu,1418,Independent House,4,4,1996,Good,10.4508,77.5148,applicable,0.3,applicable,0.56,applicable,7.64,applicable,4.39,4577600
"Avinashi Rd, Peelamedu, Coimbatore","Avinashi Rd, Peelamedu",Coimbatore,Coimbatore,Tamil Nadu,1838,Apartment,3,2,1995,Excellent,11.0183,76.997,notApplicable,0.0,notApplicable,0.0,notApplicable,0.0,applicable,2.9,6655600
"Gandhipuram Cross Cut, Coimbatore",Gandhipuram Cross Cut,Coimbatore,Coimbatore,Tamil Nadu,3360,Duplex,2,2,2008,Excellent,11.0175,76.9725,applicable,0.64,applicable,4.44,notApplicable,0.0,applicable,3.73,16288400
"Bypass Rd, Madurai",Bypass Rd,Madurai,Madurai,Tamil Nadu,1144,Villa,4,4,2018,Good,9.924,78.135,applicable,0.8,applicable,3.19,notApplicable,0.0,notApplicable,0.0,5261700
"MTP Rd, Coimbatore",MTP Rd,Coimbatore,Coimbatore,Tamil Nadu,792,Villa,5,5,2014,Good,11.0616,76.9366,applicable,3.57,applicable,3.35,notApplicable,0.0,notApplicable,0.0,3443000
"Bypass Rd, Madurai",Bypass Rd,Madurai,Madurai,Tamil Nadu,1041,Duplex,4,3,2022,Needs Renovation,9.924,78.135,applicable,4.79,applicable,5.57,applicable,7.47,notApplicable,0.0,2919500
"Rajapalayam Rd, Virudhunagar",Rajapalayam Rd,Virudhunagar,Virudhunagar,Tamil Nadu,4017,Duplex,4,5,2003,Needs Renovation,9.4523,77.5533,applicable,2.88,notApplicable,0.0,notApplicable,0.0,applicable,0.27,9324800
"NH 44, Tirunelveli, Tirunelveli","NH 44, Tirunelveli",Tirunelveli,Tirunelveli,Tamil Nadu,1027,Villa,3,4,2008,Needs Renovation,8.7139,77.7567,applicable,3.1,applicable,4.93,applicable,4.76,applicable,2.29,2109000
"NH 44, Tirunelveli, Tirunelveli","NH 44, Tirunelveli",Tirunelveli,Tirunelveli,Tamil Nadu,2040,Villa,1,2,2003,Excellent,8.7139,77.7567,applicable,2.75,applicable,3.45,notApplicable,0.0,applicable,0.92,6332100
"NH 44, Tirunelveli, Tirunelveli","NH 44, Tirunelveli",Tirunelveli,Tirunelveli,Tamil Nadu,1191,Independent House,3,4,2015,Needs Renovation,8.7139,77.7567,notApplicable,0.0,applicable,4.92,notApplicable,0.0,applicable,0.26,2986000
"Rajapalayam Rd, Virudhunagar",Rajapalayam Rd,Virudhunagar,Virudhunagar,Tamil Nadu,603,Duplex,2,2,1995,Good,9.4523,77.5533,notApplicable,0.0,applicable,3.47,applicable,5.17,applicable,4.48,1176800
"Gandhipuram Cross Cut, Coimbatore",Gandhipuram Cross Cut,Coimbatore,Coimbatore,Tamil Nadu,541,Apartment,4,4,2008,Needs Renovation,11.0175,76.9725,applicable,1.37,applicable,2.37,notApplicable,0.0,applicable,3.96,1598700
"Dindigul Rd, Palani, Palani","Dindigul Rd, Palani",Palani,Dindigul,Tamil Nadu,2482,Duplex,2,2,1990,Needs Renovation,10.4508,77.5148,applicable,5.36,applicable,1.63,notApplicable,0.0,applicable,4.25,6846300
"Simmakkal, Madurai",Simmakkal,Madurai,Madurai,Tamil Nadu,489,Duplex,1,2,1997,Excellent,9.921,78.1197,applicable,1.12,applicable,5.36,notApplicable,0.0,notApplicable,0.0,1919900
"East Coast Rd, Thiruvanmiyur, Chennai","East Coast Rd, Thiruvanmiyur",Chennai,Chennai,Tamil Nadu,668,Villa,2,1,2005,Excellent,12.9834,80.259,notApplicable,0.0,applicable,1.31,applicable,3.47,applicable,0.63,5909500
"East Coast Rd, Thiruvanmiyur, Chennai","East Coast Rd, Thiruvanmiyur",Chennai,Chennai,Tamil Nadu,2138,Apartment,3,4,2012,Good,12.9834,80.259,applicable,5.18,applicable,5.61,notApplicable,0.0,notApplicable,0.0,11087400
"Rajapalayam Rd, Virudhunagar",Rajapalayam Rd,Virudhunagar,Virudhunagar,Tamil Nadu,376,Independent House,4,5,2002,Excellent,9.4523,77.5533,applicable,1.98,applicable,2.52,applicable,0.68,applicable,2.29,881900
"Avinashi Rd, Peelamedu, Coimbatore","Avinashi Rd, Peelamedu",Coimbatore,Coimbatore,Tamil Nadu,463,Apartment,4,4,2004,Good,11.0183,76.997,applicable,2.68,applicable,4.89,applicable,7.91,applicable,2.45,1269000
"East Coast Rd, Thiruvanmiyur, Chennai","East Coast Rd, Thiruvanmiyur",Chennai,Chennai,Tamil Nadu,803,Independent House,3,4,2007,Needs Renovation,12.9834,80.259,applicable,3.51,notApplicable,0.0,applicable,6.85,notApplicable,0.0,3977400
"Alagarkoil Rd, Madurai",Alagarkoil Rd,Madurai,Madurai,Tamil Nadu,2278,Villa,5,5,2006,Needs Renovation,9.9677,78.1653,notApplicable,0.0,applicable,5.52,notApplicable,0.0,applicable,0.52,7616400
"Rajapalayam Rd, Virudhunagar",Rajapalayam Rd,Virudhunagar,Virudhunagar,Tamil Nadu,1372,Villa,5,5,2020,Needs Renovation,9.4523,77.5533,applicable,3.95,applicable,2.3,applicable,9.33,notApplicable,0.0,2841200
"Bypass Rd, Madurai",Bypass Rd,Madurai,Madurai,Tamil Nadu,819,Duplex,2,2,2004,Excellent,9.924,78.135,notApplicable,0.0,applicable,0.84,applicable,7.1,applicable,4.56,2886200
"Trichy Rd, Singanallur, Coimbatore","Trichy Rd, Singanallur",Coimbatore,Coimbatore,Tamil Nadu,1071,Apartment,1,2,2001,Excellent,10.9979,76.9994,notApplicable,0.0,applicable,4.0,applicable,2.11,notApplicable,0.0,3931200
"Bypass Rd, Madurai",Bypass Rd,Madurai,Madurai,Tamil Nadu,2444,Apartment,4,3,1996,Good,9.924,78.135,applicable,5.69,notApplicable,0.0,notApplicable,0.0,applicable,3.55,6461600
"Avinashi Rd, Peelamedu, Coimbatore","Avinashi Rd, Peelamedu",Coimbatore,Coimbatore,Tamil Nadu,1282,Duplex,2,3,1998,Needs Renovation,11.0183,76.997,applicable,1.78,applicable,5.59,notApplicable,0.0,applicable,4.56,3725200
"Trichy Rd, Singanallur, Coimbatore","Trichy Rd, Singanallur",Coimbatore,Coimbatore,Tamil Nadu,2380,Villa,5,5,1994,Needs Renovation,10.9979,76.9994,applicable,5.52,applicable,2.52,applicable,4.07,applicable,3.03,6460900
"NH 44, Tirunelveli, Tirunelveli","NH 44, Tirunelveli",Tirunelveli,Tirunelveli,Tamil Nadu,3592,Villa,2,2,2003,Excellent,8.7139,77.7567,notApplicable,0.0,applicable,5.91,notApplicable,0.0,applicable,2.83,10584100
"NH 44, Tirunelveli, Tirunelveli","NH 44, Tirunelveli",Tirunelveli,Tirunelveli,Tamil Nadu,779,Duplex,5,5,2020,Good,8.7139,77.7567,applicable,2.77,applicable,2.01,applicable,3.09,applicable,0.48,1946200
"Rajapalayam Rd, Virudhunagar",Rajapalayam Rd,Virudhunagar,Virudhunagar,Tamil Nadu,1586,Villa,2,2,1998,Good,9.4523,77.5533,applicable,4.42,applicable,0.89,notApplicable,0.0,applicable,4.76,3767400
"Dindigul Rd, Palani, Palani","Dindigul Rd, Palani",Palani,Dindigul,Tamil Nadu,1803,Duplex,2,1,2010,Needs Renovation,10.4508,77.5148,applicable,4.34,notApplicable,0.0,applicable,1.48,applicable,2.2,5574500
"Dindigul Rd, Palani, Palani","Dindigul Rd, Palani",Palani,Dindigul,Tamil Nadu,1648,Independent House,5,6,2000,Good,10.4508,77.5148,applicable,1.2,applicable,3.21,applicable,7.69,applicable,4.89,4841600
"Alagarkoil Rd, Madurai",Alagarkoil Rd,Madurai,Madurai,Tamil Nadu,613,Villa,1,2,2022,Excellent,9.9677,78.1653,applicable,3.57,applicable,0.95,applicable,2.18,notApplicable,0.0,2691800
"Gandhipuram Cross Cut, Coimbatore",Gandhipuram Cross Cut,Coimbatore,Coimbatore,Tamil Nadu,1967,Independent House,4,3,2003,Excellent,11.0175,76.9725,notApplicable,0.0,applicable,5.11,notApplicable,0.0,applicable,2.94,8037200
"East Coast Rd, Thiruvanmiyur, Chennai","East Coast Rd, Thiruvanmiyur",Chennai,Chennai,Tamil Nadu,1097,Independent House,4,4,2011,Needs Renovation,12.9834,80.259,applicable,2.7,applicable,0.4,applicable,2.19,applicable,0.94,5649100
"Dindigul Rd, Palani, Palani","Dindigul Rd, Palani",Palani,Dindigul,Tamil Nadu,2225,Apartment,4,3,2012,Excellent,10.4508,77.5148,notApplicable,0.0,applicable,3.14,applicable,8.96,applicable,2.85,7282700
"Simmakkal, Madurai",Simmakkal,Madurai,Madurai,Tamil Nadu,1249,Apartment,2,2,2022,Good,9.921,78.1197,notApplicable,0.0,notApplicable,0.0,applicable,6.42,applicable,2.34,3995800
"Rajapalayam Rd, Virudhunagar",Rajapalayam Rd,Virudhunagar,Virudhunagar,Tamil Nadu,448,Villa,4,4,2022,Needs Renovation,9.4523,77.5533,applicable,4.85,applicable,4.71,notApplicable,0.0,applicable,3.8,916300
"Rajapalayam Rd, Virudhunagar",Rajapalayam Rd,Virudhunagar,Virudhunagar,Tamil Nadu,953,Villa,5,6,2024,Needs Renovation,9.4523,77.5533,applicable,5.97,applicable,5.19,applicable,8.19,notApplicable,0.0,2164700
"Rajapalayam Rd, Virudhunagar",Rajapalayam Rd,Virudhunagar,Virudhunagar,Tamil Nadu,1873,Duplex,1,1,2018,Needs Renovation,9.4523,77.5533,notApplicable,0.0,applicable,3.68,applicable,1.29,notApplicable,0.0,4420500
"MTP Rd, Coimbatore",MTP Rd,Coimbatore,Coimbatore,Tamil Nadu,816,Independent House,5,5,1997,Needs Renovation,11.0616,76.9366,notApplicable,0.0,applicable,4.57,applicable,1.32,notApplicable,0.0,2724200
"MTP Rd, Coimbatore",MTP Rd,Coimbatore,Coimbatore,Tamil Nadu,675,Independent House,2,3,1993,Good,11.0616,76.9366,applicable,0.87,applicable,5.1,applicable,7.12,notApplicable,0.0,2508000
"Rajapalayam Rd, Virudhunagar",Rajapalayam Rd,Virudhunagar,Virudhunagar,Tamil Nadu,1005,Duplex,3,3,1997,Good,9.4523,77.5533,applicable,0.9,applicable,1.49,applicable,2.57,applicable,2.31,2122600
"Ettayapuram Rd, Thoothukudi",Ettayapuram Rd,Thoothukudi,Thoothukudi,Tamil Nadu,610,Apartment,1,2,2005,Needs Renovation,8.813,78.1341,applicable,2.21,applicable,1.74,applicable,9.24,applicable,4.13,885500
"Gandhipuram Cross Cut, Coimbatore",Gandhipuram Cross Cut,Coimbatore,Coimbatore,Tamil Nadu,3483,Independent House,3,2,2018,Needs Renovation,11.0175,76.9725,applicable,5.44,applicable,0.44,applicable,6.59,applicable,1.15,11884300
"MTP Rd, Coimbatore",MTP Rd,Coimbatore,Coimbatore,Tamil Nadu,1404,Independent House,1,1,1994,Excellent,11.0616,76.9366,notApplicable,0.0,applicable,0.74,applicable,5.59,applicable,1.16,6575100
"Avinashi Rd, Peelamedu, Coimbatore","Avinashi Rd, Peelamedu",Coimbatore,Coimbatore,Tamil Nadu,2536,Independent House,1,1,1993,Good,11.0183,76.997,applicable,4.0,applicable,2.7,notApplicable,0.0,applicable,0.2,8844600
"Bypass Rd, Madurai",Bypass Rd,Madurai,Madurai,Tamil Nadu,1304,Apartment,1,1,2000,Excellent,9.924,78.135,applicable,1.77,applicable,4.21,notApplicable,0.0,applicable,3.59,3556900
"Avinashi Rd, Peelamedu, Coimbatore","Avinashi Rd, Peelamedu",Coimbatore,Coimbatore,Tamil Nadu,2042,Independent House,5,5,2006,Good,11.0183,76.997,notApplicable,0.0,applicable,3.2,applicable,5.38,notApplicable,0.0,7499300
"Sathyamangalam Rd, Edayarpalayam, Erode","Sathyamangalam Rd, Edayarpalayam",Erode,Erode,Tamil Nadu,1098,Villa,1,1,2019,Excellent,11.349,77.6951,applicable,0.9,applicable,4.48,applicable,1.72,applicable,4.83,3469000
"Alagarkoil Rd, Madurai",Alagarkoil Rd,Madurai,Madurai,Tamil Nadu,671,Villa,4,5,2016,Excellent,9.9677,78.1653,notApplicable,0.0,notApplicable,0.0,notApplicable,0.0,applicable,2.56,3244700
"100 Feet Rd, Velachery, Chennai","100 Feet Rd, Velachery",Chennai,Chennai,Tamil Nadu,442,Apartment,3,3,2012,Needs Renovation,12.9791,80.2209,applicable,1.69,applicable,5.27,applicable,5.68,applicable,4.01,1706700
"Gandhipuram Cross Cut, Coimbatore",Gandhipuram Cross Cut,Coimbatore,Coimbatore,Tamil Nadu,692,Apartment,3,2,1991,Good,11.0175,76.9725,applicable,1.19,applicable,4.51,applicable,4.05,applicable,4.16,1805400
"Avinashi Rd, Peelamedu, Coimbatore","Avinashi Rd, Peelamedu",Coimbatore,Coimbatore,Tamil Nadu,1112,Apartment,4,5,2014,Needs Renovation,11.0183,76.997,applicable,1.93,applicable,0.28,applicable,8.51,applicable,0.61,3737500
"Alagarkoil Rd, Madurai",Alagarkoil Rd,Madurai,Madurai,Tamil Nadu,1209,Apartment,1,1,2007,Good,9.9677,78.1653,notApplicable,0.0,applicable,1.5,applicable,0.9,applicable,4.01,3522400
"NH 44, Tirunelveli, Tirunelveli","NH 44, Tirunelveli",Tirunelveli,Tirunelveli,Tamil Nadu,367,Duplex,4,4,2003,Needs Renovation,8.7139,77.7567,applicable,2.87,applicable,3.85,notApplicable,0.0,applicable,2.29,768300
"Alagarkoil Rd, Madurai",Alagarkoil Rd,Madurai,Madurai,Tamil Nadu,2454,Apartment,2,2,2006,Excellent,9.9677,78.1653,notApplicable,0.0,notApplicable,0.0,notApplicable,0.0,applicable,4.94,9123200
"NH 44, Tirunelveli, Tirunelveli","NH 44, Tirunelveli",Tirunelveli,Tirunelveli,Tamil Nadu,394,Apartment,2,2,2004,Excellent,8.7139,77.7567,applicable,1.99,notApplicable,0.0,notApplicable,0.0,applicable,3.93,871000
"Ettayapuram Rd, Thoothukudi",Ettayapuram Rd,Thoothukudi,Thoothukudi,Tamil Nadu,696,Independent House,4,4,2022,Excellent,8.813,78.1341,applicable,3.42,applicable,2.87,notApplicable,0.0,notApplicable,0.0,1902700
"East Coast Rd, Thiruvanmiyur, Chennai","East Coast Rd, Thiruvanmiyur",Chennai,Chennai,Tamil Nadu,829,Duplex,3,3,1997,Good,12.9834,80.259,applicable,2.31,applicable,3.22,notApplicable,0.0,applicable,3.78,4489600
"Avinashi Rd, Peelamedu, Coimbatore","Avinashi Rd, Peelamedu",Coimbatore,Coimbatore,Tamil Nadu,804,Apartment,4,3,2019,Excellent,11.0183,76.997,applicable,4.98,applicable,5.3,notApplicable,0.0,notApplicable,0.0,3111400
"Sathyamangalam Rd, Edayarpalayam, Erode","Sathyamangalam Rd, Edayarpalayam",Erode,Erode,Tamil Nadu,1873,Apartment,2,1,2024,Needs Renovation,11.349,77.6951,applicable,3.98,notApplicable,0.0,applicable,4.96,applicable,3.6,3524900
"Trichy Rd, Singanallur, Coimbatore","Trichy Rd, Singanallur",Coimbatore,Coimbatore,Tamil Nadu,2931,Duplex,4,5,1999,Good,10.9979,76.9994,applicable,4.55,applicable,0.45,applicable,3.4,applicable,1.9,11531100
"MTP Rd, Coimbatore",MTP Rd,Coimbatore,Coimbatore,Tamil Nadu,2168,Villa,2,1,1993,Excellent,11.0616,76.9366,applicable,2.81,notApplicable,0.0,applicable,4.32,notApplicable,0.0,9880400
"Avinashi Rd, Peelamedu, Coimbatore","Avinashi Rd, Peelamedu",Coimbatore,Coimbatore,Tamil Nadu,1392,Apartment,5,6,2000,Excellent,11.0183,76.997,applicable,2.76,applicable,5.1,notApplicable,0.0,applicable,4.21,4867700
"Gandhipuram Cross Cut, Coimbatore",Gandhipuram Cross Cut,Coimbatore,Coimbatore,Tamil Nadu,1621,Villa,1,1,1995,Good,11.0175,76.9725,notApplicable,0.0,notApplicable,0.0,notApplicable,0.0,applicable,0.3,7814700
"Simmakkal, Madurai",Simmakkal,Madurai,Madurai,Tamil Nadu,390,Independent House,2,1,2009,Needs Renovation,9.921,78.1197,applicable,4.32,applicable,0.72,applicable,2.4,notApplicable,0.0,1206400
"Alagarkoil Rd, Madurai",Alagarkoil Rd,Madurai,Madurai,Tamil Nadu,1042,Villa,5,4,2000,Good,9.9677,78.1653,notApplicable,0.0,applicable,5.23,applicable,0.71,applicable,3.89,3710900
"Simmakkal, Madurai",Simmakkal,Madurai,Madurai,Tamil Nadu,1662,Independent House,2,2,2000,Needs Renovation,9.921,78.1197,applicable,5.27,applicable,4.67,applicable,3.75,applicable,1.26,3926300
"Rajapalayam Rd, Virudhunagar",Rajapalayam Rd,Virudhunagar,Virudhunagar,Tamil Nadu,4098,Apartment,5,5,2019,Needs Renovation,9.4523,77.5533,applicable,3.93,applicable,1.75,applicable,3.07,applicable,2.91,5957600
"Sathyamangalam Rd, Edayarpalayam, Erode","Sathyamangalam Rd, Edayarpalayam",Erode,Erode,Tamil Nadu,1502,Duplex,5,5,2009,Good,11.349,77.6951,applicable,1.01,applicable,4.51,applicable,1.38,applicable,0.75,4415000
"Sathyamangalam Rd, Edayarpalayam, Erode","Sathyamangalam Rd, Edayarpalayam",Erode,Erode,Tamil Nadu,801,Duplex,4,4,2015,Excellent,11.349,77.6951,notApplicable,0.0,applicable,1.73,notApplicable,0.0,applicable,3.72,2876400
"100 Feet Rd, Velachery, Chennai","100 Feet Rd, Velachery",Chennai,Chennai,Tamil Nadu,3871,Villa,1,2,2019,Good,12.9791,80.2209,applicable,4.12,applicable,3.46,applicable,2.79,applicable,3.1,24258200
"Trichy Rd, Singanallur, Coimbatore","Trichy Rd, Singanallur",Coimbatore,Coimbatore,Tamil Nadu,897,Apartment,5,4,2002,Needs Renovation,10.9979,76.9994,notApplicable,0.0,applicable,3.16,notApplicable,0.0,notApplicable,0.0,2883200
"MTP Rd, Coimbatore",MTP Rd,Coimbatore,Coimbatore,Tamil Nadu,1822,Independent House,1,1,1992,Good,11.0616,76.9366,applicable,0.97,applicable,5.82,notApplicable,0.0,applicable,1.73,7099100
"Gandhipuram Cross Cut, Coimbatore",Gandhipuram Cross Cut,Coimbatore,Coimbatore,Tamil Nadu,3612,Villa,4,4,2009,Excellent,11.0175,76.9725,notApplicable,0.0,notApplicable,0.0,notApplicable,0.0,applicable,4.37,20000900
"Simmakkal, Madurai",Simmakkal,Madurai,Madurai,Tamil Nadu,2737,Independent House,2,1,1994,Good,9.921,78.1197,applicable,2.08,applicable,2.14,applicable,0.53,applicable,0.71,8496100
"East Coast Rd, Thiruvanmiyur, Chennai","East Coast Rd, Thiruvanmiyur",Chennai,Chennai,Tamil Nadu,1999,Apartment,2,1,1998,Excellent,12.9834,80.259,notApplicable,0.0,notApplicable,0.0,applicable,5.44,applicable,3.59,10086200
"Rajapalayam Rd, Virudhunagar",Rajapalayam Rd,Virudhunagar,Virudhunagar,Tamil Nadu,1026,Independent House,1,2,2017,Good,9.4523,77.5533,notApplicable,0.0,applicable,4.94,applicable,4.34,applicable,2.7,2303800
"100 Feet Rd, Velachery, Chennai","100 Feet Rd, Velachery",Chennai,Chennai,Tamil Nadu,543,Apartment,5,6,2021,Excellent,12.9791,80.2209,applicable,2.32,notApplicable,0.0,notApplicable,0.0,applicable,4.16,3380800
"Dindigul Rd, Palani, Palani","Dindigul Rd, Palani",Palani,Dindigul,Tamil Nadu,770,Apartment,1,1,2011,Excellent,10.4508,77.5148,applicable,2.69,notApplicable,0.0,applicable,2.62,applicable,0.4,2795900
"Alagarkoil Rd, Madurai",Alagarkoil Rd,Madurai,Madurai,Tamil Nadu,1222,Villa,2,1,1994,Needs Renovation,9.9677,78.1653,notApplicable,0.0,notApplicable,0.0,applicable,7.13,notApplicable,0.0,3880100
"Simmakkal, Madurai",Simmakkal,Madurai,Madurai,Tamil Nadu,1427,Independent House,3,2,1999,Good,9.921,78.1197,notApplicable,0.0,applicable,5.81,notApplicable,0.0,applicable,4.1,4691100
"Dindigul Rd, Palani, Palani","Dindigul Rd, Palani",Palani,Dindigul,Tamil Nadu,774,Villa,5,6,2014,Needs Renovation,10.4508,77.5148,applicable,2.17,applicable,4.66,applicable,8.93,applicable,0.98,2575700
"Trichy Rd, Singanallur, Coimbatore","Trichy Rd, Singanallur",Coimbatore,Coimbatore,Tamil Nadu,2622,Apartment,3,2,2017,Excellent,10.9979,76.9994,applicable,1.71,applicable,1.01,notApplicable,0.0,applicable,0.24,12739500
"Gandhipuram Cross Cut, Coimbatore",Gandhipuram Cross Cut,Coimbatore,Coimbatore,Tamil Nadu,1549,Apartment,4,4,2018,Good,11.0175,76.9725,notApplicable,0.0,applicable,3.15,applicable,6.06,notApplicable,0.0,5853100
"Ettayapuram Rd, Thoothukudi",Ettayapuram Rd,Thoothukudi,Thoothukudi,Tamil Nadu,2064,Duplex,5,5,1992,Good,8.813,78.1341,applicable,4.14,applicable,5.19,notApplicable,0.0,applicable,4.55,4151600
"Sathyamangalam Rd, Edayarpalayam, Erode","Sathyamangalam Rd, Edayarpalayam",Erode,Erode,Tamil Nadu,2355,Villa,2,1,2002,Good,11.349,77.6951,applicable,3.24,applicable,4.11,notApplicable,0.0,applicable,1.61,6520400
"Bypass Rd, Madurai",Bypass Rd,Madurai,Madurai,Tamil Nadu,1980,Duplex,5,4,2009,Excellent,9.924,78.135,notApplicable,0.0,applicable,5.74,notApplicable,0.0,applicable,2.56,7391000
"Bypass Rd, Madurai",Bypass Rd,Madurai,Madurai,Tamil Nadu,1120,Duplex,3,4,2014,Good,9.924,78.135,applicable,2.39,notApplicable,0.0,applicable,2.75,applicable,0.43,4432600
"East Coast Rd, Thiruvanmiyur, Chennai","East Coast Rd, Thiruvanmiyur",Chennai,Chennai,Tamil Nadu,1717,Villa,3,2,2021,Excellent,12.9834,80.259,applicable,2.56,applicable,1.64,applicable,7.45,applicable,1.1,13312800
"Dindigul Rd, Palani, Palani","Dindigul Rd, Palani",Palani,Dindigul,Tamil Nadu,740,Apartment,3,2,2007,Excellent,10.4508,77.5148,applicable,3.95,applicable,4.91,applicable,4.94,notApplicable,0.0,2383800
"East Coast Rd, Thiruvanmiyur, Chennai","East Coast Rd, Thiruvanmiyur",Chennai,Chennai,Tamil Nadu,1768,Villa,2,1,2001,Needs Renovation,12.9834,80.259,applicable,1.72,applicable,4.72,notApplicable,0.0,applicable,3.77,9770300
"Dindigul Rd, Palani, Palani","Dindigul Rd, Palani",Palani,Dindigul,Tamil Nadu,1380,Duplex,3,3,2016,Needs Renovation,10.4508,77.5148,applicable,2.88,applicable,5.69,applicable,4.17,applicable,4.4,3895800
"Simmakkal, Madurai",Simmakkal,Madurai,Madurai,Tamil Nadu,846,Apartment,4,4,2019,Excellent,9.921,78.1197,applicable,5.61,applicable,3.96,applicable,9.78,applicable,2.59,2292100
"MTP Rd, Coimbatore",MTP Rd,Coimbatore,Coimbatore,Tamil Nadu,1502,Villa,5,6,2013,Excellent,11.0616,76.9366,applicable,5.74,applicable,4.37,notApplicable,0.0,applicable,1.68,7663200
"Rajapalayam Rd, Virudhunagar",Rajapalayam Rd,Virudhunagar,Virudhunagar,Tamil Nadu,1178,Duplex,5,5,2016,Needs Renovation,9.4523,77.5533,applicable,1.8,applicable,5.4,notApplicable,0.0,applicable,0.63,2771000
"Trichy Rd, Singanallur, Coimbatore","Trichy Rd, Singanallur",Coimbatore,Coimbatore,Tamil Nadu,1255,Apartment,3,3,2021,Needs Renovation,10.9979,76.9994,applicable,2.7,applicable,5.4,notApplicable,0.0,notApplicable,0.0,4092600
"Simmakkal, Madurai",Simmakkal,Madurai,Madurai,Tamil Nadu,395,Apartment,2,3,2024,Excellent,9.921,78.1197,applicable,1.75,applicable,2.02,notApplicable,0.0,applicable,1.64,1316400
"100 Feet Rd, Velachery, Chennai","100 Feet Rd, Velachery",Chennai,Chennai,Tamil Nadu,402,Duplex,5,4,2003,Good,12.9791,80.2209,notApplicable,0.0,notApplicable,0.0,notApplicable,0.0,notApplicable,0.0,3161500
"100 Feet Rd, Velachery, Chennai","100 Feet Rd, Velachery",Chennai,Chennai,Tamil Nadu,1425,Apartment,4,3,2023,Excellent,12.9791,80.2209,applicable,3.35,notApplicable,0.0,notApplicable,0.0,applicable,3.28,8581300
"Gandhipuram Cross Cut, Coimbatore",Gandhipuram Cross Cut,Coimbatore,Coimbatore,Tamil Nadu,1035,Villa,5,5,2017,Good,11.0175,76.9725,applicable,4.3,applicable,4.64,applicable,4.3,applicable,0.82,4625100
"East Coast Rd, Thiruvanmiyur, Chennai","East Coast Rd, Thiruvanmiyur",Chennai,Chennai,Tamil Nadu,813,Apartment,3,3,2012,Good,12.9834,80.259,applicable,5.27,applicable,5.95,applicable,9.13,applicable,4.6,3554500
"Sathyamangalam Rd, Edayarpalayam, Erode","Sathyamangalam Rd, Edayarpalayam",Erode,Erode,Tamil Nadu,1365,Duplex,2,1,2003,Good,11.349,77.6951,applicable,1.43,notApplicable,0.0,applicable,9.79,applicable,4.22,3631900
"100 Feet Rd, Velachery, Chennai","100 Feet Rd, Velachery",Chennai,Chennai,Tamil Nadu,4180,Apartment,5,5,1990,Needs Renovation,12.9791,80.2209,notApplicable,0.0,applicable,2.41,notApplicable,0.0,applicable,3.83,18592900
"Alagarkoil Rd, Madurai",Alagarkoil Rd,Madurai,Madurai,Tamil Nadu,1686,Duplex,2,2,2004,Good,9.9677,78.1653,notApplicable,0.0,applicable,5.81,applicable,2.25,notApplicable,0.0,5914300
"MTP Rd, Coimbatore",MTP Rd,Coimbatore,Coimbatore,Tamil Nadu,2312,Independent House,4,5,1996,Needs Renovation,11.0616,76.9366,applicable,4.51,notApplicable,0.0,notApplicable,0.0,applicable,4.52,7225300
"Gandhipuram Cross Cut, Coimbatore",Gandhipuram Cross Cut,Coimbatore,Coimbatore,Tamil Nadu,1235,Villa,2,2,1998,Good,11.0175,76.9725,applicable,5.85,applicable,1.08,applicable,1.25,applicable,4.27,5133300
"Dindigul Rd, Palani, Palani","Dindigul Rd, Palani",Palani,Dindigul,Tamil Nadu,2865,Duplex,4,4,2020,Excellent,10.4508,77.5148,applicable,5.23,applicable,1.71,applicable,6.25,applicable,3.07,11107700
"Dindigul Rd, Palani, Palani","Dindigul Rd, Palani",Palani,Dindigul,Tamil Nadu,2997,Apartment,2,1,2000,Good,10.4508,77.5148,notApplicable,0.0,applicable,4.44,applicable,9.79,applicable,0.15,8657000
"Trichy Rd, Singanallur, Coimbatore","Trichy Rd, Singanallur",Coimbatore,Coimbatore,Tamil Nadu,2005,Independent House,1,1,2002,Excellent,10.9979,76.9994,notApplicable,0.0,applicable,1.3,notApplicable,0.0,notApplicable,0.0,10088600
"Avinashi Rd, Peelamedu, Coimbatore","Avinashi Rd, Peelamedu",Coimbatore,Coimbatore,Tamil Nadu,1160,Independent House,1,1,2025,Needs Renovation,11.0183,76.997,applicable,3.78,notApplicable,0.0,notApplicable,0.0,applicable,2.54,4261400
"Simmakkal, Madurai",Simmakkal,Madurai,Madurai,Tamil Nadu,931,Duplex,5,4,1999,Needs Renovation,9.921,78.1197,applicable,2.5,notApplicable,0.0,notApplicable,0.0,notApplicable,0.0,3142000
"East Coast Rd, Thiruvanmiyur, Chennai","East Coast Rd, Thiruvanmiyur",Chennai,Chennai,Tamil Nadu,4102,Duplex,2,1,2004,Needs Renovation,12.9834,80.259,applicable,1.69,applicable,2.48,applicable,0.87,applicable,3.28,21632800
"NH 44, Tirunelveli, Tirunelveli","NH 44, Tirunelveli",Tirunelveli,Tirunelveli,Tamil Nadu,2019,Apartment,1,1,1995,Excellent,8.7139,77.7567,applicable,1.22,applicable,2.14,applicable,4.86,applicable,0.17,4175900
"NH 44, Tirunelveli, Tirunelveli","NH 44, Tirunelveli",Tirunelveli,Tirunelveli,Tamil Nadu,962,Villa,1,1,2000,Needs Renovation,8.7139,77.7567,notApplicable,0.0,notApplicable,0.0,notApplicable,0.0,applicable,3.49,2586400
"100 Feet Rd, Velachery, Chennai","100 Feet Rd, Velachery",Chennai,Chennai,Tamil Nadu,871,Villa,1,1,2007,Excellent,12.9791,80.2209,applicable,3.34,applicable,2.62,applicable,4.67,notApplicable,0.0,6088700
"Rajapalayam Rd, Virudhunagar",Rajapalayam Rd,Virudhunagar,Virudhunagar,Tamil Nadu,1666,Duplex,1,1,2002,Needs Renovation,9.4523,77.5533,notApplicable,0.0,notApplicable,0.0,notApplicable,0.0,applicable,4.54,3486900
"Ettayapuram Rd, Thoothukudi",Ettayapuram Rd,Thoothukudi,Thoothukudi,Tamil Nadu,2664,Duplex,1,2,2008,Good,8.813,78.1341,notApplicable,0.0,applicable,2.99,notApplicable,0.0,applicable,1.05,7416200
"Alagarkoil Rd, Madurai",Alagarkoil Rd,Madurai,Madurai,Tamil Nadu,434,Apartment,1,1,1992,Good,9.9677,78.1653,notApplicable,0.0,applicable,5.95,applicable,5.42,notApplicable,0.0,1205800
"MTP Rd, Coimbatore",MTP Rd,Coimbatore,Coimbatore,Tamil Nadu,3373,Apartment,2,2,2001,Good,11.0616,76.9366,applicable,4.11,applicable,1.13,notApplicable,0.0,applicable,4.87,10158700
"Trichy Rd, Singanallur, Coimbatore","Trichy Rd, Singanallur",Coimbatore,Coimbatore,Tamil Nadu,1893,Independent House,4,4,2018,Needs Renovation,10.9979,76.9994,notApplicable,0.0,applicable,4.82,notApplicable,0.0,applicable,4.1,7031500
"Sathyamangalam Rd, Edayarpalayam, Erode","Sathyamangalam Rd, Edayarpalayam",Erode,Erode,Tamil Nadu,3016,Duplex,4,4,1998,Excellent,11.349,77.6951,applicable,5.85,applicable,5.24,applicable,2.32,applicable,1.94,7943100
"100 Feet Rd, Velachery, Chennai","100 Feet Rd, Velachery",Chennai,Chennai,Tamil Nadu,1060,Apartment,5,6,2023,Good,12.9791,80.2209,applicable,1.22,applicable,0.68,applicable,2.03,notApplicable,0.0,6581800
"Alagarkoil Rd, Madurai",Alagarkoil Rd,Madurai,Madurai,Tamil Nadu,2423,Duplex,1,1,2001,Good,9.9677,78.1653,applicable,3.73,applicable,1.31,notApplicable,0.0,applicable,2.15,8444600
"Ettayapuram Rd, Thoothukudi",Ettayapuram Rd,Thoothukudi,Thoothukudi,Tamil Nadu,844,Independent House,1,1,2000,Good,8.813,78.1341,notApplicable,0.0,applicable,0.47,applicable,9.81,applicable,2.75,1934800
"Gandhipuram Cross Cut, Coimbatore",Gandhipuram Cross Cut,Coimbatore,Coimbatore,Tamil Nadu,2994,Duplex,4,4,1991,Excellent,11.0175,76.9725,notApplicable,0.0,applicable,3.77,notApplicable,0.0,applicable,1.16,14523300
"Alagarkoil Rd, Madurai",Alagarkoil Rd,Madurai,Madurai,Tamil Nadu,2086,Apartment,3,2,2014,Good,9.9677,78.1653,applicable,4.92,notApplicable,0.0,notApplicable,0.0,applicable,0.43,6364000
"NH 44, Tirunelveli, Tirunelveli","NH 44, Tirunelveli",Tirunelveli,Tirunelveli,Tamil Nadu,835,Independent House,1,1,1992,Good,8.7139,77.7567,notApplicable,0.0,applicable,4.88,notApplicable,0.0,applicable,2.95,1791500
"Trichy Rd, Singanallur, Coimbatore","Trichy Rd, Singanallur",Coimbatore,Coimbatore,Tamil Nadu,1139,Duplex,5,6,2000,Excellent,10.9979,76.9994,notApplicable,0.0,notApplicable,0.0,applicable,7.21,applicable,0.33,5896700
"Alagarkoil Rd, Madurai",Alagarkoil Rd,Madurai,Madurai,Tamil Nadu,1147,Duplex,2,2,2007,Good,9.9677,78.1653,applicable,0.27,applicable,4.15,applicable,4.8,applicable,1.65,3551800
"Trichy Rd, Singanallur, Coimbatore","Trichy Rd, Singanallur",Coimbatore,Coimbatore,Tamil Nadu,2675,Duplex,4,4,1990,Good,10.9979,76.9994,applicable,2.67,applicable,2.55,applicable,5.09,applicable,4.62,7563800
"MTP Rd, Coimbatore",MTP Rd,Coimbatore,Coimbatore,Tamil Nadu,1128,Villa,5,4,2021,Good,11.0616,76.9366,applicable,4.07,applicable,2.26,applicable,2.88,applicable,3.43,4330200
"East Coast Rd, Thiruvanmiyur, Chennai","East Coast Rd, Thiruvanmiyur",Chennai,Chennai,Tamil Nadu,1582,Independent House,5,5,1994,Needs Renovation,12.9834,80.259,applicable,2.1,applicable,2.53,applicable,7.24,applicable,0.76,7379800
"Alagarkoil Rd, Madurai",Alagarkoil Rd,Madurai,Madurai,Tamil Nadu,2800,Villa,4,4,2024,Needs Renovation,9.9677,78.1653,applicable,0.23,applicable,5.68,applicable,8.54,applicable,1.22,10044800
"East Coast Rd, Thiruvanmiyur, Chennai","East Coast Rd, Thiruvanmiyur",Chennai,Chennai,Tamil Nadu,520,Apartment,5,5,2010,Good,12.9834,80.259,applicable,4.16,applicable,5.85,notApplicable,0.0,applicable,0.61,2582300
"Alagarkoil Rd, Madurai",Alagarkoil Rd,Madurai,Madurai,Tamil Nadu,1808,Independent House,2,3,2020,Needs Renovation,9.9677,78.1653,notApplicable,0.0,notApplicable,0.0,applicable,6.53,applicable,3.16,5325900
"East Coast Rd, Thiruvanmiyur, Chennai","East Coast Rd, Thiruvanmiyur",Chennai,Chennai,Tamil Nadu,2096,Independent House,4,4,2001,Excellent,12.9834,80.259,applicable,2.04,applicable,1.85,notApplicable,0.0,applicable,2.44,14419300
"Dindigul Rd, Palani, Palani","Dindigul Rd, Palani",Palani,Dindigul,Tamil Nadu,1837,Villa,3,3,2016,Good,10.4508,77.5148,notApplicable,0.0,applicable,4.29,notApplicable,0.0,notApplicable,0.0,8739300
"East Coast Rd, Thiruvanmiyur, Chennai","East Coast Rd, Thiruvanmiyur",Chennai,Chennai,Tamil Nadu,604,Apartment,3,4,2000,Good,12.9834,80.259,applicable,0.53,applicable,2.33,notApplicable,0.0,applicable,2.31,3345800
"100 Feet Rd, Velachery, Chennai","100 Feet Rd, Velachery",Chennai,Chennai,Tamil Nadu,359,Duplex,3,4,1992,Good,12.9791,80.2209,notApplicable,0.0,applicable,5.2,applicable,2.77,applicable,1.74,2056300
"NH 44, Tirunelveli, Tirunelveli","NH 44, Tirunelveli",Tirunelveli,Tirunelveli,Tamil Nadu,423,Independent House,5,5,1999,Good,8.7139,77.7567,notApplicable,0.0,applicable,3.11,notApplicable,0.0,applicable,4.69,1009300
"MTP Rd, Coimbatore",MTP Rd,Coimbatore,Coimbatore,Tamil Nadu,1168,Independent House,4,5,1995,Excellent,11.0616,76.9366,applicable,0.2,applicable,0.31,notApplicable,0.0,notApplicable,0.0,6458500
"MTP Rd, Coimbatore",MTP Rd,Coimbatore,Coimbatore,Tamil Nadu,3321,Independent House,3,2,2015,Excellent,11.0616,76.9366,notApplicable,0.0,applicable,1.06,notApplicable,0.0,applicable,3.69,17301100
"Ettayapuram Rd, Thoothukudi",Ettayapuram Rd,Thoothukudi,Thoothukudi,Tamil Nadu,406,Independent House,2,2,2002,Good,8.813,78.1341,applicable,0.62,applicable,3.64,notApplicable,0.0,notApplicable,0.0,1091700
"MTP Rd, Coimbatore",MTP Rd,Coimbatore,Coimbatore,Tamil Nadu,758,Villa,5,4,1997,Needs Renovation,11.0616,76.9366,applicable,2.74,applicable,4.58,notApplicable,0.0,applicable,4.54,2435700
"Dindigul Rd, Palani, Palani","Dindigul Rd, Palani",Palani,Dindigul,Tamil Nadu,538,Duplex,3,2,2019,Needs Renovation,10.4508,77.5148,notApplicable,0.0,notApplicable,0.0,applicable,2.45,applicable,0.66,2039400
"Gandhipuram Cross Cut, Coimbatore",Gandhipuram Cross Cut,Coimbatore,Coimbatore,Tamil Nadu,2406,Independent House,1,1,2004,Good,11.0175,76.9725,applicable,4.47,applicable,4.23,applicable,5.52,applicable,2.93,7122600
"Avinashi Rd, Peelamedu, Coimbatore","Avinashi Rd, Peelamedu",Coimbatore,Coimbatore,Tamil Nadu,926,Duplex,5,6,1992,Excellent,11.0183,76.997,notApplicable,0.0,applicable,5.91,notApplicable,0.0,notApplicable,0.0,4113100
"Alagarkoil Rd, Madurai",Alagarkoil Rd,Madurai,Madurai,Tamil Nadu,877,Apartment,5,4,2006,Needs Renovation,9.9677,78.1653,applicable,5.42,applicable,3.54,applicable,2.75,applicable,0.14,2022500
"Bypass Rd, Madurai",Bypass Rd,Madurai,Madurai,Tamil Nadu,1688,Independent House,3,2,2006,Good,9.924,78.135,applicable,4.61,notApplicable,0.0,applicable,5.29,applicable,3.36,4553600
"Sathyamangalam Rd, Edayarpalayam, Erode","Sathyamangalam Rd, Edayarpalayam",Erode,Erode,Tamil Nadu,1835,Villa,1,1,1996,Excellent,11.349,77.6951,applicable,1.04,applicable,0.43,applicable,1.07,applicable,1.49,6505100
"Trichy Rd, Singanallur, Coimbatore","Trichy Rd, Singanallur",Coimbatore,Coimbatore,Tamil Nadu,3066,Villa,2,2,1993,Needs Renovation,10.9979,76.9994,applicable,0.71,notApplicable,0.0,applicable,3.8,applicable,4.32,10727700
"Rajapalayam Rd, Virudhunagar",Rajapalayam Rd,Virudhunagar,Virudhunagar,Tamil Nadu,3816,Apartment,4,3,2014,Good,9.4523,77.5533,applicable,4.6,applicable,5.79,applicable,9.92,applicable,3.82,5822700
"NH 44, Tirunelveli, Tirunelveli","NH 44, Tirunelveli",Tirunelveli,Tirunelveli,Tamil Nadu,571,Duplex,3,3,1993,Good,8.7139,77.7567,applicable,0.24,applicable,5.71,applicable,4.21,applicable,2.36,1190500
"100 Feet Rd, Velachery, Chennai","100 Feet Rd, Velachery",Chennai,Chennai,Tamil Nadu,1357,Villa,5,5,1999,Needs Renovation,12.9791,80.2209,notApplicable,0.0,applicable,0.54,applicable,8.78,applicable,1.12,8483000
"Sathyamangalam Rd, Edayarpalayam, Erode","Sathyamangalam Rd, Edayarpalayam",Erode,Erode,Tamil Nadu,1073,Apartment,1,1,2016,Good,11.349,77.6951,applicable,3.28,applicable,4.8,notApplicable,0.0,applicable,4.89,2327500
"East Coast Rd, Thiruvanmiyur, Chennai","East Coast Rd, Thiruvanmiyur",Chennai,Chennai,Tamil Nadu,539,Apartment,1,1,2007,Good,12.9834,80.259,applicable,0.51,applicable,3.57,notApplicable,0.0,applicable,4.49,2671600
"Trichy Rd, Singanallur, Coimbatore","Trichy Rd, Singanallur",Coimbatore,Coimbatore,Tamil Nadu,2239,Duplex,5,5,2023,Good,10.9979,76.9994,applicable,1.27,applicable,2.89,applicable,4.21,applicable,1.82,8846500
"MTP Rd, Coimbatore",MTP Rd,Coimbatore,Coimbatore,Tamil Nadu,1084,Duplex,4,4,1991,Excellent,11.0616,76.9366,applicable,4.98,applicable,2.01,applicable,3.15,applicable,4.3,3938000
"100 Feet Rd, Velachery, Chennai","100 Feet Rd, Velachery",Chennai,Chennai,Tamil Nadu,892,Villa,5,4,2007,Needs Renovation,12.9791,80.2209,applicable,4.44,applicable,4.26,applicable,6.81,applicable,2.34,4440600
"Rajapalayam Rd, Virudhunagar",Rajapalayam Rd,Virudhunagar,Virudhunagar,Tamil Nadu,3379,Villa,4,4,2004,Excellent,9.4523,77.5533,notApplicable,0.0,applicable,2.91,applicable,6.5,applicable,4.57,9376800
"Gandhipuram Cross Cut, Coimbatore",Gandhipuram Cross Cut,Coimbatore,Coimbatore,Tamil Nadu,1973,Independent House,5,5,2019,Good,11.0175,76.9725,notApplicable,0.0,applicable,5.17,notApplicable,0.0,applicable,4.55,8377900
"East Coast Rd, Thiruvanmiyur, Chennai","East Coast Rd, Thiruvanmiyur",Chennai,Chennai,Tamil Nadu,470,Villa,4,4,2023,Excellent,12.9834,80.259,notApplicable,0.0,applicable,2.01,notApplicable,0.0,notApplicable,0.0,4936400
"Rajapalayam Rd, Virudhunagar",Rajapalayam Rd,Virudhunagar,Virudhunagar,Tamil Nadu,533,Apartment,4,4,1991,Good,9.4523,77.5533,applicable,2.25,applicable,4.86,notApplicable,0.0,notApplicable,0.0,896500
"Trichy Rd, Singanallur, Coimbatore","Trichy Rd, Singanallur",Coimbatore,Coimbatore,Tamil Nadu,3242,Apartment,1,1,2025,Needs Renovation,10.9979,76.9994,applicable,5.04,applicable,3.64,applicable,9.09,applicable,4.14,8502100
"Bypass Rd, Madurai",Bypass Rd,Madurai,Madurai,Tamil Nadu,1556,Villa,1,2,1993,Good,9.924,78.135,applicable,4.66,notApplicable,0.0,notApplicable,0.0,applicable,2.46,5630200
"Alagarkoil Rd, Madurai",Alagarkoil Rd,Madurai,Madurai,Tamil Nadu,866,Apartment,5,5,2018,Excellent,9.9677,78.1653,applicable,3.08,applicable,0.81,applicable,9.44,applicable,3.52,2671500
"100 Feet Rd, Velachery, Chennai","100 Feet Rd, Velachery",Chennai,Chennai,Tamil Nadu,925,Villa,1,1,2009,Needs Renovation,12.9791,80.2209,applicable,4.33,applicable,5.74,notApplicable,0.0,applicable,1.1,5891100
"East Coast Rd, Thiruvanmiyur, Chennai","East Coast Rd, Thiruvanmiyur",Chennai,Chennai,Tamil Nadu,1278,Duplex,2,1,1994,Needs Renovation,12.9834,80.259,applicable,3.98,applicable,3.48,notApplicable,0.0,notApplicable,0.0,6443900
"Simmakkal, Madurai",Simmakkal,Madurai,Madurai,Tamil Nadu,1519,Villa,1,1,2004,Excellent,9.921,78.1197,applicable,3.55,applicable,3.1,applicable,2.93,notApplicable,0.0,5351200
"Alagarkoil Rd, Madurai",Alagarkoil Rd,Madurai,Madurai,Tamil Nadu,577,Duplex,4,4,2020,Excellent,9.9677,78.1653,applicable,3.61,notApplicable,0.0,applicable,2.32,applicable,2.79,2059200
"East Coast Rd, Thiruvanmiyur, Chennai","East Coast Rd, Thiruvanmiyur",Chennai,Chennai,Tamil Nadu,2135,Apartment,4,4,1991,Good,12.9834,80.259,notApplicable,0.0,notApplicable,0.0,notApplicable,0.0,applicable,4.96,10736900
"NH 44, Tirunelveli, Tirunelveli","NH 44, Tirunelveli",Tirunelveli,Tirunelveli,Tamil Nadu,3639,Apartment,2,1,2025,Excellent,8.7139,77.7567,applicable,2.8,applicable,1.31,applicable,7.4,applicable,4.11,7787200
"Trichy Rd, Singanallur, Coimbatore","Trichy Rd, Singanallur",Coimbatore,Coimbatore,Tamil Nadu,3377,Duplex,4,4,1999,Excellent,10.9979,76.9994,notApplicable,0.0,applicable,0.29,notApplicable,0.0,applicable,1.12,17268500
"Avinashi Rd, Peelamedu, Coimbatore","Avinashi Rd, Peelamedu",Coimbatore,Coimbatore,Tamil Nadu,1219,Villa,3,4,2012,Good,11.0183,76.997,applicable,4.19,applicable,3.48,notApplicable,0.0,applicable,2.34,5597700
"NH 44, Tirunelveli, Tirunelveli","NH 44, Tirunelveli",Tirunelveli,Tirunelveli,Tamil Nadu,1009,Villa,2,2,2004,Good,8.7139,77.7567,applicable,1.72,notApplicable,0.0,applicable,4.26,notApplicable,0.0,2946000
"Avinashi Rd, Peelamedu, Coimbatore","Avinashi Rd, Peelamedu",Coimbatore,Coimbatore,Tamil Nadu,2639,Apartment,3,4,2021,Needs Renovation,11.0183,76.997,applicable,5.35,applicable,4.07,notApplicable,0.0,notApplicable,0.0,8761800
"Dindigul Rd, Palani, Palani","Dindigul Rd, Palani",Palani,Dindigul,Tamil Nadu,1833,Villa,1,1,2004,Needs Renovation,10.4508,77.5148,notApplicable,0.0,applicable,5.53,applicable,8.51,applicable,1.86,5676800
"Dindigul Rd, Palani, Palani","Dindigul Rd, Palani",Palani,Dindigul,Tamil Nadu,856,Duplex,4,5,2007,Needs Renovation,10.4508,77.5148,notApplicable,0.0,applicable,3.81,applicable,3.39,applicable,0.45,2827500
"NH 44, Tirunelveli, Tirunelveli","NH 44, Tirunelveli",Tirunelveli,Tirunelveli,Tamil Nadu,1893,Independent House,3,3,2005,Needs Renovation,8.7139,77.7567,applicable,2.03,applicable,2.01,applicable,8.94,applicable,2.75,3262000
"Gandhipuram Cross Cut, Coimbatore",Gandhipuram Cross Cut,Coimbatore,Coimbatore,Tamil Nadu,4100,Villa,2,2,2001,Needs Renovation,11.0175,76.9725,notApplicable,0.0,applicable,0.85,applicable,5.35,applicable,1.55,16838300
"Sathyamangalam Rd, Edayarpalayam, Erode","Sathyamangalam Rd, Edayarpalayam",Erode,Erode,Tamil Nadu,351,Apartment,3,2,2017,Good,11.349,77.6951,applicable,1.25,notApplicable,0.0,applicable,9.97,applicable,2.46,825800
"Gandhipuram Cross Cut, Coimbatore",Gandhipuram Cross Cut,Coimbatore,Coimbatore,Tamil Nadu,1188,Independent House,1,1,2022,Excellent,11.0175,76.9725,applicable,1.48,applicable,4.07,applicable,3.59,applicable,4.24,4558800
"MTP Rd, Coimbatore",MTP Rd,Coimbatore,Coimbatore,Tamil Nadu,536,Independent House,4,5,1992,Good,11.0616,76.9366,applicable,4.09,applicable,2.71,notApplicable,0.0,notApplicable,0.0,1853800
"Rajapalayam Rd, Virudhunagar",Rajapalayam Rd,Virudhunagar,Virudhunagar,Tamil Nadu,1430,Apartment,3,4,2021,Needs Renovation,9.4523,77.5533,notApplicable,0.0,applicable,3.61,notApplicable,0.0,applicable,1.92,2529700
"Rajapalayam Rd, Virudhunagar",Rajapalayam Rd,Virudhunagar,Virudhunagar,Tamil Nadu,843,Independent House,2,1,2023,Excellent,9.4523,77.5533,applicable,3.19,applicable,2.8,notApplicable,0.0,applicable,1.39,2382600
"Ettayapuram Rd, Thoothukudi",Ettayapuram Rd,Thoothukudi,Thoothukudi,Tamil Nadu,3251,Villa,2,1,2019,Excellent,8.813,78.1341,applicable,5.06,notApplicable,0.0,applicable,6.8,applicable,4.93,9141600
"Rajapalayam Rd, Virudhunagar",Rajapalayam Rd,Virudhunagar,Virudhunagar,Tamil Nadu,3629,Apartment,1,1,2004,Needs Renovation,9.4523,77.5533,applicable,2.23,applicable,1.78,applicable,5.99,notApplicable,0.0,5861700
"Simmakkal, Madurai",Simmakkal,Madurai,Madurai,Tamil Nadu,1917,Apartment,1,2,2008,Excellent,9.921,78.1197,applicable,0.37,applicable,2.28,applicable,9.86,applicable,4.19,5663500
"Alagarkoil Rd, Madurai",Alagarkoil Rd,Madurai,Madurai,Tamil Nadu,1123,Duplex,1,1,1993,Needs Renovation,9.9677,78.1653,applicable,3.43,applicable,5.89,applicable,0.85,notApplicable,0.0,2919600
"Simmakkal, Madurai",Simmakkal,Madurai,Madurai,Tamil Nadu,553,Villa,5,5,2006,Needs Renovation,9.921,78.1197,applicable,5.43,applicable,2.52,notApplicable,0.0,applicable,4.37,1539900
"Alagarkoil Rd, Madurai",Alagarkoil Rd,Madurai,Madurai,Tamil Nadu,368,Independent House,2,2,2018,Needs Renovation,9.9677,78.1653,applicable,5.04,applicable,1.77,applicable,7.58,applicable,2.69,915900
"Alagarkoil Rd, Madurai",Alagarkoil Rd,Madurai,Madurai,Tamil Nadu,3205,Duplex,5,4,2024,Needs Renovation,9.9677,78.1653,notApplicable,0.0,applicable,5.61,notApplicable,0.0,applicable,0.47,10929100
"100 Feet Rd, Velachery, Chennai","100 Feet Rd, Velachery",Chennai,Chennai,Tamil Nadu,984,Duplex,1,2,1999,Good,12.9791,80.2209,applicable,4.79,applicable,2.41,applicable,1.55,applicable,4.25,5637600
"Ettayapuram Rd, Thoothukudi",Ettayapuram Rd,Thoothukudi,Thoothukudi,Tamil Nadu,3138,Villa,5,5,2021,Needs Renovation,8.813,78.1341,applicable,4.85,applicable,3.5,applicable,2.92,applicable,0.68,6851700
"Rajapalayam Rd, Virudhunagar",Rajapalayam Rd,Virudhunagar,Virudhunagar,Tamil Nadu,2004,Duplex,1,1,2017,Good,9.4523,77.5533,applicable,4.75,applicable,3.25,notApplicable,0.0,applicable,1.73,4882300
"Trichy Rd, Singanallur, Coimbatore","Trichy Rd, Singanallur",Coimbatore,Coimbatore,Tamil Nadu,566,Villa,4,3,2003,Excellent,10.9979,76.9994,applicable,4.19,applicable,2.5,notApplicable,0.0,notApplicable,0.0,2673200
"Alagarkoil Rd, Madurai",Alagarkoil Rd,Madurai,Madurai,Tamil Nadu,1139,Villa,4,4,2018,Needs Renovation,9.9677,78.1653,applicable,3.39,applicable,2.07,applicable,8.86,applicable,0.2,3596000
"Bypass Rd, Madurai",Bypass Rd,Madurai,Madurai,Tamil Nadu,1239,Independent House,3,4,2010,Good,9.924,78.135,applicable,1.33,applicable,4.29,notApplicable,0.0,applicable,3.37,3782300
"Rajapalayam Rd, Virudhunagar",Rajapalayam Rd,Virudhunagar,Virudhunagar,Tamil Nadu,400,Independent House,2,1,1993,Excellent,9.4523,77.5533,applicable,1.28,applicable,0.38,notApplicable,0.0,applicable,3.25,1007000
"MTP Rd, Coimbatore",MTP Rd,Coimbatore,Coimbatore,Tamil Nadu,949,Villa,2,2,2018,Needs Renovation,11.0616,76.9366,applicable,2.93,notApplicable,0.0,applicable,7.5,applicable,3.03,3234600
"Rajapalayam Rd, Virudhunagar",Rajapalayam Rd,Virudhunagar,Virudhunagar,Tamil Nadu,395,Apartment,2,2,2018,Excellent,9.4523,77.5533,notApplicable,0.0,applicable,0.24,applicable,5.75,applicable,1.68,1031100
"Sathyamangalam Rd, Edayarpalayam, Erode","Sathyamangalam Rd, Edayarpalayam",Erode,Erode,Tamil Nadu,1000,Villa,5,5,2002,Good,11.349,77.6951,applicable,1.06,applicable,2.71,notApplicable,0.0,applicable,1.2,2986900
"Dindigul Rd, Palani, Palani","Dindigul Rd, Palani",Palani,Dindigul,Tamil Nadu,1057,Villa,4,5,2002,Needs Renovation,10.4508,77.5148,applicable,4.1,applicable,0.64,notApplicable,0.0,applicable,1.51,3847200
"Bypass Rd, Madurai",Bypass Rd,Madurai,Madurai,Tamil Nadu,380,Apartment,1,2,2008,Needs Renovation,9.924,78.135,notApplicable,0.0,applicable,1.15,notApplicable,0.0,applicable,1.26,1122800
"Sathyamangalam Rd, Edayarpalayam, Erode","Sathyamangalam Rd, Edayarpalayam",Erode,Erode,Tamil Nadu,989,Villa,1,1,1992,Needs Renovation,11.349,77.6951,applicable,2.99,applicable,1.53,notApplicable,0.0,notApplicable,0.0,2587000
"100 Feet Rd, Velachery, Chennai","100 Feet Rd, Velachery",Chennai,Chennai,Tamil Nadu,1872,Duplex,5,5,1992,Excellent,12.9791,80.2209,applicable,5.69,applicable,1.38,applicable,7.74,applicable,1.42,10619000
"Avinashi Rd, Peelamedu, Coimbatore","Avinashi Rd, Peelamedu",Coimbatore,Coimbatore,Tamil Nadu,2800,Independent House,5,5,2020,Needs Renovation,11.0183,76.997,applicable,3.91,applicable,0.67,notApplicable,0.0,applicable,3.05,9850900
"East Coast Rd, Thiruvanmiyur, Chennai","East Coast Rd, Thiruvanmiyur",Chennai,Chennai,Tamil Nadu,2680,Villa,2,2,1995,Excellent,12.9834,80.259,applicable,2.22,notApplicable,0.0,notApplicable,0.0,applicable,1.68,21950000
"Avinashi Rd, Peelamedu, Coimbatore","Avinashi Rd, Peelamedu",Coimbatore,Coimbatore,Tamil Nadu,1962,Independent House,1,2,2019,Good,11.0183,76.997,notApplicable,0.0,notApplicable,0.0,notApplicable,0.0,applicable,2.4,9210400
"NH 44, Tirunelveli, Tirunelveli","NH 44, Tirunelveli",Tirunelveli,Tirunelveli,Tamil Nadu,503,Independent House,2,3,2013,Needs Renovation,8.7139,77.7567,applicable,5.37,applicable,0.57,notApplicable,0.0,applicable,3.64,1092600
"100 Feet Rd, Velachery, Chennai","100 Feet Rd, Velachery",Chennai,Chennai,Tamil Nadu,1378,Apartment,1,2,2016,Needs Renovation,12.9791,80.2209,applicable,1.08,notApplicable,0.0,notApplicable,0.0,applicable,3.99,6942800
"Dindigul Rd, Palani, Palani","Dindigul Rd, Palani",Palani,Dindigul,Tamil Nadu,2109,Independent House,4,3,2013,Excellent,10.4508,77.5148,applicable,6.0,applicable,2.95,notApplicable,0.0,applicable,4.59,8575300
"100 Feet Rd, Velachery, Chennai","100 Feet Rd, Velachery",Chennai,Chennai,Tamil Nadu,3879,Duplex,3,3,2014,Excellent,12.9791,80.2209,applicable,0.87,notApplicable,0.0,notApplicable,0.0,applicable,1.23,31814200
"NH 44, Tirunelveli, Tirunelveli","NH 44, Tirunelveli",Tirunelveli,Tirunelveli,Tamil Nadu,1130,Duplex,4,3,1991,Excellent,8.7139,77.7567,applicable,4.87,applicable,5.19,notApplicable,0.0,applicable,2.24,2693200
"Gandhipuram Cross Cut, Coimbatore",Gandhipuram Cross Cut,Coimbatore,Coimbatore,Tamil Nadu,378,Villa,2,3,1992,Good,11.0175,76.9725,applicable,1.48,applicable,4.34,applicable,6.06,notApplicable,0.0,1402000
"Ettayapuram Rd, Thoothukudi",Ettayapuram Rd,Thoothukudi,Thoothukudi,Tamil Nadu,1351,Independent House,4,4,2016,Needs Renovation,8.813,78.1341,applicable,4.94,applicable,1.46,notApplicable,0.0,applicable,4.41,2831600
"Simmakkal, Madurai",Simmakkal,Madurai,Madurai,Tamil Nadu,1977,Independent House,2,2,1990,Good,9.921,78.1197,applicable,0.39,applicable,4.55,notApplicable,0.0,applicable,4.04,5751700
"East Coast Rd, Thiruvanmiyur, Chennai","East Coast Rd, Thiruvanmiyur",Chennai,Chennai,Tamil Nadu,3747,Villa,2,2,1994,Excellent,12.9834,80.259,notApplicable,0.0,notApplicable,0.0,notApplicable,0.0,applicable,1.97,33301100
"Alagarkoil Rd, Madurai",Alagarkoil Rd,Madurai,Madurai,Tamil Nadu,1087,Villa,1,1,2013,Excellent,9.9677,78.1653,applicable,4.12,applicable,5.28,applicable,1.95,notApplicable,0.0,4552600
"East Coast Rd, Thiruvanmiyur, Chennai","East Coast Rd, Thiruvanmiyur",Chennai,Chennai,Tamil Nadu,1977,Apartment,5,5,2013,Needs Renovation,12.9834,80.259,applicable,4.43,applicable,0.44,notApplicable,0.0,applicable,2.32,9996100
"Avinashi Rd, Peelamedu, Coimbatore","Avinashi Rd, Peelamedu",Coimbatore,Coimbatore,Tamil Nadu,3776,Apartment,1,1,2025,Needs Renovation,11.0183,76.997,notApplicable,0.0,applicable,4.87,applicable,3.44,notApplicable,0.0,12085400
"Rajapalayam Rd, Virudhunagar",Rajapalayam Rd,Virudhunagar,Virudhunagar,Tamil Nadu,787,Duplex,3,3,1996,Good,9.4523,77.5533,notApplicable,0.0,applicable,2.38,notApplicable,0.0,notApplicable,0.0,2083300
"Gandhipuram Cross Cut, Coimbatore",Gandhipuram Cross Cut,Coimbatore,Coimbatore,Tamil Nadu,405,Apartment,2,2,2002,Good,11.0175,76.9725,notApplicable,0.0,applicable,2.19,notApplicable,0.0,applicable,3.23,1291300
"NH 44, Tirunelveli, Tirunelveli","NH 44, Tirunelveli",Tirunelveli,Tirunelveli,Tamil Nadu,3541,Independent House,4,4,1998,Excellent,8.7139,77.7567,applicable,5.04,applicable,4.87,notApplicable,0.0,applicable,1.62,8235900
"Trichy Rd, Singanallur, Coimbatore","Trichy Rd, Singanallur",Coimbatore,Coimbatore,Tamil Nadu,2793,Villa,3,3,2021,Good,10.9979,76.9994,applicable,3.75,notApplicable,0.0,applicable,8.47,applicable,3.74,11432500
"Gandhipuram Cross Cut, Coimbatore",Gandhipuram Cross Cut,Coimbatore,Coimbatore,Tamil Nadu,1545,Duplex,1,1,2012,Needs Renovation,11.0175,76.9725,applicable,3.82,applicable,3.42,applicable,3.94,applicable,2.88,4782300
"Simmakkal, Madurai",Simmakkal,Madurai,Madurai,Tamil Nadu,894,Duplex,2,1,2006,Needs Renovation,9.921,78.1197,notApplicable,0.0,applicable,0.49,applicable,1.51,notApplicable,0.0,3213500
"Dindigul Rd, Palani, Palani","Dindigul Rd, Palani",Palani,Dindigul,Tamil Nadu,2799,Independent House,3,4,2024,Good,10.4508,77.5148,applicable,1.97,notApplicable,0.0,notApplicable,0.0,applicable,3.71,11241800
"Dindigul Rd, Palani, Palani","Dindigul Rd, Palani",Palani,Dindigul,Tamil Nadu,3705,Independent House,3,2,2022,Excellent,10.4508,77.5148,notApplicable,0.0,applicable,0.77,notApplicable,0.0,applicable,2.03,18131600
"Sathyamangalam Rd, Edayarpalayam, Erode","Sathyamangalam Rd, Edayarpalayam",Erode,Erode,Tamil Nadu,578,Duplex,2,2,2021,Excellent,11.349,77.6951,applicable,1.97,applicable,4.93,applicable,8.26,applicable,1.15,1836000
"MTP Rd, Coimbatore",MTP Rd,Coimbatore,Coimbatore,Tamil Nadu,1113,Villa,5,5,1999,Excellent,11.0616,76.9366,applicable,1.02,applicable,5.81,applicable,3.28,notApplicable,0.0,4951600
"Alagarkoil Rd, Madurai",Alagarkoil Rd,Madurai,Madurai,Tamil Nadu,469,Villa,2,2,1997,Excellent,9.9677,78.1653,applicable,4.43,applicable,4.94,notApplicable,0.0,applicable,3.76,1767400
"Trichy Rd, Singanallur, Coimbatore","Trichy Rd, Singanallur",Coimbatore,Coimbatore,Tamil Nadu,3147,Independent House,5,4,2006,Needs Renovation,10.9979,76.9994,applicable,3.92,notApplicable,0.0,notApplicable,0.0,notApplicable,0.0,12425900
"Simmakkal, Madurai",Simmakkal,Madurai,Madurai,Tamil Nadu,373,Duplex,2,1,2008,Good,9.921,78.1197,applicable,4.4,applicable,2.94,applicable,2.1,applicable,3.86,1048800
"Ettayapuram Rd, Thoothukudi",Ettayapuram Rd,Thoothukudi,Thoothukudi,Tamil Nadu,637,Independent House,1,1,2019,Good,8.813,78.1341,applicable,1.66,notApplicable,0.0,applicable,1.78,applicable,3.78,1629400
"Avinashi Rd, Peelamedu, Coimbatore","Avinashi Rd, Peelamedu",Coimbatore,Coimbatore,Tamil Nadu,1560,Apartment,3,2,1990,Needs Renovation,11.0183,76.997,notApplicable,0.0,notApplicable,0.0,notApplicable,0.0,applicable,1.65,4709000
"Alagarkoil Rd, Madurai",Alagarkoil Rd,Madurai,Madurai,Tamil Nadu,1128,Independent House,1,2,2017,Excellent,9.9677,78.1653,notApplicable,0.0,applicable,1.87,notApplicable,0.0,applicable,3.89,4555200
"Avinashi Rd, Peelamedu, Coimbatore","Avinashi Rd, Peelamedu",Coimbatore,Coimbatore,Tamil Nadu,2687,Apartment,1,1,2023,Excellent,11.0183,76.997,notApplicable,0.0,applicable,5.56,notApplicable,0.0,notApplicable,0.0,11943200
"100 Feet Rd, Velachery, Chennai","100 Feet Rd, Velachery",Chennai,Chennai,Tamil Nadu,3575,Independent House,4,4,2008,Needs Renovation,12.9791,80.2209,applicable,0.78,applicable,0.29,applicable,2.85,notApplicable,0.0,19562400
"Simmakkal, Madurai",Simmakkal,Madurai,Madurai,Tamil Nadu,928,Villa,3,4,2007,Good,9.921,78.1197,notApplicable,0.0,applicable,4.32,applicable,8.74,applicable,4.35,2989000
"East Coast Rd, Thiruvanmiyur, Chennai","East Coast Rd, Thiruvanmiyur",Chennai,Chennai,Tamil Nadu,3033,Duplex,1,1,2016,Needs Renovation,12.9834,80.259,applicable,2.59,applicable,2.75,applicable,2.27,applicable,0.8,16807200
"Gandhipuram Cross Cut, Coimbatore",Gandhipuram Cross Cut,Coimbatore,Coimbatore,Tamil Nadu,1647,Apartment,3,3,2021,Good,11.0175,76.9725,notApplicable,0.0,applicable,1.5,applicable,9.61,applicable,3.68,5555300
"Ettayapuram Rd, Thoothukudi",Ettayapuram Rd,Thoothukudi,Thoothukudi,Tamil Nadu,2475,Villa,3,3,2016,Needs Renovation,8.813,78.1341,notApplicable,0.0,applicable,2.9,applicable,5.54,applicable,4.75,5173500
"Avinashi Rd, Peelamedu, Coimbatore","Avinashi Rd, Peelamedu",Coimbatore,Coimbatore,Tamil Nadu,3950,Duplex,2,2,2016,Excellent,11.0183,76.997,applicable,5.41,applicable,0.8,notApplicable,0.0,applicable,1.98,19102800
"Simmakkal, Madurai",Simmakkal,Madurai,Madurai,Tamil Nadu,550,Apartment,3,4,2003,Good,9.921,78.1197,applicable,0.21,notApplicable,0.0,notApplicable,0.0,notApplicable,0.0,1917600
"Sathyamangalam Rd, Edayarpalayam, Erode","Sathyamangalam Rd, Edayarpalayam",Erode,Erode,Tamil Nadu,830,Villa,4,3,2014,Good,11.349,77.6951,notApplicable,0.0,notApplicable,0.0,notApplicable,0.0,applicable,0.3,3173000
"100 Feet Rd, Velachery, Chennai","100 Feet Rd, Velachery",Chennai,Chennai,Tamil Nadu,2664,Duplex,4,5,2004,Needs Renovation,12.9791,80.2209,applicable,2.54,applicable,0.31,applicable,8.12,applicable,1.87,12709900
"Dindigul Rd, Palani, Palani","Dindigul Rd, Palani",Palani,Dindigul,Tamil Nadu,837,Apartment,1,1,2019,Good,10.4508,77.5148,notApplicable,0.0,applicable,5.92,notApplicable,0.0,applicable,3.25,2815800
"Sathyamangalam Rd, Edayarpalayam, Erode","Sathyamangalam Rd, Edayarpalayam",Erode,Erode,Tamil Nadu,3205,Apartment,5,5,2013,Good,11.349,77.6951,notApplicable,0.0,applicable,3.4,applicable,0.53,notApplicable,0.0,8684600
"NH 44, Tirunelveli, Tirunelveli","NH 44, Tirunelveli",Tirunelveli,Tirunelveli,Tamil Nadu,2164,Duplex,4,3,2016,Good,8.7139,77.7567,applicable,2.57,applicable,1.26,applicable,4.33,applicable,4.87,5332300
"Trichy Rd, Singanallur, Coimbatore","Trichy Rd, Singanallur",Coimbatore,Coimbatore,Tamil Nadu,972,Villa,5,5,1991,Needs Renovation,10.9979,76.9994,applicable,0.65,applicable,2.55,notApplicable,0.0,notApplicable,0.0,3719100
"NH 44, Tirunelveli, Tirunelveli","NH 44, Tirunelveli",Tirunelveli,Tirunelveli,Tamil Nadu,922,Independent House,5,5,1993,Needs Renovation,8.7139,77.7567,applicable,5.58,notApplicable,0.0,applicable,3.35,applicable,0.86,1814800
"100 Feet Rd, Velachery, Chennai","100 Feet Rd, Velachery",Chennai,Chennai,Tamil Nadu,1124,Duplex,4,4,2020,Excellent,12.9791,80.2209,applicable,3.34,notApplicable,0.0,applicable,5.16,applicable,4.41,7104800
"Dindigul Rd, Palani, Palani","Dindigul Rd, Palani",Palani,Dindigul,Tamil Nadu,3142,Duplex,1,1,2001,Excellent,10.4508,77.5148,applicable,1.99,applicable,0.96,applicable,5.36,applicable,0.77,12729400
"100 Feet Rd, Velachery, Chennai","100 Feet Rd, Velachery",Chennai,Chennai,Tamil Nadu,1301,Duplex,2,1,1999,Needs Renovation,12.9791,80.2209,notApplicable,0.0,applicable,3.95,applicable,0.75,notApplicable,0.0,7155700
"East Coast Rd, Thiruvanmiyur, Chennai","East Coast Rd, Thiruvanmiyur",Chennai,Chennai,Tamil Nadu,984,Independent House,3,2,2018,Good,12.9834,80.259,applicable,5.12,applicable,5.65,notApplicable,0.0,applicable,0.23,6541700
"100 Feet Rd, Velachery, Chennai","100 Feet Rd, Velachery",Chennai,Chennai,Tamil Nadu,3164,Villa,1,1,1996,Good,12.9791,80.2209,applicable,4.91,notApplicable,0.0,applicable,5.35,applicable,4.74,19770100
"Rajapalayam Rd, Virudhunagar",Rajapalayam Rd,Virudhunagar,Virudhunagar,Tamil Nadu,567,Duplex,5,4,2025,Needs Renovation,9.4523,77.5533,applicable,1.96,applicable,0.54,applicable,1.41,applicable,0.61,1435200
"Trichy Rd, Singanallur, Coimbatore","Trichy Rd, Singanallur",Coimbatore,Coimbatore,Tamil Nadu,4120,Independent House,5,4,2002,Needs Renovation,10.9979,76.9994,applicable,3.78,applicable,0.42,applicable,2.32,notApplicable,0.0,14367600
"MTP Rd, Coimbatore",MTP Rd,Coimbatore,Coimbatore,Tamil Nadu,1892,Villa,3,3,2018,Needs Renovation,11.0616,76.9366,notApplicable,0.0,applicable,4.62,notApplicable,0.0,applicable,2.52,7585600
"NH 44, Tirunelveli, Tirunelveli","NH 44, Tirunelveli",Tirunelveli,Tirunelveli,Tamil Nadu,715,Villa,4,4,2009,Excellent,8.7139,77.7567,notApplicable,0.0,notApplicable,0.0,notApplicable,0.0,notApplicable,0.0,2924800
"Dindigul Rd, Palani, Palani","Dindigul Rd, Palani",Palani,Dindigul,Tamil Nadu,3303,Independent House,5,6,2001,Needs Renovation,10.4508,77.5148,notApplicable,0.0,applicable,3.24,applicable,6.35,applicable,1.56,9112200
"East Coast Rd, Thiruvanmiyur, Chennai","East Coast Rd, Thiruvanmiyur",Chennai,Chennai,Tamil Nadu,1844,Duplex,2,2,2010,Excellent,12.9834,80.259,notApplicable,0.0,applicable,2.85,applicable,2.3,applicable,0.52,13267200
"100 Feet Rd, Velachery, Chennai","100 Feet Rd, Velachery",Chennai,Chennai,Tamil Nadu,2507,Duplex,1,2,2007,Excellent,12.9791,80.2209,applicable,4.66,applicable,5.48,applicable,5.45,applicable,1.43,16151500
"100 Feet Rd, Velachery, Chennai","100 Feet Rd, Velachery",Chennai,Chennai,Tamil Nadu,3872,Independent House,3,2,2004,Excellent,12.9791,80.2209,applicable,4.07,applicable,0.8,applicable,8.0,notApplicable,0.0,24973800
"Dindigul Rd, Palani, Palani","Dindigul Rd, Palani",Palani,Dindigul,Tamil Nadu,975,Villa,1,1,1999,Excellent,10.4508,77.5148,notApplicable,0.0,applicable,2.07,applicable,7.15,applicable,1.16,4789800
"Bypass Rd, Madurai",Bypass Rd,Madurai,Madurai,Tamil Nadu,2587,Villa,5,6,2002,Good,9.924,78.135,applicable,2.76,applicable,4.17,applicable,1.89,applicable,3.68,7935100
"Bypass Rd, Madurai",Bypass Rd,Madurai,Madurai,Tamil Nadu,524,Villa,4,5,2002,Needs Renovation,9.924,78.135,notApplicable,0.0,applicable,5.3,applicable,7.33,applicable,4.89,1550500
"100 Feet Rd, Velachery, Chennai","100 Feet Rd, Velachery",Chennai,Chennai,Tamil Nadu,2187,Independent House,2,1,1996,Excellent,12.9791,80.2209,applicable,5.17,applicable,2.14,applicable,8.19,applicable,2.41,12168100
"Alagarkoil Rd, Madurai",Alagarkoil Rd,Madurai,Madurai,Tamil Nadu,1077,Villa,5,4,1990,Good,9.9677,78.1653,applicable,1.25,applicable,2.82,notApplicable,0.0,applicable,2.06,3886000
"Alagarkoil Rd, Madurai",Alagarkoil Rd,Madurai,Madurai,Tamil Nadu,2006,Independent House,5,4,2014,Needs Renovation,9.9677,78.1653,applicable,3.26,applicable,5.77,notApplicable,0.0,applicable,2.93,5166500
"Gandhipuram Cross Cut, Coimbatore",Gandhipuram Cross Cut,Coimbatore,Coimbatore,Tamil Nadu,641,Duplex,1,1,2014,Needs Renovation,11.0175,76.9725,notApplicable,0.0,applicable,0.48,notApplicable,0.0,applicable,3.43,2439600
"Rajapalayam Rd, Virudhunagar",Rajapalayam Rd,Virudhunagar,Virudhunagar,Tamil Nadu,2201,Duplex,4,4,1993,Needs Renovation,9.4523,77.5533,notApplicable,0.0,applicable,1.14,applicable,6.01,applicable,1.11,4645400
"Ettayapuram Rd, Thoothukudi",Ettayapuram Rd,Thoothukudi,Thoothukudi,Tamil Nadu,924,Independent House,2,2,1996,Needs Renovation,8.813,78.1341,notApplicable,0.0,notApplicable,0.0,notApplicable,0.0,applicable,0.61,2059000
"Alagarkoil Rd, Madurai",Alagarkoil Rd,Madurai,Madurai,Tamil Nadu,1902,Apartment,3,2,2017,Excellent,9.9677,78.1653,applicable,0.85,applicable,4.52,applicable,7.75,applicable,4.61,5398700
"Trichy Rd, Singanallur, Coimbatore","Trichy Rd, Singanallur",Coimbatore,Coimbatore,Tamil Nadu,1952,Duplex,1,1,1994,Good,10.9979,76.9994,notApplicable,0.0,applicable,5.36,applicable,5.1,applicable,2.94,6879200
"Avinashi Rd, Peelamedu, Coimbatore","Avinashi Rd, Peelamedu",Coimbatore,Coimbatore,Tamil Nadu,1830,Duplex,1,2,2002,Good,11.0183,76.997,applicable,4.11,applicable,1.93,applicable,3.2,applicable,4.63,5707100
"East Coast Rd, Thiruvanmiyur, Chennai","East Coast Rd, Thiruvanmiyur",Chennai,Chennai,Tamil Nadu,871,Independent House,2,3,1994,Good,12.9834,80.259,applicable,1.66,notApplicable,0.0,applicable,1.29,applicable,0.88,5924800
"NH 44, Tirunelveli, Tirunelveli","NH 44, Tirunelveli",Tirunelveli,Tirunelveli,Tamil Nadu,2966,Villa,4,4,2003,Excellent,8.7139,77.7567,applicable,5.07,applicable,1.31,notApplicable,0.0,applicable,4.43,9334600
"Gandhipuram Cross Cut, Coimbatore",Gandhipuram Cross Cut,Coimbatore,Coimbatore,Tamil Nadu,558,Apartment,3,4,1997,Needs Renovation,11.0175,76.9725,applicable,2.96,notApplicable,0.0,notApplicable,0.0,applicable,4.13,1591900
"100 Feet Rd, Velachery, Chennai","100 Feet Rd, Velachery",Chennai,Chennai,Tamil Nadu,1738,Duplex,3,3,2011,Excellent,12.9791,80.2209,applicable,1.74,applicable,1.35,applicable,4.4,applicable,2.9,12187100
"MTP Rd, Coimbatore",MTP Rd,Coimbatore,Coimbatore,Tamil Nadu,1059,Villa,2,3,2000,Good,11.0616,76.9366,notApplicable,0.0,applicable,3.97,notApplicable,0.0,applicable,1.31,4643600
"Dindigul Rd, Palani, Palani","Dindigul Rd, Palani",Palani,Dindigul,Tamil Nadu,1602,Duplex,1,1,2015,Needs Renovation,10.4508,77.5148,notApplicable,0.0,applicable,0.36,applicable,3.98,notApplicable,0.0,6305300
"Rajapalayam Rd, Virudhunagar",Rajapalayam Rd,Virudhunagar,Virudhunagar,Tamil Nadu,4012,Apartment,2,2,2004,Needs Renovation,9.4523,77.5533,notApplicable,0.0,applicable,3.45,applicable,0.95,applicable,1.67,6669600
"East Coast Rd, Thiruvanmiyur, Chennai","East Coast Rd, Thiruvanmiyur",Chennai,Chennai,Tamil Nadu,1635,Apartment,3,3,2007,Excellent,12.9834,80.259,applicable,2.65,applicable,5.25,applicable,1.02,applicable,2.08,8439300
"MTP Rd, Coimbatore",MTP Rd,Coimbatore,Coimbatore,Tamil Nadu,2986,Apartment,3,3,1994,Excellent,11.0616,76.9366,applicable,2.97,applicable,2.4,notApplicable,0.0,applicable,3.64,9969300
"Sathyamangalam Rd, Edayarpalayam, Erode","Sathyamangalam Rd, Edayarpalayam",Erode,Erode,Tamil Nadu,940,Independent House,2,3,2022,Good,11.349,77.6951,notApplicable,0.0,applicable,3.91,notApplicable,0.0,applicable,3.87,2864700
"East Coast Rd, Thiruvanmiyur, Chennai","East Coast Rd, Thiruvanmiyur",Chennai,Chennai,Tamil Nadu,1068,Independent House,5,6,2018,Needs Renovation,12.9834,80.259,applicable,3.13,notApplicable,0.0,notApplicable,0.0,notApplicable,0.0,6658500
"MTP Rd, Coimbatore",MTP Rd,Coimbatore,Coimbatore,Tamil Nadu,2555,Independent House,4,3,1990,Good,11.0616,76.9366,notApplicable,0.0,applicable,1.03,applicable,8.02,notApplicable,0.0,10609000
"NH 44, Tirunelveli, Tirunelveli","NH 44, Tirunelveli",Tirunelveli,Tirunelveli,Tamil Nadu,1230,Duplex,1,2,2012,Good,8.7139,77.7567,applicable,3.31,applicable,2.63,notApplicable,0.0,applicable,1.65,3304200
"Dindigul Rd, Palani, Palani","Dindigul Rd, Palani",Palani,Dindigul,Tamil Nadu,3204,Duplex,3,4,2020,Excellent,10.4508,77.5148,applicable,0.3,notApplicable,0.0,applicable,7.58,applicable,3.35,13825700
"100 Feet Rd, Velachery, Chennai","100 Feet Rd, Velachery",Chennai,Chennai,Tamil Nadu,522,Villa,4,4,2014,Needs Renovation,12.9791,80.2209,applicable,3.97,applicable,0.59,applicable,6.09,applicable,0.19,3205200
"Ettayapuram Rd, Thoothukudi",Ettayapuram Rd,Thoothukudi,Thoothukudi,Tamil Nadu,1907,Villa,3,2,2011,Excellent,8.813,78.1341,applicable,5.7,notApplicable,0.0,notApplicable,0.0,applicable,3.69,5964100
"Ettayapuram Rd, Thoothukudi",Ettayapuram Rd,Thoothukudi,Thoothukudi,Tamil Nadu,886,Independent House,2,1,2011,Needs Renovation,8.813,78.1341,applicable,3.04,applicable,1.18,applicable,1.52,applicable,2.76,1693700
"Gandhipuram Cross Cut, Coimbatore",Gandhipuram Cross Cut,Coimbatore,Coimbatore,Tamil Nadu,780,Apartment,3,4,2012,Good,11.0175,76.9725,notApplicable,0.0,applicable,3.0,notApplicable,0.0,notApplicable,0.0,2789200
"Ettayapuram Rd, Thoothukudi",Ettayapuram Rd,Thoothukudi,Thoothukudi,Tamil Nadu,1160,Duplex,1,1,2010,Excellent,8.813,78.1341,applicable,5.12,applicable,1.97,applicable,6.11,applicable,1.49,2987700
"Avinashi Rd, Peelamedu, Coimbatore","Avinashi Rd, Peelamedu",Coimbatore,Coimbatore,Tamil Nadu,4085,Independent House,3,4,2017,Needs Renovation,11.0183,76.997,notApplicable,0.0,applicable,2.51,notApplicable,0.0,notApplicable,0.0,16979100
"Bypass Rd, Madurai",Bypass Rd,Madurai,Madurai,Tamil Nadu,1582,Duplex,5,6,2017,Good,9.924,78.135,applicable,3.36,applicable,4.12,notApplicable,0.0,applicable,3.15,5424100
"Simmakkal, Madurai",Simmakkal,Madurai,Madurai,Tamil Nadu,1671,Apartment,2,3,2021,Needs Renovation,9.921,78.1197,notApplicable,0.0,applicable,0.27,notApplicable,0.0,applicable,4.14,5202700
"Bypass Rd, Madurai",Bypass Rd,Madurai,Madurai,Tamil Nadu,1134,Apartment,4,4,2013,Needs Renovation,9.924,78.135,applicable,1.75,applicable,4.86,notApplicable,0.0,applicable,2.18,2693500
"Trichy Rd, Singanallur, Coimbatore","Trichy Rd, Singanallur",Coimbatore,Coimbatore,Tamil Nadu,1222,Apartment,3,3,2019,Needs Renovation,10.9979,76.9994,applicable,4.83,applicable,2.84,notApplicable,0.0,notApplicable,0.0,3788900
"East Coast Rd, Thiruvanmiyur, Chennai","East Coast Rd, Thiruvanmiyur",Chennai,Chennai,Tamil Nadu,4078,Villa,5,4,2012,Good,12.9834,80.259,applicable,1.51,applicable,1.13,applicable,5.07,applicable,4.82,26044300
"East Coast Rd, Thiruvanmiyur, Chennai","East Coast Rd, Thiruvanmiyur",Chennai,Chennai,Tamil Nadu,3757,Villa,5,6,2015,Needs Renovation,12.9834,80.259,applicable,1.91,applicable,5.18,applicable,1.54,notApplicable,0.0,24771300
"East Coast Rd, Thiruvanmiyur, Chennai","East Coast Rd, Thiruvanmiyur",Chennai,Chennai,Tamil Nadu,2732,Apartment,5,6,2012,Excellent,12.9834,80.259,applicable,4.84,applicable,4.96,applicable,1.06,applicable,0.34,14991300
"Rajapalayam Rd, Virudhunagar",Rajapalayam Rd,Virudhunagar,Virudhunagar,Tamil Nadu,2565,Duplex,4,4,2019,Needs Renovation,9.4523,77.5533,applicable,4.9,notApplicable,0.0,applicable,4.1,applicable,1.12,5315100
"East Coast Rd, Thiruvanmiyur, Chennai","East Coast Rd, Thiruvanmiyur",Chennai,Chennai,Tamil Nadu,547,Villa,1,1,2017,Good,12.9834,80.259,applicable,5.95,applicable,5.8,applicable,6.06,applicable,3.23,3360200
"Sathyamangalam Rd, Edayarpalayam, Erode","Sathyamangalam Rd, Edayarpalayam",Erode,Erode,Tamil Nadu,707,Independent House,3,3,1995,Good,11.349,77.6951,applicable,0.21,applicable,3.91,notApplicable,0.0,applicable,3.42,1705200
"100 Feet Rd, Velachery, Chennai","100 Feet Rd, Velachery",Chennai,Chennai,Tamil Nadu,1250,Duplex,5,6,2024,Good,12.9791,80.2209,applicable,5.86,applicable,0.31,notApplicable,0.0,notApplicable,0.0,9514100
"Ettayapuram Rd, Thoothukudi",Ettayapuram Rd,Thoothukudi,Thoothukudi,Tamil Nadu,2102,Apartment,3,3,1998,Needs Renovation,8.813,78.1341,applicable,1.85,applicable,1.03,notApplicable,0.0,applicable,3.62,3811600
"NH 44, Tirunelveli, Tirunelveli","NH 44, Tirunelveli",Tirunelveli,Tirunelveli,Tamil Nadu,1267,Duplex,4,5,1991,Needs Renovation,8.7139,77.7567,notApplicable,0.0,notApplicable,0.0,notApplicable,0.0,applicable,3.09,2614000
"East Coast Rd, Thiruvanmiyur, Chennai","East Coast Rd, Thiruvanmiyur",Chennai,Chennai,Tamil Nadu,2281,Independent House,5,5,2015,Good,12.9834,80.259,applicable,4.39,applicable,2.56,notApplicable,0.0,applicable,2.13,13940400
"Gandhipuram Cross Cut, Coimbatore",Gandhipuram Cross Cut,Coimbatore,Coimbatore,Tamil Nadu,812,Villa,1,2,1994,Needs Renovation,11.0175,76.9725,applicable,2.31,applicable,5.27,notApplicable,0.0,applicable,4.64,2838400
"Rajapalayam Rd, Virudhunagar",Rajapalayam Rd,Virudhunagar,Virudhunagar,Tamil Nadu,550,Independent House,4,3,2025,Excellent,9.4523,77.5533,applicable,3.49,applicable,5.17,applicable,9.29,applicable,1.62,1267700
"East Coast Rd, Thiruvanmiyur, Chennai","East Coast Rd, Thiruvanmiyur",Chennai,Chennai,Tamil Nadu,3058,Apartment,5,6,2001,Excellent,12.9834,80.259,applicable,3.8,notApplicable,0.0,applicable,0.59,notApplicable,0.0,20110800
"Simmakkal, Madurai",Simmakkal,Madurai,Madurai,Tamil Nadu,1104,Apartment,4,4,2022,Needs Renovation,9.921,78.1197,applicable,4.14,applicable,5.26,applicable,3.65,applicable,0.47,2430400
"Avinashi Rd, Peelamedu, Coimbatore","Avinashi Rd, Peelamedu",Coimbatore,Coimbatore,Tamil Nadu,645,Independent House,3,2,2015,Needs Renovation,11.0183,76.997,notApplicable,0.0,notApplicable,0.0,notApplicable,0.0,applicable,4.72,2314700
"100 Feet Rd, Velachery, Chennai","100 Feet Rd, Velachery",Chennai,Chennai,Tamil Nadu,622,Independent House,2,3,2004,Excellent,12.9791,80.2209,applicable,2.58,applicable,5.55,notApplicable,0.0,applicable,1.01,3911100
"NH 44, Tirunelveli, Tirunelveli","NH 44, Tirunelveli",Tirunelveli,Tirunelveli,Tamil Nadu,1223,Apartment,1,1,2012,Needs Renovation,8.7139,77.7567,notApplicable,0.0,applicable,3.59,applicable,7.06,applicable,1.43,2251500
"Trichy Rd, Singanallur, Coimbatore","Trichy Rd, Singanallur",Coimbatore,Coimbatore,Tamil Nadu,359,Independent House,5,5,1998,Excellent,10.9979,76.9994,applicable,1.81,applicable,3.33,notApplicable,0.0,applicable,0.42,1506800
"NH 44, Tirunelveli, Tirunelveli","NH 44, Tirunelveli",Tirunelveli,Tirunelveli,Tamil Nadu,1537,Villa,2,1,1997,Needs Renovation,8.7139,77.7567,applicable,2.2,applicable,3.17,applicable,1.03,applicable,3.23,3198200
"East Coast Rd, Thiruvanmiyur, Chennai","East Coast Rd, Thiruvanmiyur",Chennai,Chennai,Tamil Nadu,632,Villa,3,3,2023,Needs Renovation,12.9834,80.259,applicable,5.46,notApplicable,0.0,applicable,8.94,applicable,3.49,3589700
"Dindigul Rd, Palani, Palani","Dindigul Rd, Palani",Palani,Dindigul,Tamil Nadu,915,Independent House,4,3,2021,Needs Renovation,10.4508,77.5148,applicable,1.11,notApplicable,0.0,notApplicable,0.0,applicable,0.11,3637400
"Bypass Rd, Madurai",Bypass Rd,Madurai,Madurai,Tamil Nadu,611,Apartment,4,4,1995,Needs Renovation,9.924,78.135,notApplicable,0.0,applicable,0.61,applicable,5.15,applicable,1.99,1478700
"100 Feet Rd, Velachery, Chennai","100 Feet Rd, Velachery",Chennai,Chennai,Tamil Nadu,636,Villa,4,4,1996,Excellent,12.9791,80.2209,applicable,4.63,applicable,5.79,applicable,6.0,applicable,1.59,3828000
"East Coast Rd, Thiruvanmiyur, Chennai","East Coast Rd, Thiruvanmiyur",Chennai,Chennai,Tamil Nadu,643,Independent House,2,1,1994,Needs Renovation,12.9834,80.259,notApplicable,0.0,applicable,1.54,applicable,2.69,applicable,2.37,3164500
"NH 44, Tirunelveli, Tirunelveli","NH 44, Tirunelveli",Tirunelveli,Tirunelveli,Tamil Nadu,789,Apartment,3,3,2004,Needs Renovation,8.7139,77.7567,applicable,0.24,applicable,4.5,notApplicable,0.0,applicable,2.47,1468900
"Sathyamangalam Rd, Edayarpalayam, Erode","Sathyamangalam Rd, Edayarpalayam",Erode,Erode,Tamil Nadu,565,Duplex,5,5,1999,Good,11.349,77.6951,applicable,1.29,notApplicable,0.0,notApplicable,0.0,notApplicable,0.0,1746900
"Simmakkal, Madurai",Simmakkal,Madurai,Madurai,Tamil Nadu,1322,Independent House,5,5,1997,Needs Renovation,9.921,78.1197,applicable,1.71,applicable,0.44,applicable,4.04,applicable,2.83,3416500
"Alagarkoil Rd, Madurai",Alagarkoil Rd,Madurai,Madurai,Tamil Nadu,1157,Apartment,4,3,1990,Needs Renovation,9.9677,78.1653,applicable,3.69,applicable,3.86,applicable,7.97,applicable,3.77,2017300
"Gandhipuram Cross Cut, Coimbatore",Gandhipuram Cross Cut,Coimbatore,Coimbatore,Tamil Nadu,1049,Independent House,3,4,2021,Good,11.0175,76.9725,applicable,4.52,notApplicable,0.0,notApplicable,0.0,applicable,3.99,4422300
"Alagarkoil Rd, Madurai",Alagarkoil Rd,Madurai,Madurai,Tamil Nadu,416,Apartment,1,2,1999,Excellent,9.9677,78.1653,notApplicable,0.0,applicable,4.73,notApplicable,0.0,applicable,1.5,1355100
"Avinashi Rd, Peelamedu, Coimbatore","Avinashi Rd, Peelamedu",Coimbatore,Coimbatore,Tamil Nadu,1288,Apartment,4,4,1997,Needs Renovation,11.0183,76.997,applicable,2.18,applicable,3.68,notApplicable,0.0,notApplicable,0.0,3544200
"Simmakkal, Madurai",Simmakkal,Madurai,Madurai,Tamil Nadu,2960,Apartment,5,4,1997,Good,9.921,78.1197,applicable,1.9,applicable,5.83,notApplicable,0.0,notApplicable,0.0,7811400
"Simmakkal, Madurai",Simmakkal,Madurai,Madurai,Tamil Nadu,493,Duplex,3,4,2002,Needs Renovation,9.921,78.1197,applicable,3.29,applicable,3.47,applicable,2.44,applicable,3.66,1252500
"Alagarkoil Rd, Madurai",Alagarkoil Rd,Madurai,Madurai,Tamil Nadu,583,Villa,2,2,1994,Needs Renovation,9.9677,78.1653,notApplicable,0.0,applicable,0.97,applicable,2.24,applicable,2.13,1778100
"Alagarkoil Rd, Madurai",Alagarkoil Rd,Madurai,Madurai,Tamil Nadu,3784,Duplex,4,4,1993,Good,9.9677,78.1653,applicable,3.17,applicable,4.14,applicable,1.85,applicable,4.24,10520700
"MTP Rd, Coimbatore",MTP Rd,Coimbatore,Coimbatore,Tamil Nadu,858,Villa,5,5,1991,Excellent,11.0616,76.9366,notApplicable,0.0,applicable,4.5,notApplicable,0.0,applicable,3.5,4211100
"Trichy Rd, Singanallur, Coimbatore","Trichy Rd, Singanallur",Coimbatore,Coimbatore,Tamil Nadu,2155,Villa,3,3,2000,Needs Renovation,10.9979,76.9994,applicable,3.41,applicable,0.63,applicable,6.65,applicable,4.2,7121100
"East Coast Rd, Thiruvanmiyur, Chennai","East Coast Rd, Thiruvanmiyur",Chennai,Chennai,Tamil Nadu,983,Apartment,1,1,2017,Needs Renovation,12.9834,80.259,applicable,3.31,applicable,4.07,notApplicable,0.0,applicable,2.1,3999800
"NH 44, Tirunelveli, Tirunelveli","NH 44, Tirunelveli",Tirunelveli,Tirunelveli,Tamil Nadu,3904,Independent House,1,2,2011,Needs Renovation,8.7139,77.7567,applicable,4.95,notApplicable,0.0,notApplicable,0.0,applicable,0.33,9531800
"Sathyamangalam Rd, Edayarpalayam, Erode","Sathyamangalam Rd, Edayarpalayam",Erode,Erode,Tamil Nadu,2007,Duplex,3,2,2014,Excellent,11.349,77.6951,applicable,5.55,notApplicable,0.0,applicable,2.62,applicable,4.79,5642100
"Simmakkal, Madurai",Simmakkal,Madurai,Madurai,Tamil Nadu,1031,Independent House,2,1,2021,Needs Renovation,9.921,78.1197,applicable,3.44,applicable,5.76,notApplicable,0.0,applicable,2.91,2737600
"Simmakkal, Madurai",Simmakkal,Madurai,Madurai,Tamil Nadu,595,Independent House,5,4,2006,Good,9.921,78.1197,notApplicable,0.0,applicable,2.13,applicable,1.84,applicable,4.89,1839500
"Rajapalayam Rd, Virudhunagar",Rajapalayam Rd,Virudhunagar,Virudhunagar,Tamil Nadu,4132,Independent House,3,3,2006,Needs Renovation,9.4523,77.5533,applicable,3.74,notApplicable,0.0,applicable,2.96,applicable,4.21,7672600
"Simmakkal, Madurai",Simmakkal,Madurai,Madurai,Tamil Nadu,516,Independent House,4,3,2014,Needs Renovation,9.921,78.1197,applicable,1.22,notApplicable,0.0,applicable,2.85,notApplicable,0.0,1686500
"Dindigul Rd, Palani, Palani","Dindigul Rd, Palani",Palani,Dindigul,Tamil Nadu,693,Independent House,1,1,1996,Excellent,10.4508,77.5148,applicable,3.12,applicable,3.31,applicable,7.47,applicable,1.53,2221300
"Alagarkoil Rd, Madurai",Alagarkoil Rd,Madurai,Madurai,Tamil Nadu,495,Independent House,2,3,2002,Good,9.9677,78.1653,notApplicable,0.0,applicable,5.19,applicable,3.84,notApplicable,0.0,1536600
"MTP Rd, Coimbatore",MTP Rd,Coimbatore,Coimbatore,Tamil Nadu,3618,Duplex,4,3,1993,Needs Renovation,11.0616,76.9366,applicable,3.54,applicable,5.5,notApplicable,0.0,applicable,0.55,10984600
"East Coast Rd, Thiruvanmiyur, Chennai","East Coast Rd, Thiruvanmiyur",Chennai,Chennai,Tamil Nadu,562,Independent House,5,5,1993,Excellent,12.9834,80.259,applicable,2.72,applicable,3.4,notApplicable,0.0,applicable,1.99,3302400
"Gandhipuram Cross Cut, Coimbatore",Gandhipuram Cross Cut,Coimbatore,Coimbatore,Tamil Nadu,3688,Duplex,3,3,2017,Excellent,11.0175,76.9725,applicable,4.25,applicable,0.97,applicable,6.32,applicable,4.42,14362800
"East Coast Rd, Thiruvanmiyur, Chennai","East Coast Rd, Thiruvanmiyur",Chennai,Chennai,Tamil Nadu,1364,Villa,1,1,1999,Needs Renovation,12.9834,80.259,applicable,1.49,applicable,1.21,applicable,0.73,applicable,4.63,7775700
"Simmakkal, Madurai",Simmakkal,Madurai,Madurai,Tamil Nadu,2918,Duplex,2,2,1997,Needs Renovation,9.921,78.1197,notApplicable,0.0,notApplicable,0.0,applicable,7.18,applicable,1.21,8703800
"Gandhipuram Cross Cut, Coimbatore",Gandhipuram Cross Cut,Coimbatore,Coimbatore,Tamil Nadu,3132,Independent House,2,2,2000,Good,11.0175,76.9725,applicable,4.47,notApplicable,0.0,notApplicable,0.0,applicable,2.9,11057200
"Trichy Rd, Singanallur, Coimbatore","Trichy Rd, Singanallur",Coimbatore,Coimbatore,Tamil Nadu,845,Duplex,2,2,2005,Excellent,10.9979,76.9994,notApplicable,0.0,applicable,0.39,notApplicable,0.0,applicable,4.27,4355700
"Trichy Rd, Singanallur, Coimbatore","Trichy Rd, Singanallur",Coimbatore,Coimbatore,Tamil Nadu,455,Duplex,5,5,2005,Good,10.9979,76.9994,applicable,5.75,applicable,5.75,notApplicable,0.0,applicable,2.69,1529700
"Bypass Rd, Madurai",Bypass Rd,Madurai,Madurai,Tamil Nadu,420,Independent House,2,3,2012,Excellent,9.924,78.135,applicable,4.41,notApplicable,0.0,notApplicable,0.0,applicable,4.44,1615900
"Alagarkoil Rd, Madurai",Alagarkoil Rd,Madurai,Madurai,Tamil Nadu,1435,Apartment,5,5,2007,Good,9.9677,78.1653,notApplicable,0.0,applicable,3.04,applicable,1.0,applicable,4.57,3743500
"Rajapalayam Rd, Virudhunagar",Rajapalayam Rd,Virudhunagar,Virudhunagar,Tamil Nadu,3351,Villa,3,2,1999,Excellent,9.4523,77.5533,applicable,0.44,applicable,3.84,applicable,9.46,applicable,3.19,8214800
"Bypass Rd, Madurai",Bypass Rd,Madurai,Madurai,Tamil Nadu,2625,Duplex,4,4,2009,Needs Renovation,9.924,78.135,applicable,3.06,applicable,5.79,applicable,8.57,applicable,2.92,6075100
"Alagarkoil Rd, Madurai",Alagarkoil Rd,Madurai,Madurai,Tamil Nadu,796,Apartment,5,5,1994,Needs Renovation,9.9677,78.1653,applicable,4.16,applicable,5.99,applicable,2.56,applicable,2.5,1424800
"MTP Rd, Coimbatore",MTP Rd,Coimbatore,Coimbatore,Tamil Nadu,2267,Duplex,5,4,2015,Needs Renovation,11.0616,76.9366,notApplicable,0.0,applicable,5.2,applicable,9.44,notApplicable,0.0,8280400
"NH 44, Tirunelveli, Tirunelveli","NH 44, Tirunelveli",Tirunelveli,Tirunelveli,Tamil Nadu,1396,Apartment,5,5,2004,Needs Renovation,8.7139,77.7567,applicable,4.53,applicable,0.83,applicable,9.17,applicable,0.37,2343400
"Rajapalayam Rd, Virudhunagar",Rajapalayam Rd,Virudhunagar,Virudhunagar,Tamil Nadu,1821,Duplex,2,2,2005,Needs Renovation,9.4523,77.5533,applicable,4.39,applicable,0.27,applicable,8.28,notApplicable,0.0,3568500
"Avinashi Rd, Peelamedu, Coimbatore","Avinashi Rd, Peelamedu",Coimbatore,Coimbatore,Tamil Nadu,583,Apartment,2,2,2004,Excellent,11.0183,76.997,applicable,4.01,applicable,5.77,notApplicable,0.0,applicable,4.32,1782800
"East Coast Rd, Thiruvanmiyur, Chennai","East Coast Rd, Thiruvanmiyur",Chennai,Chennai,Tamil Nadu,1523,Apartment,3,2,2024,Excellent,12.9834,80.259,notApplicable,0.0,notApplicable,0.0,applicable,4.08,applicable,4.37,9263500
"Bypass Rd, Madurai",Bypass Rd,Madurai,Madurai,Tamil Nadu,3023,Apartment,3,2,1995,Excellent,9.924,78.135,applicable,2.48,applicable,1.8,notApplicable,0.0,applicable,0.61,10195200
"Gandhipuram Cross Cut, Coimbatore",Gandhipuram Cross Cut,Coimbatore,Coimbatore,Tamil Nadu,2153,Duplex,3,3,2013,Excellent,11.0175,76.9725,applicable,3.59,applicable,0.61,applicable,3.95,applicable,1.23,9236700
"Alagarkoil Rd, Madurai",Alagarkoil Rd,Madurai,Madurai,Tamil Nadu,2094,Villa,3,2,1993,Excellent,9.9677,78.1653,notApplicable,0.0,notApplicable,0.0,applicable,2.88,applicable,0.21,9649700
"Ettayapuram Rd, Thoothukudi",Ettayapuram Rd,Thoothukudi,Thoothukudi,Tamil Nadu,2978,Villa,3,3,2020,Needs Renovation,8.813,78.1341,applicable,2.0,applicable,1.86,applicable,1.39,applicable,4.87,6656400
"Ettayapuram Rd, Thoothukudi",Ettayapuram Rd,Thoothukudi,Thoothukudi,Tamil Nadu,2197,Apartment,3,4,2025,Needs Renovation,8.813,78.1341,applicable,0.84,notApplicable,0.0,applicable,1.17,applicable,2.15,4897700
"Ettayapuram Rd, Thoothukudi",Ettayapuram Rd,Thoothukudi,Thoothukudi,Tamil Nadu,555,Villa,4,4,2023,Needs Renovation,8.813,78.1341,notApplicable,0.0,applicable,2.23,notApplicable,0.0,applicable,4.59,1413400
"Rajapalayam Rd, Virudhunagar",Rajapalayam Rd,Virudhunagar,Virudhunagar,Tamil Nadu,3984,Apartment,2,2,2007,Excellent,9.4523,77.5533,notApplicable,0.0,applicable,1.89,notApplicable,0.0,applicable,2.28,9558800
"Trichy Rd, Singanallur, Coimbatore","Trichy Rd, Singanallur",Coimbatore,Coimbatore,Tamil Nadu,2026,Duplex,3,4,2006,Needs Renovation,10.9979,76.9994,applicable,0.28,applicable,5.7,applicable,4.04,applicable,4.2,6581400
"Simmakkal, Madurai",Simmakkal,Madurai,Madurai,Tamil Nadu,568,Villa,2,3,2025,Needs Renovation,9.921,78.1197,applicable,1.55,applicable,1.58,notApplicable,0.0,notApplicable,0.0,2264500
"East Coast Rd, Thiruvanmiyur, Chennai","East Coast Rd, Thiruvanmiyur",Chennai,Chennai,Tamil Nadu,1910,Independent House,3,4,1991,Excellent,12.9834,80.259,applicable,5.03,applicable,0.7,notApplicable,0.0,applicable,3.8,11272600
"100 Feet Rd, Velachery, Chennai","100 Feet Rd, Velachery",Chennai,Chennai,Tamil Nadu,447,Independent House,1,1,2001,Excellent,12.9791,80.2209,applicable,1.79,applicable,5.02,applicable,4.05,applicable,3.29,2709800
"Sathyamangalam Rd, Edayarpalayam, Erode","Sathyamangalam Rd, Edayarpalayam",Erode,Erode,Tamil Nadu,2210,Independent House,3,4,2015,Good,11.349,77.6951,applicable,0.63,applicable,2.47,notApplicable,0.0,applicable,4.87,6534300
"Alagarkoil Rd, Madurai",Alagarkoil Rd,Madurai,Madurai,Tamil Nadu,3077,Independent House,2,1,2003,Good,9.9677,78.1653,applicable,3.01,applicable,5.08,notApplicable,0.0,applicable,4.41,8486300
"Gandhipuram Cross Cut, Coimbatore",Gandhipuram Cross Cut,Coimbatore,Coimbatore,Tamil Nadu,1995,Villa,1,2,2010,Excellent,11.0175,76.9725,applicable,4.04,applicable,4.73,notApplicable,0.0,applicable,1.41,9048300
"NH 44, Tirunelveli, Tirunelveli","NH 44, Tirunelveli",Tirunelveli,Tirunelveli,Tamil Nadu,1935,Villa,1,2,2015,Needs Renovation,8.7139,77.7567,applicable,2.89,applicable,3.34,applicable,6.12,applicable,1.71,4206500
"East Coast Rd, Thiruvanmiyur, Chennai","East Coast Rd, Thiruvanmiyur",Chennai,Chennai,Tamil Nadu,2244,Apartment,3,4,2006,Needs Renovation,12.9834,80.259,applicable,2.66,applicable,2.06,applicable,4.99,applicable,3.41,8496800
"Bypass Rd, Madurai",Bypass Rd,Madurai,Madurai,Tamil Nadu,2859,Villa,1,1,2025,Good,9.924,78.135,applicable,0.55,applicable,5.25,applicable,3.7,applicable,4.61,11393900
"East Coast Rd, Thiruvanmiyur, Chennai","East Coast Rd, Thiruvanmiyur",Chennai,Chennai,Tamil Nadu,1598,Apartment,1,1,1995,Good,12.9834,80.259,applicable,3.04,applicable,1.78,applicable,9.89,notApplicable,0.0,7387200
"Alagarkoil Rd, Madurai",Alagarkoil Rd,Madurai,Madurai,Tamil Nadu,3928,Independent House,4,3,2014,Needs Renovation,9.9677,78.1653,applicable,5.85,applicable,4.61,applicable,3.23,notApplicable,0.0,9910400
"Bypass Rd, Madurai",Bypass Rd,Madurai,Madurai,Tamil Nadu,1979,Duplex,1,1,2012,Good,9.924,78.135,applicable,0.58,applicable,1.05,notApplicable,0.0,applicable,3.69,8023600
"Dindigul Rd, Palani, Palani","Dindigul Rd, Palani",Palani,Dindigul,Tamil Nadu,959,Apartment,2,1,2008,Needs Renovation,10.4508,77.5148,applicable,2.5,notApplicable,0.0,applicable,7.14,applicable,1.0,2723400
"100 Feet Rd, Velachery, Chennai","100 Feet Rd, Velachery",Chennai,Chennai,Tamil Nadu,1350,Villa,4,5,2000,Excellent,12.9791,80.2209,notApplicable,0.0,applicable,1.25,notApplicable,0.0,applicable,2.28,11223800
"100 Feet Rd, Velachery, Chennai","100 Feet Rd, Velachery",Chennai,Chennai,Tamil Nadu,1596,Apartment,3,4,2003,Excellent,12.9791,80.2209,applicable,2.37,applicable,4.77,applicable,7.05,applicable,0.4,8381700
"MTP Rd, Coimbatore",MTP Rd,Coimbatore,Coimbatore,Tamil Nadu,1600,Apartment,4,3,2007,Needs Renovation,11.0616,76.9366,applicable,4.38,applicable,4.64,notApplicable,0.0,applicable,4.56,4396000
"Bypass Rd, Madurai",Bypass Rd,Madurai,Madurai,Tamil Nadu,667,Apartment,3,4,1999,Excellent,9.924,78.135,applicable,1.18,applicable,1.44,notApplicable,0.0,applicable,2.27,2302000
"Ettayapuram Rd, Thoothukudi",Ettayapuram Rd,Thoothukudi,Thoothukudi,Tamil Nadu,520,Apartment,3,3,2009,Needs Renovation,8.813,78.1341,applicable,5.74,applicable,3.8,applicable,2.56,applicable,0.8,752400
"Avinashi Rd, Peelamedu, Coimbatore","Avinashi Rd, Peelamedu",Coimbatore,Coimbatore,Tamil Nadu,698,Villa,3,3,1999,Good,11.0183,76.997,applicable,3.18,applicable,0.91,applicable,5.68,applicable,1.26,2748400
"Dindigul Rd, Palani, Palani","Dindigul Rd, Palani",Palani,Dindigul,Tamil Nadu,752,Apartment,3,3,2012,Excellent,10.4508,77.5148,notApplicable,0.0,applicable,2.28,applicable,8.94,applicable,2.77,2601200
"NH 44, Tirunelveli, Tirunelveli","NH 44, Tirunelveli",Tirunelveli,Tirunelveli,Tamil Nadu,1794,Duplex,4,4,2024,Excellent,8.7139,77.7567,applicable,1.67,applicable,4.94,notApplicable,0.0,notApplicable,0.0,5425600
"Bypass Rd, Madurai",Bypass Rd,Madurai,Madurai,Tamil Nadu,4192,Independent House,2,3,2013,Needs Renovation,9.924,78.135,applicable,2.56,notApplicable,0.0,notApplicable,0.0,notApplicable,0.0,14565900
"100 Feet Rd, Velachery, Chennai","100 Feet Rd, Velachery",Chennai,Chennai,Tamil Nadu,444,Villa,3,2,2025,Excellent,12.9791,80.2209,applicable,0.79,applicable,3.59,applicable,8.25,applicable,3.09,3603600
"100 Feet Rd, Velachery, Chennai","100 Feet Rd, Velachery",Chennai,Chennai,Tamil Nadu,790,Apartment,2,1,2014,Excellent,12.9791,80.2209,applicable,0.96,applicable,1.69,notApplicable,0.0,notApplicable,0.0,5229800
"Alagarkoil Rd, Madurai",Alagarkoil Rd,Madurai,Madurai,Tamil Nadu,2888,Duplex,3,3,2015,Needs Renovation,9.9677,78.1653,applicable,6.0,notApplicable,0.0,applicable,4.85,applicable,3.93,8285700
"Gandhipuram Cross Cut, Coimbatore",Gandhipuram Cross Cut,Coimbatore,Coimbatore,Tamil Nadu,3181,Apartment,3,3,2014,Excellent,11.0175,76.9725,applicable,2.96,applicable,3.55,notApplicable,0.0,applicable,0.47,12214500
"Sathyamangalam Rd, Edayarpalayam, Erode","Sathyamangalam Rd, Edayarpalayam",Erode,Erode,Tamil Nadu,1049,Apartment,1,1,1991,Good,11.349,77.6951,applicable,4.05,applicable,4.96,notApplicable,0.0,notApplicable,0.0,2157000
"Simmakkal, Madurai",Simmakkal,Madurai,Madurai,Tamil Nadu,1391,Villa,4,3,2004,Needs Renovation,9.921,78.1197,applicable,1.92,applicable,4.07,applicable,1.77,applicable,4.17,3859100
"Sathyamangalam Rd, Edayarpalayam, Erode","Sathyamangalam Rd, Edayarpalayam",Erode,Erode,Tamil Nadu,629,Apartment,3,3,2000,Good,11.349,77.6951,applicable,4.28,applicable,4.22,applicable,4.57,notApplicable,0.0,1186300
"Bypass Rd, Madurai",Bypass Rd,Madurai,Madurai,Tamil Nadu,426,Villa,1,2,2003,Excellent,9.924,78.135,applicable,4.33,notApplicable,0.0,applicable,6.39,applicable,3.03,1527100
"Bypass Rd, Madurai",Bypass Rd,Madurai,Madurai,Tamil Nadu,3044,Duplex,4,4,1995,Excellent,9.924,78.135,applicable,5.92,applicable,4.41,applicable,3.14,applicable,0.16,9385600
"Ettayapuram Rd, Thoothukudi",Ettayapuram Rd,Thoothukudi,Thoothukudi,Tamil Nadu,2193,Villa,2,2,2008,Needs Renovation,8.813,78.1341,applicable,1.85,applicable,3.18,applicable,3.5,applicable,3.14,4559600
"Alagarkoil Rd, Madurai",Alagarkoil Rd,Madurai,Madurai,Tamil Nadu,3321,Independent House,1,1,2015,Needs Renovation,9.9677,78.1653,applicable,2.99,applicable,2.25,applicable,6.38,notApplicable,0.0,9290500
"Dindigul Rd, Palani, Palani","Dindigul Rd, Palani",Palani,Dindigul,Tamil Nadu,362,Apartment,5,4,2021,Good,10.4508,77.5148,applicable,5.76,notApplicable,0.0,applicable,9.99,applicable,1.43,1238400
"East Coast Rd, Thiruvanmiyur, Chennai","East Coast Rd, Thiruvanmiyur",Chennai,Chennai,Tamil Nadu,1475,Villa,2,1,2025,Good,12.9834,80.259,applicable,1.04,applicable,4.59,applicable,8.45,applicable,1.86,11122600
"Alagarkoil Rd, Madurai",Alagarkoil Rd,Madurai,Madurai,Tamil Nadu,1122,Independent House,1,2,1997,Good,9.9677,78.1653,applicable,0.47,applicable,3.37,notApplicable,0.0,applicable,0.63,3878200
"Dindigul Rd, Palani, Palani","Dindigul Rd, Palani",Palani,Dindigul,Tamil Nadu,1870,Villa,5,5,2015,Excellent,10.4508,77.5148,notApplicable,0.0,applicable,0.9,notApplicable,0.0,applicable,2.94,10597300
"Gandhipuram Cross Cut, Coimbatore",Gandhipuram Cross Cut,Coimbatore,Coimbatore,Tamil Nadu,496,Apartment,1,1,2016,Needs Renovation,11.0175,76.9725,applicable,2.97,applicable,1.2,applicable,4.06,applicable,2.77,1367000
"Trichy Rd, Singanallur, Coimbatore","Trichy Rd, Singanallur",Coimbatore,Coimbatore,Tamil Nadu,3454,Duplex,2,1,2002,Needs Renovation,10.9979,76.9994,applicable,0.63,applicable,4.39,notApplicable,0.0,notApplicable,0.0,13746200
"Trichy Rd, Singanallur, Coimbatore","Trichy Rd, Singanallur",Coimbatore,Coimbatore,Tamil Nadu,1054,Apartment,2,3,2001,Excellent,10.9979,76.9994,applicable,4.63,applicable,0.21,notApplicable,0.0,applicable,4.21,3712800
"MTP Rd, Coimbatore",MTP Rd,Coimbatore,Coimbatore,Tamil Nadu,1543,Independent House,3,4,2013,Excellent,11.0616,76.9366,applicable,3.19,applicable,5.54,applicable,8.58,applicable,1.03,5883500
"MTP Rd, Coimbatore",MTP Rd,Coimbatore,Coimbatore,Tamil Nadu,2326,Independent House,1,1,1990,Good,11.0616,76.9366,applicable,2.1,applicable,3.16,notApplicable,0.0,applicable,1.27,8243100
"MTP Rd, Coimbatore",MTP Rd,Coimbatore,Coimbatore,Tamil Nadu,1153,Independent House,5,6,1990,Good,11.0616,76.9366,applicable,0.56,notApplicable,0.0,applicable,8.72,applicable,2.87,4374600
"Gandhipuram Cross Cut, Coimbatore",Gandhipuram Cross Cut,Coimbatore,Coimbatore,Tamil Nadu,2973,Duplex,2,1,2003,Needs Renovation,11.0175,76.9725,notApplicable,0.0,applicable,1.38,notApplicable,0.0,applicable,2.93,10650200
"Sathyamangalam Rd, Edayarpalayam, Erode","Sathyamangalam Rd, Edayarpalayam",Erode,Erode,Tamil Nadu,1381,Villa,5,5,2006,Excellent,11.349,77.6951,notApplicable,0.0,notApplicable,0.0,notApplicable,0.0,applicable,0.83,5854300
"NH 44, Tirunelveli, Tirunelveli","NH 44, Tirunelveli",Tirunelveli,Tirunelveli,Tamil Nadu,3686,Apartment,3,2,2001,Needs Renovation,8.7139,77.7567,applicable,2.43,applicable,3.35,applicable,2.45,notApplicable,0.0,5833100
"NH 44, Tirunelveli, Tirunelveli","NH 44, Tirunelveli",Tirunelveli,Tirunelveli,Tamil Nadu,2046,Independent House,2,2,2010,Excellent,8.7139,77.7567,applicable,3.63,applicable,1.49,applicable,8.37,applicable,4.69,4987300
"Dindigul Rd, Palani, Palani","Dindigul Rd, Palani",Palani,Dindigul,Tamil Nadu,772,Villa,5,4,1998,Needs Renovation,10.4508,77.5148,applicable,2.93,notApplicable,0.0,notApplicable,0.0,applicable,1.84,2661600
"Alagarkoil Rd, Madurai",Alagarkoil Rd,Madurai,Madurai,Tamil Nadu,496,Duplex,5,6,2013,Needs Renovation,9.9677,78.1653,applicable,3.19,applicable,4.95,notApplicable,0.0,applicable,0.97,1513900
"Trichy Rd, Singanallur, Coimbatore","Trichy Rd, Singanallur",Coimbatore,Coimbatore,Tamil Nadu,1154,Duplex,4,3,2012,Needs Renovation,10.9979,76.9994,applicable,0.84,applicable,4.4,notApplicable,0.0,applicable,2.06,4124500
"Sathyamangalam Rd, Edayarpalayam, Erode","Sathyamangalam Rd, Edayarpalayam",Erode,Erode,Tamil Nadu,1319,Independent House,1,1,2006,Good,11.349,77.6951,notApplicable,0.0,applicable,4.17,applicable,7.97,applicable,0.64,3493200
"Alagarkoil Rd, Madurai",Alagarkoil Rd,Madurai,Madurai,Tamil Nadu,1882,Villa,4,3,2022,Excellent,9.9677,78.1653,applicable,5.57,applicable,5.23,notApplicable,0.0,notApplicable,0.0,8810000
"Alagarkoil Rd, Madurai",Alagarkoil Rd,Madurai,Madurai,Tamil Nadu,2027,Independent House,4,4,2017,Needs Renovation,9.9677,78.1653,notApplicable,0.0,applicable,4.74,applicable,4.96,applicable,1.59,5395900
"100 Feet Rd, Velachery, Chennai","100 Feet Rd, Velachery",Chennai,Chennai,Tamil Nadu,1323,Apartment,4,4,1997,Needs Renovation,12.9791,80.2209,notApplicable,0.0,applicable,5.91,notApplicable,0.0,notApplicable,0.0,6222600
"Ettayapuram Rd, Thoothukudi",Ettayapuram Rd,Thoothukudi,Thoothukudi,Tamil Nadu,1817,Apartment,5,6,2001,Needs Renovation,8.813,78.1341,applicable,3.49,applicable,1.21,applicable,8.3,applicable,1.88,2565300
"Rajapalayam Rd, Virudhunagar",Rajapalayam Rd,Virudhunagar,Virudhunagar,Tamil Nadu,2003,Villa,2,2,2018,Good,9.4523,77.5533,notApplicable,0.0,applicable,1.84,notApplicable,0.0,applicable,2.85,5678300
"Alagarkoil Rd, Madurai",Alagarkoil Rd,Madurai,Madurai,Tamil Nadu,2842,Villa,5,4,2001,Needs Renovation,9.9677,78.1653,applicable,1.58,applicable,3.98,notApplicable,0.0,applicable,3.41,8820800
"Sathyamangalam Rd, Edayarpalayam, Erode","Sathyamangalam Rd, Edayarpalayam",Erode,Erode,Tamil Nadu,360,Apartment,1,2,1995,Needs Renovation,11.349,77.6951,notApplicable,0.0,applicable,5.01,notApplicable,0.0,applicable,4.0,610000
"Rajapalayam Rd, Virudhunagar",Rajapalayam Rd,Virudhunagar,Virudhunagar,Tamil Nadu,1024,Apartment,3,4,2020,Good,9.4523,77.5533,notApplicable,0.0,applicable,3.05,applicable,2.75,applicable,0.18,2129900
"Avinashi Rd, Peelamedu, Coimbatore","Avinashi Rd, Peelamedu",Coimbatore,Coimbatore,Tamil Nadu,2307,Duplex,1,2,2011,Needs Renovation,11.0183,76.997,applicable,0.59,notApplicable,0.0,applicable,6.45,notApplicable,0.0,8916700
"NH 44, Tirunelveli, Tirunelveli","NH 44, Tirunelveli",Tirunelveli,Tirunelveli,Tamil Nadu,464,Duplex,2,3,2007,Good,8.7139,77.7567,applicable,2.37,applicable,3.45,applicable,8.06,applicable,0.95,1065000
"Dindigul Rd, Palani, Palani","Dindigul Rd, Palani",Palani,Dindigul,Tamil Nadu,1676,Duplex,3,3,1990,Excellent,10.4508,77.5148,applicable,1.7,applicable,4.85,applicable,7.08,applicable,3.33,5117100
"100 Feet Rd, Velachery, Chennai","100 Feet Rd, Velachery",Chennai,Chennai,Tamil Nadu,588,Independent House,3,3,2001,Good,12.9791,80.2209,applicable,4.14,applicable,1.27,notApplicable,0.0,applicable,0.66,3750400
"East Coast Rd, Thiruvanmiyur, Chennai","East Coast Rd, Thiruvanmiyur",Chennai,Chennai,Tamil Nadu,715,Independent House,2,1,1994,Good,12.9834,80.259,applicable,2.24,applicable,0.94,notApplicable,0.0,notApplicable,0.0,4873900
"Simmakkal, Madurai",Simmakkal,Madurai,Madurai,Tamil Nadu,3863,Apartment,4,3,2003,Good,9.921,78.1197,notApplicable,0.0,applicable,4.01,applicable,5.83,applicable,0.4,11099900
"Bypass Rd, Madurai",Bypass Rd,Madurai,Madurai,Tamil Nadu,2076,Apartment,3,2,1995,Needs Renovation,9.924,78.135,applicable,4.52,applicable,4.02,applicable,7.39,notApplicable,0.0,3895900
"Rajapalayam Rd, Virudhunagar",Rajapalayam Rd,Virudhunagar,Virudhunagar,Tamil Nadu,801,Independent House,2,1,2019,Excellent,9.4523,77.5533,notApplicable,0.0,notApplicable,0.0,applicable,6.86,applicable,0.87,2279200
"MTP Rd, Coimbatore",MTP Rd,Coimbatore,Coimbatore,Tamil Nadu,378,Villa,4,4,2014,Good,11.0616,76.9366,applicable,1.59,applicable,1.39,notApplicable,0.0,applicable,4.82,1850400
"Rajapalayam Rd, Virudhunagar",Rajapalayam Rd,Virudhunagar,Virudhunagar,Tamil Nadu,2253,Independent House,3,4,2022,Needs Renovation,9.4523,77.5533,notApplicable,0.0,applicable,5.29,notApplicable,0.0,notApplicable,0.0,5408800
"Sathyamangalam Rd, Edayarpalayam, Erode","Sathyamangalam Rd, Edayarpalayam",Erode,Erode,Tamil Nadu,994,Independent House,3,3,2003,Excellent,11.349,77.6951,applicable,5.02,applicable,1.72,applicable,6.16,applicable,3.63,2517400
"100 Feet Rd, Velachery, Chennai","100 Feet Rd, Velachery",Chennai,Chennai,Tamil Nadu,633,Independent House,4,4,1992,Needs Renovation,12.9791,80.2209,notApplicable,0.0,notApplicable,0.0,notApplicable,0.0,applicable,0.47,3503000
"Avinashi Rd, Peelamedu, Coimbatore","Avinashi Rd, Peelamedu",Coimbatore,Coimbatore,Tamil Nadu,505,Apartment,2,3,2023,Excellent,11.0183,76.997,applicable,3.93,applicable,1.81,applicable,7.98,applicable,1.35,1973100
"Avinashi Rd, Peelamedu, Coimbatore","Avinashi Rd, Peelamedu",Coimbatore,Coimbatore,Tamil Nadu,1121,Apartment,1,1,1994,Excellent,11.0183,76.997,applicable,0.96,applicable,2.25,notApplicable,0.0,applicable,3.81,4021600
"100 Feet Rd, Velachery, Chennai","100 Feet Rd, Velachery",Chennai,Chennai,Tamil Nadu,870,Apartment,1,1,2024,Needs Renovation,12.9791,80.2209,applicable,2.64,applicable,4.52,notApplicable,0.0,applicable,0.62,4101800
"Sathyamangalam Rd, Edayarpalayam, Erode","Sathyamangalam Rd, Edayarpalayam",Erode,Erode,Tamil Nadu,4084,Villa,1,1,2004,Good,11.349,77.6951,applicable,3.06,applicable,1.03,notApplicable,0.0,applicable,2.14,13050500
"MTP Rd, Coimbatore",MTP Rd,Coimbatore,Coimbatore,Tamil Nadu,995,Duplex,4,5,2005,Excellent,11.0616,76.9366,applicable,4.9,applicable,4.74,notApplicable,0.0,applicable,4.92,3898400
"Rajapalayam Rd, Virudhunagar",Rajapalayam Rd,Virudhunagar,Virudhunagar,Tamil Nadu,1743,Apartment,3,3,1992,Needs Renovation,9.4523,77.5533,applicable,2.94,applicable,1.52,notApplicable,0.0,notApplicable,0.0,2812900
"Rajapalayam Rd, Virudhunagar",Rajapalayam Rd,Virudhunagar,Virudhunagar,Tamil Nadu,634,Villa,1,1,2018,Good,9.4523,77.5533,notApplicable,0.0,applicable,4.65,applicable,9.25,applicable,4.47,1574700
"Gandhipuram Cross Cut, Coimbatore",Gandhipuram Cross Cut,Coimbatore,Coimbatore,Tamil Nadu,1970,Villa,4,5,2016,Needs Renovation,11.0175,76.9725,notApplicable,0.0,applicable,2.36,notApplicable,0.0,applicable,1.43,8659900
"Dindigul Rd, Palani, Palani","Dindigul Rd, Palani",Palani,Dindigul,Tamil Nadu,2552,Villa,4,4,2003,Needs Renovation,10.4508,77.5148,applicable,5.14,applicable,4.49,notApplicable,0.0,applicable,4.1,8483900
"100 Feet Rd, Velachery, Chennai","100 Feet Rd, Velachery",Chennai,Chennai,Tamil Nadu,1036,Duplex,2,2,2000,Needs Renovation,12.9791,80.2209,applicable,3.34,applicable,4.48,notApplicable,0.0,applicable,1.53,5091300
"Dindigul Rd, Palani, Palani","Dindigul Rd, Palani",Palani,Dindigul,Tamil Nadu,2155,Villa,2,1,1994,Needs Renovation,10.4508,77.5148,notApplicable,0.0,applicable,1.81,applicable,1.7,applicable,2.44,7205000
"Avinashi Rd, Peelamedu, Coimbatore","Avinashi Rd, Peelamedu",Coimbatore,Coimbatore,Tamil Nadu,1978,Apartment,3,3,2016,Excellent,11.0183,76.997,applicable,5.67,notApplicable,0.0,applicable,3.27,applicable,4.5,6772400
"Avinashi Rd, Peelamedu, Coimbatore","Avinashi Rd, Peelamedu",Coimbatore,Coimbatore,Tamil Nadu,1916,Apartment,4,3,1993,Excellent,11.0183,76.997,applicable,5.32,applicable,1.74,applicable,1.69,notApplicable,0.0,6236500
"Dindigul Rd, Palani, Palani","Dindigul Rd, Palani",Palani,Dindigul,Tamil Nadu,498,Independent House,4,3,1998,Needs Renovation,10.4508,77.5148,applicable,5.31,applicable,3.11,notApplicable,0.0,applicable,2.25,1304800
"100 Feet Rd, Velachery, Chennai","100 Feet Rd, Velachery",Chennai,Chennai,Tamil Nadu,4123,Duplex,2,2,2014,Needs Renovation,12.9791,80.2209,applicable,1.82,notApplicable,0.0,applicable,3.49,applicable,4.32,22463900
"Ettayapuram Rd, Thoothukudi",Ettayapuram Rd,Thoothukudi,Thoothukudi,Tamil Nadu,502,Independent House,5,5,2007,Needs Renovation,8.813,78.1341,applicable,5.4,applicable,4.77,applicable,6.05,applicable,4.8,771400
"East Coast Rd, Thiruvanmiyur, Chennai","East Coast Rd, Thiruvanmiyur",Chennai,Chennai,Tamil Nadu,3011,Apartment,5,6,2020,Excellent,12.9834,80.259,applicable,4.53,applicable,2.95,applicable,8.88,applicable,4.99,15734800
"Trichy Rd, Singanallur, Coimbatore","Trichy Rd, Singanallur",Coimbatore,Coimbatore,Tamil Nadu,1138,Villa,2,2,2025,Excellent,10.9979,76.9994,notApplicable,0.0,applicable,0.72,applicable,0.67,applicable,0.27,7969500
"Avinashi Rd, Peelamedu, Coimbatore","Avinashi Rd, Peelamedu",Coimbatore,Coimbatore,Tamil Nadu,3483,Apartment,3,3,2005,Excellent,11.0183,76.997,applicable,4.22,applicable,1.16,applicable,3.18,applicable,1.48,11827300
"East Coast Rd, Thiruvanmiyur, Chennai","East Coast Rd, Thiruvanmiyur",Chennai,Chennai,Tamil Nadu,359,Independent House,5,4,2014,Excellent,12.9834,80.259,applicable,2.7,applicable,1.32,applicable,4.56,applicable,1.99,2196000
"Alagarkoil Rd, Madurai",Alagarkoil Rd,Madurai,Madurai,Tamil Nadu,1271,Apartment,2,3,2009,Needs Renovation,9.9677,78.1653,applicable,1.16,applicable,4.03,applicable,8.36,applicable,2.0,2647600
"NH 44, Tirunelveli, Tirunelveli","NH 44, Tirunelveli",Tirunelveli,Tirunelveli,Tamil Nadu,1038,Apartment,2,1,2005,Excellent,8.7139,77.7567,applicable,4.82,applicable,3.97,applicable,8.26,applicable,4.02,1942400
"Rajapalayam Rd, Virudhunagar",Rajapalayam Rd,Virudhunagar,Virudhunagar,Tamil Nadu,2654,Independent House,4,4,1996,Excellent,9.4523,77.5533,applicable,0.93,notApplicable,0.0,applicable,7.84,applicable,3.08,5938000
"Dindigul Rd, Palani, Palani","Dindigul Rd, Palani",Palani,Dindigul,Tamil Nadu,892,Villa,1,1,2010,Good,10.4508,77.5148,applicable,5.76,notApplicable,0.0,notApplicable,0.0,applicable,3.15,3620500
"100 Feet Rd, Velachery, Chennai","100 Feet Rd, Velachery",Chennai,Chennai,Tamil Nadu,409,Villa,4,4,1999,Good,12.9791,80.2209,notApplicable,0.0,applicable,1.42,applicable,2.3,applicable,3.3,2499400
"Bypass Rd, Madurai",Bypass Rd,Madurai,Madurai,Tamil Nadu,384,Villa,4,4,2003,Needs Renovation,9.924,78.135,notApplicable,0.0,notApplicable,0.0,applicable,1.01,applicable,0.98,1550200
"Avinashi Rd, Peelamedu, Coimbatore","Avinashi Rd, Peelamedu",Coimbatore,Coimbatore,Tamil Nadu,885,Apartment,1,1,1996,Needs Renovation,11.0183,76.997,applicable,0.48,notApplicable,0.0,notApplicable,0.0,applicable,2.46,2723200
"Avinashi Rd, Peelamedu, Coimbatore","Avinashi Rd, Peelamedu",Coimbatore,Coimbatore,Tamil Nadu,422,Duplex,1,1,1991,Needs Renovation,11.0183,76.997,applicable,3.14,applicable,0.89,notApplicable,0.0,applicable,0.68,1399200
"Ettayapuram Rd, Thoothukudi",Ettayapuram Rd,Thoothukudi,Thoothukudi,Tamil Nadu,4013,Villa,5,5,2013,Needs Renovation,8.813,78.1341,notApplicable,0.0,applicable,4.69,notApplicable,0.0,applicable,2.48,10552800
"Rajapalayam Rd, Virudhunagar",Rajapalayam Rd,Virudhunagar,Virudhunagar,Tamil Nadu,502,Villa,3,3,2016,Good,9.4523,77.5533,applicable,3.27,notApplicable,0.0,notApplicable,0.0,notApplicable,0.0,1627600
"MTP Rd, Coimbatore",MTP Rd,Coimbatore,Coimbatore,Tamil Nadu,957,Duplex,1,1,1992,Good,11.0616,76.9366,notApplicable,0.0,applicable,1.09,applicable,9.02,notApplicable,0.0,3730200
"Rajapalayam Rd, Virudhunagar",Rajapalayam Rd,Virudhunagar,Virudhunagar,Tamil Nadu,745,Duplex,2,1,2011,Needs Renovation,9.4523,77.5533,applicable,4.38,applicable,0.82,applicable,1.01,applicable,1.31,1536100
"Simmakkal, Madurai",Simmakkal,Madurai,Madurai,Tamil Nadu,2683,Villa,2,3,2002,Excellent,9.921,78.1197,applicable,0.62,applicable,2.95,applicable,9.81,applicable,4.43,9711300
"Ettayapuram Rd, Thoothukudi",Ettayapuram Rd,Thoothukudi,Thoothukudi,Tamil Nadu,1505,Independent House,5,4,2023,Needs Renovation,8.813,78.1341,applicable,3.0,notApplicable,0.0,applicable,4.15,applicable,0.57,3467900
"100 Feet Rd, Velachery, Chennai","100 Feet Rd, Velachery",Chennai,Chennai,Tamil Nadu,3988,Apartment,4,4,2023,Good,12.9791,80.2209,notApplicable,0.0,applicable,4.86,notApplicable,0.0,applicable,1.87,23987500
"Trichy Rd, Singanallur, Coimbatore","Trichy Rd, Singanallur",Coimbatore,Coimbatore,Tamil Nadu,2001,Duplex,1,1,2021,Good,10.9979,76.9994,applicable,0.95,applicable,3.98,applicable,8.06,applicable,3.03,7913600
"Gandhipuram Cross Cut, Coimbatore",Gandhipuram Cross Cut,Coimbatore,Coimbatore,Tamil Nadu,953,Apartment,2,3,2012,Needs Renovation,11.0175,76.9725,applicable,2.74,applicable,5.71,applicable,2.54,applicable,1.56,2284900
"MTP Rd, Coimbatore",MTP Rd,Coimbatore,Coimbatore,Tamil Nadu,588,Villa,2,2,2008,Excellent,11.0616,76.9366,notApplicable,0.0,notApplicable,0.0,applicable,7.0,applicable,3.53,3006000
"Bypass Rd, Madurai",Bypass Rd,Madurai,Madurai,Tamil Nadu,2179,Apartment,2,3,1997,Needs Renovation,9.924,78.135,applicable,5.25,applicable,2.41,notApplicable,0.0,applicable,4.52,4371100
"East Coast Rd, Thiruvanmiyur, Chennai","East Coast Rd, Thiruvanmiyur",Chennai,Chennai,Tamil Nadu,1990,Duplex,4,4,2016,Excellent,12.9834,80.259,notApplicable,0.0,applicable,4.24,applicable,1.36,applicable,2.16,15673200
"100 Feet Rd, Velachery, Chennai","100 Feet Rd, Velachery",Chennai,Chennai,Tamil Nadu,514,Independent House,5,6,2018,Needs Renovation,12.9791,80.2209,applicable,5.22,applicable,2.89,applicable,6.64,applicable,4.78,2422600
"East Coast Rd, Thiruvanmiyur, Chennai","East Coast Rd, Thiruvanmiyur",Chennai,Chennai,Tamil Nadu,1075,Duplex,4,4,2007,Excellent,12.9834,80.259,notApplicable,0.0,applicable,0.81,applicable,8.08,applicable,4.05,7384100
"NH 44, Tirunelveli, Tirunelveli","NH 44, Tirunelveli",Tirunelveli,Tirunelveli,Tamil Nadu,4130,Independent House,3,4,1997,Good,8.7139,77.7567,notApplicable,0.0,notApplicable,0.0,applicable,9.43,applicable,3.75,9595600
"Avinashi Rd, Peelamedu, Coimbatore","Avinashi Rd, Peelamedu",Coimbatore,Coimbatore,Tamil Nadu,3279,Apartment,2,2,2002,Good,11.0183,76.997,applicable,2.26,applicable,5.64,applicable,7.75,applicable,4.17,8736900
"Rajapalayam Rd, Virudhunagar",Rajapalayam Rd,Virudhunagar,Virudhunagar,Tamil Nadu,1863,Apartment,3,3,2024,Needs Renovation,9.4523,77.5533,notApplicable,0.0,applicable,1.61,applicable,5.85,applicable,4.42,3454100
"Bypass Rd, Madurai",Bypass Rd,Madurai,Madurai,Tamil Nadu,1657,Independent House,5,5,1992,Excellent,9.924,78.135,applicable,4.17,applicable,3.55,applicable,6.11,notApplicable,0.0,5082800
"Alagarkoil Rd, Madurai",Alagarkoil Rd,Madurai,Madurai,Tamil Nadu,3342,Duplex,4,4,2001,Good,9.9677,78.1653,notApplicable,0.0,applicable,0.39,applicable,7.89,applicable,4.27,11110400
"NH 44, Tirunelveli, Tirunelveli","NH 44, Tirunelveli",Tirunelveli,Tirunelveli,Tamil Nadu,1057,Apartment,4,4,2005,Needs Renovation,8.7139,77.7567,applicable,5.3,applicable,1.83,notApplicable,0.0,applicable,2.58,1704100
"Rajapalayam Rd, Virudhunagar",Rajapalayam Rd,Virudhunagar,Virudhunagar,Tamil Nadu,1915,Duplex,4,4,2006,Good,9.4523,77.5533,applicable,1.04,notApplicable,0.0,notApplicable,0.0,notApplicable,0.0,5498200
"MTP Rd, Coimbatore",MTP Rd,Coimbatore,Coimbatore,Tamil Nadu,1848,Apartment,3,3,2006,Good,11.0616,76.9366,applicable,4.47,applicable,1.5,applicable,8.08,notApplicable,0.0,5600100
"Sathyamangalam Rd, Edayarpalayam, Erode","Sathyamangalam Rd, Edayarpalayam",Erode,Erode,Tamil Nadu,1496,Villa,5,4,1997,Excellent,11.349,77.6951,notApplicable,0.0,applicable,3.72,notApplicable,0.0,applicable,2.72,5087400
"Simmakkal, Madurai",Simmakkal,Madurai,Madurai,Tamil Nadu,3413,Independent House,4,4,2023,Needs Renovation,9.921,78.1197,notApplicable,0.0,applicable,0.83,applicable,9.39,notApplicable,0.0,10730800
"100 Feet Rd, Velachery, Chennai","100 Feet Rd, Velachery",Chennai,Chennai,Tamil Nadu,380,Independent House,4,3,2001,Excellent,12.9791,80.2209,applicable,5.54,applicable,4.2,applicable,2.75,applicable,4.24,2162100
"Sathyamangalam Rd, Edayarpalayam, Erode","Sathyamangalam Rd, Edayarpalayam",Erode,Erode,Tamil Nadu,537,Duplex,3,3,2004,Needs Renovation,11.349,77.6951,notApplicable,0.0,applicable,3.6,applicable,2.16,applicable,4.99,1192900
"Dindigul Rd, Palani, Palani","Dindigul Rd, Palani",Palani,Dindigul,Tamil Nadu,1333,Independent House,5,4,2004,Excellent,10.4508,77.5148,applicable,4.01,notApplicable,0.0,applicable,5.12,applicable,1.47,5180800
"Bypass Rd, Madurai",Bypass Rd,Madurai,Madurai,Tamil Nadu,439,Independent House,1,1,2022,Excellent,9.924,78.135,applicable,1.16,applicable,4.45,applicable,4.04,applicable,0.48,1612200
"100 Feet Rd, Velachery, Chennai","100 Feet Rd, Velachery",Chennai,Chennai,Tamil Nadu,418,Villa,5,5,2024,Good,12.9791,80.2209,notApplicable,0.0,notApplicable,0.0,notApplicable,0.0,applicable,1.01,3682900
"Dindigul Rd, Palani, Palani","Dindigul Rd, Palani",Palani,Dindigul,Tamil Nadu,410,Duplex,1,1,1995,Needs Renovation,10.4508,77.5148,notApplicable,0.0,applicable,0.73,applicable,3.62,applicable,2.45,1294900
"Gandhipuram Cross Cut, Coimbatore",Gandhipuram Cross Cut,Coimbatore,Coimbatore,Tamil Nadu,626,Independent House,2,2,1997,Needs Renovation,11.0175,76.9725,applicable,5.18,applicable,2.92,notApplicable,0.0,applicable,3.07,1809900
"East Coast Rd, Thiruvanmiyur, Chennai","East Coast Rd, Thiruvanmiyur",Chennai,Chennai,Tamil Nadu,519,Apartment,3,3,2003,Needs Renovation,12.9834,80.259,applicable,4.07,applicable,0.84,applicable,9.28,applicable,4.7,2143700
"Gandhipuram Cross Cut, Coimbatore",Gandhipuram Cross Cut,Coimbatore,Coimbatore,Tamil Nadu,3830,Independent House,3,4,1999,Needs Renovation,11.0175,76.9725,applicable,1.22,applicable,3.07,notApplicable,0.0,applicable,2.22,12156200
"Gandhipuram Cross Cut, Coimbatore",Gandhipuram Cross Cut,Coimbatore,Coimbatore,Tamil Nadu,1404,Villa,1,1,2014,Good,11.0175,76.9725,applicable,4.62,applicable,2.78,notApplicable,0.0,applicable,4.22,6309800
"100 Feet Rd, Velachery, Chennai","100 Feet Rd, Velachery",Chennai,Chennai,Tamil Nadu,2090,Apartment,1,1,1991,Good,12.9791,80.2209,notApplicable,0.0,applicable,3.96,applicable,2.07,applicable,3.88,9351600
"Ettayapuram Rd, Thoothukudi",Ettayapuram Rd,Thoothukudi,Thoothukudi,Tamil Nadu,3312,Duplex,1,1,1993,Needs Renovation,8.813,78.1341,applicable,4.27,notApplicable,0.0,notApplicable,0.0,applicable,1.52,6523000
"100 Feet Rd, Velachery, Chennai","100 Feet Rd, Velachery",Chennai,Chennai,Tamil Nadu,2064,Independent House,1,1,2010,Good,12.9791,80.2209,notApplicable,0.0,applicable,3.21,applicable,6.42,applicable,0.19,11957700
"Alagarkoil Rd, Madurai",Alagarkoil Rd,Madurai,Madurai,Tamil Nadu,640,Independent House,4,3,2011,Needs Renovation,9.9677,78.1653,notApplicable,0.0,applicable,5.09,notApplicable,0.0,applicable,0.81,1928600
"Bypass Rd, Madurai",Bypass Rd,Madurai,Madurai,Tamil Nadu,2023,Villa,2,2,2003,Excellent,9.924,78.135,applicable,3.98,applicable,1.41,notApplicable,0.0,applicable,0.35,9370300
"Ettayapuram Rd, Thoothukudi",Ettayapuram Rd,Thoothukudi,Thoothukudi,Tamil Nadu,1887,Duplex,3,3,2023,Excellent,8.813,78.1341,notApplicable,0.0,applicable,2.28,applicable,3.89,applicable,3.12,5077500
"Rajapalayam Rd, Virudhunagar",Rajapalayam Rd,Virudhunagar,Virudhunagar,Tamil Nadu,1898,Apartment,3,3,2009,Needs Renovation,9.4523,77.5533,notApplicable,0.0,applicable,4.18,notApplicable,0.0,applicable,3.01,3063000
"Alagarkoil Rd, Madurai",Alagarkoil Rd,Madurai,Madurai,Tamil Nadu,444,Apartment,4,4,2008,Good,9.9677,78.1653,notApplicable,0.0,applicable,3.89,notApplicable,0.0,applicable,1.74,1327400
"Sathyamangalam Rd, Edayarpalayam, Erode","Sathyamangalam Rd, Edayarpalayam",Erode,Erode,Tamil Nadu,4123,Villa,1,1,2010,Needs Renovation,11.349,77.6951,applicable,2.76,applicable,3.98,notApplicable,0.0,applicable,1.96,9901800
"Bypass Rd, Madurai",Bypass Rd,Madurai,Madurai,Tamil Nadu,419,Apartment,3,3,2012,Excellent,9.924,78.135,applicable,5.28,applicable,2.41,notApplicable,0.0,applicable,1.3,1259900
"East Coast Rd, Thiruvanmiyur, Chennai","East Coast Rd, Thiruvanmiyur",Chennai,Chennai,Tamil Nadu,1569,Duplex,2,3,2004,Excellent,12.9834,80.259,applicable,1.37,applicable,3.57,notApplicable,0.0,notApplicable,0.0,12429400
"East Coast Rd, Thiruvanmiyur, Chennai","East Coast Rd, Thiruvanmiyur",Chennai,Chennai,Tamil Nadu,1212,Independent House,4,4,1995,Good,12.9834,80.259,notApplicable,0.0,notApplicable,0.0,notApplicable,0.0,notApplicable,0.0,8291900
"100 Feet Rd, Velachery, Chennai","100 Feet Rd, Velachery",Chennai,Chennai,Tamil Nadu,797,Independent House,4,5,2006,Needs Renovation,12.9791,80.2209,applicable,5.54,applicable,2.31,notApplicable,0.0,notApplicable,0.0,4425800
"Ettayapuram Rd, Thoothukudi",Ettayapuram Rd,Thoothukudi,Thoothukudi,Tamil Nadu,931,Duplex,3,3,2022,Good,8.813,78.1341,applicable,2.57,applicable,3.51,applicable,6.19,applicable,3.12,2164300
"Trichy Rd, Singanallur, Coimbatore","Trichy Rd, Singanallur",Coimbatore,Coimbatore,Tamil Nadu,2129,Villa,4,4,2022,Good,10.9979,76.9994,applicable,3.08,applicable,4.67,notApplicable,0.0,applicable,2.28,9794300
"East Coast Rd, Thiruvanmiyur, Chennai","East Coast Rd, Thiruvanmiyur",Chennai,Chennai,Tamil Nadu,524,Apartment,1,2,2024,Good,12.9834,80.259,applicable,4.53,applicable,2.14,applicable,2.45,applicable,4.66,2679000
"Ettayapuram Rd, Thoothukudi",Ettayapuram Rd,Thoothukudi,Thoothukudi,Tamil Nadu,1939,Independent House,5,4,2015,Excellent,8.813,78.1341,applicable,3.07,applicable,0.24,applicable,5.47,applicable,4.79,5110900
"Bypass Rd, Madurai",Bypass Rd,Madurai,Madurai,Tamil Nadu,1099,Villa,3,3,2024,Good,9.924,78.135,applicable,3.84,applicable,0.71,applicable,2.63,applicable,2.0,4612100
"Bypass Rd, Madurai",Bypass Rd,Madurai,Madurai,Tamil Nadu,496,Duplex,2,3,2021,Excellent,9.924,78.135,notApplicable,0.0,applicable,2.59,applicable,9.45,applicable,2.35,1909200
"Alagarkoil Rd, Madurai",Alagarkoil Rd,Madurai,Madurai,Tamil Nadu,3457,Independent House,1,1,2000,Good,9.9677,78.1653,applicable,1.34,applicable,5.19,notApplicable,0.0,applicable,2.95,10243000
"Alagarkoil Rd, Madurai",Alagarkoil Rd,Madurai,Madurai,Tamil Nadu,604,Duplex,4,4,2024,Needs Renovation,9.9677,78.1653,notApplicable,0.0,applicable,0.62,applicable,5.99,applicable,4.53,1886700
"Gandhipuram Cross Cut, Coimbatore",Gandhipuram Cross Cut,Coimbatore,Coimbatore,Tamil Nadu,517,Duplex,1,1,2005,Needs Renovation,11.0175,76.9725,applicable,2.17,applicable,4.98,applicable,6.65,applicable,4.19,1380600
"Ettayapuram Rd, Thoothukudi",Ettayapuram Rd,Thoothukudi,Thoothukudi,Tamil Nadu,464,Duplex,5,6,2001,Good,8.813,78.1341,notApplicable,0.0,applicable,3.52,notApplicable,0.0,applicable,0.41,1289400
"Dindigul Rd, Palani, Palani","Dindigul Rd, Palani",Palani,Dindigul,Tamil Nadu,3949,Villa,5,4,2006,Excellent,10.4508,77.5148,notApplicable,0.0,applicable,2.5,applicable,6.54,applicable,4.93,15835600
"Ettayapuram Rd, Thoothukudi",Ettayapuram Rd,Thoothukudi,Thoothukudi,Tamil Nadu,2898,Apartment,1,1,2022,Excellent,8.813,78.1341,applicable,5.39,notApplicable,0.0,applicable,9.96,applicable,3.43,6258200
"MTP Rd, Coimbatore",MTP Rd,Coimbatore,Coimbatore,Tamil Nadu,519,Villa,3,3,2022,Good,11.0616,76.9366,applicable,2.86,applicable,4.19,notApplicable,0.0,applicable,1.76,2323200
"Simmakkal, Madurai",Simmakkal,Madurai,Madurai,Tamil Nadu,640,Independent House,4,4,1993,Excellent,9.921,78.1197,applicable,1.81,applicable,2.24,applicable,6.96,applicable,3.24,1823100
"Trichy Rd, Singanallur, Coimbatore","Trichy Rd, Singanallur",Coimbatore,Coimbatore,Tamil Nadu,478,Independent House,1,1,2023,Excellent,10.9979,76.9994,applicable,5.3,notApplicable,0.0,notApplicable,0.0,applicable,4.87,2173200
"Ettayapuram Rd, Thoothukudi",Ettayapuram Rd,Thoothukudi,Thoothukudi,Tamil Nadu,1196,Duplex,5,5,2018,Excellent,8.813,78.1341,notApplicable,0.0,applicable,4.12,applicable,8.49,applicable,1.29,3187800
"Simmakkal, Madurai",Simmakkal,Madurai,Madurai,Tamil Nadu,1004,Apartment,2,2,2002,Excellent,9.921,78.1197,applicable,5.36,applicable,2.07,notApplicable,0.0,applicable,1.62,2872900
"East Coast Rd, Thiruvanmiyur, Chennai","East Coast Rd, Thiruvanmiyur",Chennai,Chennai,Tamil Nadu,3208,Villa,5,6,1992,Excellent,12.9834,80.259,notApplicable,0.0,applicable,5.31,applicable,2.72,applicable,0.68,24413100
"Sathyamangalam Rd, Edayarpalayam, Erode","Sathyamangalam Rd, Edayarpalayam",Erode,Erode,Tamil Nadu,2259,Apartment,5,6,2019,Good,11.349,77.6951,applicable,4.66,applicable,1.81,applicable,9.55,notApplicable,0.0,5402100
"East Coast Rd, Thiruvanmiyur, Chennai","East Coast Rd, Thiruvanmiyur",Chennai,Chennai,Tamil Nadu,2925,Villa,2,3,1991,Good,12.9834,80.259,applicable,5.1,applicable,4.17,notApplicable,0.0,applicable,1.14,17213800
"Dindigul Rd, Palani, Palani","Dindigul Rd, Palani",Palani,Dindigul,Tamil Nadu,3207,Villa,1,1,2016,Needs Renovation,10.4508,77.5148,notApplicable,0.0,applicable,1.78,applicable,1.72,applicable,2.06,12697400
"Rajapalayam Rd, Virudhunagar",Rajapalayam Rd,Virudhunagar,Virudhunagar,Tamil Nadu,1208,Apartment,1,2,2023,Needs Renovation,9.4523,77.5533,applicable,5.29,applicable,4.78,applicable,6.51,notApplicable,0.0,1948500
"Alagarkoil Rd, Madurai",Alagarkoil Rd,Madurai,Madurai,Tamil Nadu,2172,Duplex,4,5,2017,Needs Renovation,9.9677,78.1653,applicable,4.49,applicable,1.41,applicable,0.64,notApplicable,0.0,7658500
"Sathyamangalam Rd, Edayarpalayam, Erode","Sathyamangalam Rd, Edayarpalayam",Erode,Erode,Tamil Nadu,845,Independent House,1,1,2013,Needs Renovation,11.349,77.6951,applicable,4.73,applicable,1.67,notApplicable,0.0,applicable,2.83,1844300
"NH 44, Tirunelveli, Tirunelveli","NH 44, Tirunelveli",Tirunelveli,Tirunelveli,Tamil Nadu,1454,Villa,5,4,2012,Good,8.7139,77.7567,applicable,1.73,applicable,3.16,notApplicable,0.0,applicable,2.6,3716900
"East Coast Rd, Thiruvanmiyur, Chennai","East Coast Rd, Thiruvanmiyur",Chennai,Chennai,Tamil Nadu,532,Duplex,3,3,2004,Needs Renovation,12.9834,80.259,notApplicable,0.0,applicable,2.82,notApplicable,0.0,applicable,3.84,2831700
"Dindigul Rd, Palani, Palani","Dindigul Rd, Palani",Palani,Dindigul,Tamil Nadu,684,Villa,5,6,2011,Good,10.4508,77.5148,notApplicable,0.0,notApplicable,0.0,notApplicable,0.0,applicable,4.64,3305800
"Gandhipuram Cross Cut, Coimbatore",Gandhipuram Cross Cut,Coimbatore,Coimbatore,Tamil Nadu,1713,Villa,4,4,2006,Good,11.0175,76.9725,notApplicable,0.0,applicable,3.07,notApplicable,0.0,applicable,0.3,8983800
"Ettayapuram Rd, Thoothukudi",Ettayapuram Rd,Thoothukudi,Thoothukudi,Tamil Nadu,676,Independent House,3,3,2012,Excellent,8.813,78.1341,applicable,0.82,applicable,3.37,applicable,5.81,applicable,1.37,1760400
"East Coast Rd, Thiruvanmiyur, Chennai","East Coast Rd, Thiruvanmiyur",Chennai,Chennai,Tamil Nadu,1297,Duplex,4,5,2006,Good,12.9834,80.259,applicable,4.45,notApplicable,0.0,notApplicable,0.0,applicable,0.41,8451500
"Sathyamangalam Rd, Edayarpalayam, Erode","Sathyamangalam Rd, Edayarpalayam",Erode,Erode,Tamil Nadu,665,Apartment,3,4,2016,Excellent,11.349,77.6951,notApplicable,0.0,applicable,1.47,applicable,9.28,applicable,0.98,1894800
"Ettayapuram Rd, Thoothukudi",Ettayapuram Rd,Thoothukudi,Thoothukudi,Tamil Nadu,1692,Villa,3,4,2025,Good,8.813,78.1341,applicable,0.36,applicable,5.54,applicable,8.72,notApplicable,0.0,4723400
"Gandhipuram Cross Cut, Coimbatore",Gandhipuram Cross Cut,Coimbatore,Coimbatore,Tamil Nadu,1761,Duplex,5,5,2006,Needs Renovation,11.0175,76.9725,notApplicable,0.0,applicable,2.58,applicable,2.43,applicable,0.88,6532500
"100 Feet Rd, Velachery, Chennai","100 Feet Rd, Velachery",Chennai,Chennai,Tamil Nadu,626,Villa,2,3,1997,Excellent,12.9791,80.2209,applicable,4.2,applicable,3.16,notApplicable,0.0,applicable,1.45,4595700
"Avinashi Rd, Peelamedu, Coimbatore","Avinashi Rd, Peelamedu",Coimbatore,Coimbatore,Tamil Nadu,945,Duplex,3,2,1996,Good,11.0183,76.997,applicable,4.52,applicable,5.94,notApplicable,0.0,applicable,4.71,3236300
"East Coast Rd, Thiruvanmiyur, Chennai","East Coast Rd, Thiruvanmiyur",Chennai,Chennai,Tamil Nadu,391,Duplex,2,1,2010,Needs Renovation,12.9834,80.259,notApplicable,0.0,applicable,3.97,notApplicable,0.0,applicable,4.52,2163800
"Bypass Rd, Madurai",Bypass Rd,Madurai,Madurai,Tamil Nadu,755,Villa,3,3,1992,Excellent,9.924,78.135,applicable,5.44,applicable,2.13,applicable,5.77,applicable,3.69,2558400
"Sathyamangalam Rd, Edayarpalayam, Erode","Sathyamangalam Rd, Edayarpalayam",Erode,Erode,Tamil Nadu,1574,Independent House,2,1,2009,Needs Renovation,11.349,77.6951,notApplicable,0.0,applicable,3.07,notApplicable,0.0,applicable,4.64,3682000
"Bypass Rd, Madurai",Bypass Rd,Madurai,Madurai,Tamil Nadu,507,Independent House,3,3,1998,Needs Renovation,9.924,78.135,applicable,4.51,applicable,1.38,notApplicable,0.0,applicable,1.1,1508000
"Bypass Rd, Madurai",Bypass Rd,Madurai,Madurai,Tamil Nadu,1720,Independent House,3,2,1999,Excellent,9.924,78.135,applicable,3.57,applicable,3.52,applicable,1.71,applicable,1.65,5951700
"NH 44, Tirunelveli, Tirunelveli","NH 44, Tirunelveli",Tirunelveli,Tirunelveli,Tamil Nadu,1162,Duplex,1,1,1990,Good,8.7139,77.7567,applicable,3.53,notApplicable,0.0,applicable,4.08,applicable,4.95,2337800
"Ettayapuram Rd, Thoothukudi",Ettayapuram Rd,Thoothukudi,Thoothukudi,Tamil Nadu,1152,Villa,3,4,1999,Good,8.813,78.1341,applicable,5.72,applicable,4.39,notApplicable,0.0,notApplicable,0.0,3169100
"Bypass Rd, Madurai",Bypass Rd,Madurai,Madurai,Tamil Nadu,3029,Duplex,1,1,2018,Excellent,9.924,78.135,applicable,5.86,applicable,5.54,applicable,9.73,notApplicable,0.0,11738400
"Sathyamangalam Rd, Edayarpalayam, Erode","Sathyamangalam Rd, Edayarpalayam",Erode,Erode,Tamil Nadu,876,Independent House,4,4,2003,Good,11.349,77.6951,applicable,4.12,applicable,5.28,notApplicable,0.0,applicable,2.83,2142800
"MTP Rd, Coimbatore",MTP Rd,Coimbatore,Coimbatore,Tamil Nadu,3635,Apartment,5,6,2011,Needs Renovation,11.0616,76.9366,notApplicable,0.0,applicable,3.86,notApplicable,0.0,applicable,2.2,10558700
"Avinashi Rd, Peelamedu, Coimbatore","Avinashi Rd, Peelamedu",Coimbatore,Coimbatore,Tamil Nadu,1703,Duplex,1,1,2015,Excellent,11.0183,76.997,notApplicable,0.0,applicable,5.44,applicable,7.22,applicable,0.44,8190100
"Trichy Rd, Singanallur, Coimbatore","Trichy Rd, Singanallur",Coimbatore,Coimbatore,Tamil Nadu,365,Apartment,2,3,1990,Needs Renovation,10.9979,76.9994,notApplicable,0.0,notApplicable,0.0,notApplicable,0.0,notApplicable,0.0,1128500
"Simmakkal, Madurai",Simmakkal,Madurai,Madurai,Tamil Nadu,1341,Villa,2,3,2022,Excellent,9.921,78.1197,applicable,4.4,applicable,5.4,applicable,4.98,applicable,5.0,5335200
"Bypass Rd, Madurai",Bypass Rd,Madurai,Madurai,Tamil Nadu,1073,Villa,4,5,2000,Excellent,9.924,78.135,applicable,1.88,applicable,5.24,applicable,2.89,notApplicable,0.0,4160700
"Sathyamangalam Rd, Edayarpalayam, Erode","Sathyamangalam Rd, Edayarpalayam",Erode,Erode,Tamil Nadu,715,Apartment,1,1,2002,Excellent,11.349,77.6951,applicable,3.62,applicable,1.31,notApplicable,0.0,applicable,1.81,1761000
"Gandhipuram Cross Cut, Coimbatore",Gandhipuram Cross Cut,Coimbatore,Coimbatore,Tamil Nadu,948,Independent House,3,2,2023,Good,11.0175,76.9725,applicable,3.05,applicable,1.35,applicable,1.74,applicable,2.64,3849200
"Avinashi Rd, Peelamedu, Coimbatore","Avinashi Rd, Peelamedu",Coimbatore,Coimbatore,Tamil Nadu,566,Villa,5,6,1993,Good,11.0183,76.997,notApplicable,0.0,applicable,2.15,applicable,3.32,applicable,1.68,2204500
"Trichy Rd, Singanallur, Coimbatore","Trichy Rd, Singanallur",Coimbatore,Coimbatore,Tamil Nadu,693,Duplex,1,1,2009,Needs Renovation,10.9979,76.9994,applicable,2.92,applicable,0.77,notApplicable,0.0,applicable,4.11,2410400
"Rajapalayam Rd, Virudhunagar",Rajapalayam Rd,Virudhunagar,Virudhunagar,Tamil Nadu,497,Apartment,3,3,2009,Good,9.4523,77.5533,applicable,2.9,applicable,2.84,applicable,2.08,applicable,2.04,910900
"Rajapalayam Rd, Virudhunagar",Rajapalayam Rd,Virudhunagar,Virudhunagar,Tamil Nadu,2824,Apartment,2,2,2014,Needs Renovation,9.4523,77.5533,applicable,1.6,applicable,3.67,notApplicable,0.0,applicable,4.63,4292200
"Rajapalayam Rd, Virudhunagar",Rajapalayam Rd,Virudhunagar,Virudhunagar,Tamil Nadu,1545,Villa,3,2,1998,Needs Renovation,9.4523,77.5533,applicable,3.14,applicable,4.75,notApplicable,0.0,applicable,3.09,2716600
"Bypass Rd, Madurai",Bypass Rd,Madurai,Madurai,Tamil Nadu,1405,Duplex,4,4,2017,Excellent,9.924,78.135,notApplicable,0.0,applicable,0.24,applicable,7.34,applicable,2.9,5865600
"Avinashi Rd, Peelamedu, Coimbatore","Avinashi Rd, Peelamedu",Coimbatore,Coimbatore,Tamil Nadu,2800,Independent House,1,1,1992,Needs Renovation,11.0183,76.997,notApplicable,0.0,applicable,3.71,applicable,4.39,applicable,0.4,9310100
"Bypass Rd, Madurai",Bypass Rd,Madurai,Madurai,Tamil Nadu,2221,Apartment,1,1,1992,Excellent,9.924,78.135,notApplicable,0.0,applicable,5.63,applicable,6.47,applicable,1.3,5852100
"East Coast Rd, Thiruvanmiyur, Chennai","East Coast Rd, Thiruvanmiyur",Chennai,Chennai,Tamil Nadu,1462,Duplex,5,6,2013,Needs Renovation,12.9834,80.259,applicable,5.18,applicable,2.07,notApplicable,0.0,applicable,4.94,7135900
"Trichy Rd, Singanallur, Coimbatore","Trichy Rd, Singanallur",Coimbatore,Coimbatore,Tamil Nadu,821,Duplex,4,3,1992,Needs Renovation,10.9979,76.9994,applicable,2.61,notApplicable,0.0,notApplicable,0.0,applicable,3.95,2767300
"Gandhipuram Cross Cut, Coimbatore",Gandhipuram Cross Cut,Coimbatore,Coimbatore,Tamil Nadu,660,Duplex,2,2,1993,Needs Renovation,11.0175,76.9725,applicable,3.39,applicable,4.99,applicable,1.39,applicable,1.65,1965800
"East Coast Rd, Thiruvanmiyur, Chennai","East Coast Rd, Thiruvanmiyur",Chennai,Chennai,Tamil Nadu,798,Villa,2,1,2016,Good,12.9834,80.259,applicable,3.77,applicable,3.11,notApplicable,0.0,applicable,2.14,5094200
"Gandhipuram Cross Cut, Coimbatore",Gandhipuram Cross Cut,Coimbatore,Coimbatore,Tamil Nadu,741,Duplex,2,1,2001,Good,11.0175,76.9725,applicable,5.29,applicable,3.44,notApplicable,0.0,applicable,1.23,2751100
"Gandhipuram Cross Cut, Coimbatore",Gandhipuram Cross Cut,Coimbatore,Coimbatore,Tamil Nadu,661,Duplex,4,4,2001,Good,11.0175,76.9725,applicable,0.82,applicable,1.49,applicable,3.59,applicable,1.18,2799800
"100 Feet Rd, Velachery, Chennai","100 Feet Rd, Velachery",Chennai,Chennai,Tamil Nadu,498,Villa,2,1,2020,Excellent,12.9791,80.2209,applicable,5.62,notApplicable,0.0,notApplicable,0.0,applicable,0.47,4350300
"East Coast Rd, Thiruvanmiyur, Chennai","East Coast Rd, Thiruvanmiyur",Chennai,Chennai,Tamil Nadu,3715,Independent House,2,1,1993,Excellent,12.9834,80.259,applicable,5.21,notApplicable,0.0,applicable,7.39,applicable,3.55,19300600
"Rajapalayam Rd, Virudhunagar",Rajapalayam Rd,Virudhunagar,Virudhunagar,Tamil Nadu,377,Independent House,1,1,1994,Good,9.4523,77.5533,applicable,4.41,applicable,2.19,applicable,8.47,notApplicable,0.0,693200
"100 Feet Rd, Velachery, Chennai","100 Feet Rd, Velachery",Chennai,Chennai,Tamil Nadu,927,Duplex,4,3,2002,Needs Renovation,12.9791,80.2209,applicable,3.62,applicable,1.85,notApplicable,0.0,applicable,4.78,4617900
"East Coast Rd, Thiruvanmiyur, Chennai","East Coast Rd, Thiruvanmiyur",Chennai,Chennai,Tamil Nadu,1569,Duplex,5,4,2021,Good,12.9834,80.259,notApplicable,0.0,applicable,4.8,notApplicable,0.0,applicable,1.55,11786700
"Alagarkoil Rd, Madurai",Alagarkoil Rd,Madurai,Madurai,Tamil Nadu,732,Duplex,2,2,2020,Needs Renovation,9.9677,78.1653,notApplicable,0.0,applicable,4.16,applicable,9.44,applicable,3.34,2011100
"Alagarkoil Rd, Madurai",Alagarkoil Rd,Madurai,Madurai,Tamil Nadu,3901,Villa,3,4,2002,Needs Renovation,9.9677,78.1653,applicable,5.63,notApplicable,0.0,notApplicable,0.0,notApplicable,0.0,14042300
"NH 44, Tirunelveli, Tirunelveli","NH 44, Tirunelveli",Tirunelveli,Tirunelveli,Tamil Nadu,1273,Duplex,4,3,2020,Excellent,8.7139,77.7567,applicable,2.71,applicable,0.96,applicable,9.15,notApplicable,0.0,3570600
"Simmakkal, Madurai",Simmakkal,Madurai,Madurai,Tamil Nadu,634,Villa,1,2,2003,Needs Renovation,9.921,78.1197,notApplicable,0.0,applicable,3.1,applicable,3.56,applicable,4.16,1805600
"Dindigul Rd, Palani, Palani","Dindigul Rd, Palani",Palani,Dindigul,Tamil Nadu,3904,Apartment,4,3,1993,Needs Renovation,10.4508,77.5148,applicable,4.53,applicable,1.93,applicable,5.49,applicable,1.37,9315900
"Avinashi Rd, Peelamedu, Coimbatore","Avinashi Rd, Peelamedu",Coimbatore,Coimbatore,Tamil Nadu,3404,Duplex,2,3,2003,Needs Renovation,11.0183,76.997,notApplicable,0.0,applicable,4.34,notApplicable,0.0,applicable,1.22,13336400
"Avinashi Rd, Peelamedu, Coimbatore","Avinashi Rd, Peelamedu",Coimbatore,Coimbatore,Tamil Nadu,416,Independent House,3,3,2000,Good,11.0183,76.997,applicable,3.29,notApplicable,0.0,applicable,6.25,applicable,4.15,1376500
"Ettayapuram Rd, Thoothukudi",Ettayapuram Rd,Thoothukudi,Thoothukudi,Tamil Nadu,2433,Duplex,1,2,2019,Needs Renovation,8.813,78.1341,notApplicable,0.0,applicable,1.6,notApplicable,0.0,applicable,2.91,6198300
"Sathyamangalam Rd, Edayarpalayam, Erode","Sathyamangalam Rd, Edayarpalayam",Erode,Erode,Tamil Nadu,683,Apartment,4,4,2011,Excellent,11.349,77.6951,applicable,2.49,applicable,2.14,applicable,9.19,applicable,0.11,1682600
"Dindigul Rd, Palani, Palani","Dindigul Rd, Palani",Palani,Dindigul,Tamil Nadu,1149,Duplex,2,3,2025,Good,10.4508,77.5148,applicable,0.36,applicable,6.0,applicable,8.31,applicable,2.11,4613200
"East Coast Rd, Thiruvanmiyur, Chennai","East Coast Rd, Thiruvanmiyur",Chennai,Chennai,Tamil Nadu,3196,Villa,1,1,2011,Excellent,12.9834,80.259,notApplicable,0.0,applicable,1.13,applicable,1.68,applicable,4.24,28419400
"Trichy Rd, Singanallur, Coimbatore","Trichy Rd, Singanallur",Coimbatore,Coimbatore,Tamil Nadu,506,Villa,2,1,2005,Good,10.9979,76.9994,notApplicable,0.0,applicable,5.07,notApplicable,0.0,applicable,0.69,2423900
"Bypass Rd, Madurai",Bypass Rd,Madurai,Madurai,Tamil Nadu,475,Apartment,4,4,2025,Needs Renovation,9.924,78.135,applicable,0.52,applicable,1.03,applicable,1.87,applicable,4.9,1375900
"Alagarkoil Rd, Madurai",Alagarkoil Rd,Madurai,Madurai,Tamil Nadu,2296,Duplex,5,5,2021,Good,9.9677,78.1653,applicable,3.68,applicable,5.93,notApplicable,0.0,applicable,0.79,7721800
"Dindigul Rd, Palani, Palani","Dindigul Rd, Palani",Palani,Dindigul,Tamil Nadu,2885,Independent House,5,5,2003,Excellent,10.4508,77.5148,applicable,3.87,applicable,0.65,applicable,5.19,notApplicable,0.0,10946700
"Avinashi Rd, Peelamedu, Coimbatore","Avinashi Rd, Peelamedu",Coimbatore,Coimbatore,Tamil Nadu,929,Duplex,4,3,2020,Good,11.0183,76.997,applicable,5.34,notApplicable,0.0,applicable,8.29,applicable,4.04,3784100
"Dindigul Rd, Palani, Palani","Dindigul Rd, Palani",Palani,Dindigul,Tamil Nadu,1650,Independent House,1,2,2012,Needs Renovation,10.4508,77.5148,applicable,5.75,applicable,1.13,applicable,8.45,applicable,2.15,5192700
"Ettayapuram Rd, Thoothukudi",Ettayapuram Rd,Thoothukudi,Thoothukudi,Tamil Nadu,798,Independent House,1,1,2023,Needs Renovation,8.813,78.1341,applicable,0.69,notApplicable,0.0,applicable,5.36,applicable,2.32,1778000
"Simmakkal, Madurai",Simmakkal,Madurai,Madurai,Tamil Nadu,502,Villa,5,4,2024,Good,9.921,78.1197,notApplicable,0.0,applicable,4.44,applicable,5.76,applicable,3.46,1817300
"Trichy Rd, Singanallur, Coimbatore","Trichy Rd, Singanallur",Coimbatore,Coimbatore,Tamil Nadu,701,Duplex,2,2,2006,Needs Renovation,10.9979,76.9994,notApplicable,0.0,applicable,1.47,notApplicable,0.0,applicable,4.1,2602600
"Gandhipuram Cross Cut, Coimbatore",Gandhipuram Cross Cut,Coimbatore,Coimbatore,Tamil Nadu,2244,Villa,3,3,2002,Excellent,11.0175,76.9725,notApplicable,0.0,notApplicable,0.0,notApplicable,0.0,applicable,4.73,12656600
"Alagarkoil Rd, Madurai",Alagarkoil Rd,Madurai,Madurai,Tamil Nadu,1316,Duplex,4,5,2012,Good,9.9677,78.1653,applicable,5.02,applicable,3.56,applicable,6.62,applicable,1.15,4005200
"Rajapalayam Rd, Virudhunagar",Rajapalayam Rd,Virudhunagar,Virudhunagar,Tamil Nadu,679,Villa,1,1,2009,Needs Renovation,9.4523,77.5533,applicable,0.63,notApplicable,0.0,applicable,3.84,notApplicable,0.0,1770800
"MTP Rd, Coimbatore",MTP Rd,Coimbatore,Coimbatore,Tamil Nadu,636,Apartment,2,3,2023,Excellent,11.0616,76.9366,notApplicable,0.0,notApplicable,0.0,notApplicable,0.0,applicable,4.02,2693400
"Sathyamangalam Rd, Edayarpalayam, Erode","Sathyamangalam Rd, Edayarpalayam",Erode,Erode,Tamil Nadu,501,Apartment,2,2,1991,Needs Renovation,11.349,77.6951,notApplicable,0.0,applicable,3.62,applicable,8.28,applicable,1.51,787300
"NH 44, Tirunelveli, Tirunelveli","NH 44, Tirunelveli",Tirunelveli,Tirunelveli,Tamil Nadu,937,Independent House,3,4,1997,Needs Renovation,8.7139,77.7567,notApplicable,0.0,notApplicable,0.0,applicable,9.42,applicable,2.75,1857700
"Sathyamangalam Rd, Edayarpalayam, Erode","Sathyamangalam Rd, Edayarpalayam",Erode,Erode,Tamil Nadu,590,Duplex,4,3,2021,Excellent,11.349,77.6951,applicable,1.78,applicable,1.27,notApplicable,0.0,notApplicable,0.0,2350500
"Avinashi Rd, Peelamedu, Coimbatore","Avinashi Rd, Peelamedu",Coimbatore,Coimbatore,Tamil Nadu,553,Apartment,3,3,2013,Good,11.0183,76.997,notApplicable,0.0,applicable,5.71,applicable,2.07,notApplicable,0.0,1835400
"Avinashi Rd, Peelamedu, Coimbatore","Avinashi Rd, Peelamedu",Coimbatore,Coimbatore,Tamil Nadu,3273,Villa,3,3,2005,Needs Renovation,11.0183,76.997,applicable,5.81,applicable,1.35,applicable,9.43,applicable,2.88,10936600
"Rajapalayam Rd, Virudhunagar",Rajapalayam Rd,Virudhunagar,Virudhunagar,Tamil Nadu,385,Independent House,5,5,1997,Needs Renovation,9.4523,77.5533,notApplicable,0.0,applicable,2.62,applicable,3.31,applicable,4.58,676100
"East Coast Rd, Thiruvanmiyur, Chennai","East Coast Rd, Thiruvanmiyur",Chennai,Chennai,Tamil Nadu,3650,Duplex,1,1,2017,Excellent,12.9834,80.259,notApplicable,0.0,applicable,1.58,notApplicable,0.0,applicable,0.46,33709300
"Bypass Rd, Madurai",Bypass Rd,Madurai,Madurai,Tamil Nadu,435,Independent House,1,1,1998,Good,9.924,78.135,applicable,1.86,applicable,3.14,applicable,3.6,applicable,4.94,1071000
"East Coast Rd, Thiruvanmiyur, Chennai","East Coast Rd, Thiruvanmiyur",Chennai,Chennai,Tamil Nadu,516,Apartment,4,4,2013,Excellent,12.9834,80.259,applicable,1.87,applicable,1.08,applicable,4.98,applicable,2.48,2711200
"Ettayapuram Rd, Thoothukudi",Ettayapuram Rd,Thoothukudi,Thoothukudi,Tamil Nadu,819,Villa,5,5,1997,Excellent,8.813,78.1341,notApplicable,0.0,applicable,4.0,applicable,9.6,notApplicable,0.0,2255000
"Gandhipuram Cross Cut, Coimbatore",Gandhipuram Cross Cut,Coimbatore,Coimbatore,Tamil Nadu,727,Duplex,2,2,2003,Excellent,11.0175,76.9725,notApplicable,0.0,applicable,3.86,applicable,2.52,notApplicable,0.0,3240500
"100 Feet Rd, Velachery, Chennai","100 Feet Rd, Velachery",Chennai,Chennai,Tamil Nadu,836,Villa,2,3,2008,Good,12.9791,80.2209,applicable,4.53,notApplicable,0.0,notApplicable,0.0,applicable,0.88,6259000
"Ettayapuram Rd, Thoothukudi",Ettayapuram Rd,Thoothukudi,Thoothukudi,Tamil Nadu,2472,Independent House,4,3,2021,Needs Renovation,8.813,78.1341,notApplicable,0.0,notApplicable,0.0,applicable,6.98,applicable,3.39,4979400
"Sathyamangalam Rd, Edayarpalayam, Erode","Sathyamangalam Rd, Edayarpalayam",Erode,Erode,Tamil Nadu,426,Apartment,5,5,2008,Needs Renovation,11.349,77.6951,notApplicable,0.0,applicable,1.19,applicable,4.65,notApplicable,0.0,846300
"Ettayapuram Rd, Thoothukudi",Ettayapuram Rd,Thoothukudi,Thoothukudi,Tamil Nadu,885,Villa,1,1,2021,Good,8.813,78.1341,applicable,1.22,applicable,1.54,applicable,4.71,applicable,2.71,2540800
"Trichy Rd, Singanallur, Coimbatore","Trichy Rd, Singanallur",Coimbatore,Coimbatore,Tamil Nadu,1970,Independent House,3,3,2019,Excellent,10.9979,76.9994,applicable,1.38,applicable,4.85,applicable,5.56,applicable,1.09,8908600
"Alagarkoil Rd, Madurai",Alagarkoil Rd,Madurai,Madurai,Tamil Nadu,923,Duplex,5,5,1995,Excellent,9.9677,78.1653,notApplicable,0.0,applicable,5.47,notApplicable,0.0,applicable,2.01,3303900
"100 Feet Rd, Velachery, Chennai","100 Feet Rd, Velachery",Chennai,Chennai,Tamil Nadu,2962,Duplex,3,4,1992,Good,12.9791,80.2209,applicable,3.94,notApplicable,0.0,applicable,6.7,applicable,1.19,15799400
"Avinashi Rd, Peelamedu, Coimbatore","Avinashi Rd, Peelamedu",Coimbatore,Coimbatore,Tamil Nadu,1972,Independent House,1,1,2003,Good,11.0183,76.997,notApplicable,0.0,applicable,4.44,notApplicable,0.0,applicable,3.67,7072500
"Avinashi Rd, Peelamedu, Coimbatore","Avinashi Rd, Peelamedu",Coimbatore,Coimbatore,Tamil Nadu,1110,Villa,1,1,2019,Excellent,11.0183,76.997,notApplicable,0.0,applicable,2.69,applicable,9.71,applicable,4.81,5327700
"Bypass Rd, Madurai",Bypass Rd,Madurai,Madurai,Tamil Nadu,3691,Duplex,2,1,2020,Excellent,9.924,78.135,applicable,3.33,notApplicable,0.0,notApplicable,0.0,applicable,4.03,16066000
"MTP Rd, Coimbatore",MTP Rd,Coimbatore,Coimbatore,Tamil Nadu,563,Villa,5,5,1995,Excellent,11.0616,76.9366,notApplicable,0.0,applicable,3.97,notApplicable,0.0,applicable,2.68,2552900
"Dindigul Rd, Palani, Palani","Dindigul Rd, Palani",Palani,Dindigul,Tamil Nadu,822,Duplex,5,5,2022,Needs Renovation,10.4508,77.5148,applicable,5.57,notApplicable,0.0,notApplicable,0.0,applicable,4.23,2977300
"Ettayapuram Rd, Thoothukudi",Ettayapuram Rd,Thoothukudi,Thoothukudi,Tamil Nadu,898,Villa,5,6,1994,Excellent,8.813,78.1341,applicable,0.84,applicable,0.63,applicable,1.38,applicable,3.77,2557300
"MTP Rd, Coimbatore",MTP Rd,Coimbatore,Coimbatore,Tamil Nadu,1111,Villa,5,6,2013,Needs Renovation,11.0616,76.9366,applicable,0.29,applicable,1.83,notApplicable,0.0,applicable,0.12,5056000
"Bypass Rd, Madurai",Bypass Rd,Madurai,Madurai,Tamil Nadu,1728,Villa,5,4,2002,Needs Renovation,9.924,78.135,notApplicable,0.0,applicable,4.99,applicable,9.69,notApplicable,0.0,5233800
"NH 44, Tirunelveli, Tirunelveli","NH 44, Tirunelveli",Tirunelveli,Tirunelveli,Tamil Nadu,535,Independent House,3,3,2022,Excellent,8.7139,77.7567,applicable,0.32,applicable,5.82,applicable,9.11,applicable,0.83,1693700
"NH 44, Tirunelveli, Tirunelveli","NH 44, Tirunelveli",Tirunelveli,Tirunelveli,Tamil Nadu,1173,Apartment,1,1,2013,Excellent,8.7139,77.7567,applicable,3.04,applicable,3.19,applicable,5.85,applicable,3.41,2181200
"Gandhipuram Cross Cut, Coimbatore",Gandhipuram Cross Cut,Coimbatore,Coimbatore,Tamil Nadu,3546,Duplex,4,4,1996,Excellent,11.0175,76.9725,applicable,4.42,notApplicable,0.0,applicable,8.0,applicable,3.57,12989000
"100 Feet Rd, Velachery, Chennai","100 Feet Rd, Velachery",Chennai,Chennai,Tamil Nadu,2676,Apartment,3,4,2001,Needs Renovation,12.9791,80.2209,applicable,1.34,applicable,4.95,notApplicable,0.0,notApplicable,0.0,13340900
"Sathyamangalam Rd, Edayarpalayam, Erode","Sathyamangalam Rd, Edayarpalayam",Erode,Erode,Tamil Nadu,1781,Independent House,5,5,1995,Good,11.349,77.6951,notApplicable,0.0,applicable,4.53,notApplicable,0.0,notApplicable,0.0,5150400
"Avinashi Rd, Peelamedu, Coimbatore","Avinashi Rd, Peelamedu",Coimbatore,Coimbatore,Tamil Nadu,2996,Duplex,4,4,1991,Good,11.0183,76.997,applicable,2.99,applicable,3.36,notApplicable,0.0,applicable,2.7,9938000
"Rajapalayam Rd, Virudhunagar",Rajapalayam Rd,Virudhunagar,Virudhunagar,Tamil Nadu,391,Apartment,2,2,2018,Needs Renovation,9.4523,77.5533,applicable,1.55,applicable,5.92,notApplicable,0.0,notApplicable,0.0,774500
"Alagarkoil Rd, Madurai",Alagarkoil Rd,Madurai,Madurai,Tamil Nadu,768,Villa,3,3,1999,Good,9.9677,78.1653,applicable,4.84,applicable,1.32,applicable,0.55,applicable,1.97,2756500
"Alagarkoil Rd, Madurai",Alagarkoil Rd,Madurai,Madurai,Tamil Nadu,614,Villa,3,2,2021,Good,9.9677,78.1653,applicable,5.97,applicable,3.31,applicable,5.36,applicable,2.86,1933100
"Rajapalayam Rd, Virudhunagar",Rajapalayam Rd,Virudhunagar,Virudhunagar,Tamil Nadu,3023,Duplex,5,4,1999,Good,9.4523,77.5533,applicable,2.2,applicable,3.85,applicable,1.48,applicable,4.15,5968600
"MTP Rd, Coimbatore",MTP Rd,Coimbatore,Coimbatore,Tamil Nadu,4113,Independent House,5,6,2014,Good,11.0616,76.9366,applicable,3.67,applicable,5.37,applicable,9.71,applicable,1.0,15786300
"Sathyamangalam Rd, Edayarpalayam, Erode","Sathyamangalam Rd, Edayarpalayam",Erode,Erode,Tamil Nadu,1497,Villa,3,3,2010,Good,11.349,77.6951,applicable,5.98,applicable,0.44,notApplicable,0.0,applicable,0.63,5049200
"Bypass Rd, Madurai",Bypass Rd,Madurai,Madurai,Tamil Nadu,529,Villa,4,4,2006,Excellent,9.924,78.135,notApplicable,0.0,applicable,1.52,applicable,8.82,applicable,0.88,2405300
"Gandhipuram Cross Cut, Coimbatore",Gandhipuram Cross Cut,Coimbatore,Coimbatore,Tamil Nadu,3150,Duplex,4,4,1992,Excellent,11.0175,76.9725,applicable,1.36,applicable,5.54,applicable,5.12,applicable,2.87,10545200
"Dindigul Rd, Palani, Palani","Dindigul Rd, Palani",Palani,Dindigul,Tamil Nadu,765,Villa,2,2,1993,Needs Renovation,10.4508,77.5148,applicable,5.04,applicable,3.02,applicable,5.79,notApplicable,0.0,2120600
"Avinashi Rd, Peelamedu, Coimbatore","Avinashi Rd, Peelamedu",Coimbatore,Coimbatore,Tamil Nadu,374,Duplex,4,5,2014,Good,11.0183,76.997,notApplicable,0.0,applicable,5.79,notApplicable,0.0,applicable,3.36,1697900
"MTP Rd, Coimbatore",MTP Rd,Coimbatore,Coimbatore,Tamil Nadu,2464,Independent House,3,4,2002,Good,11.0616,76.9366,applicable,0.89,applicable,1.04,notApplicable,0.0,applicable,2.82,10059900
"Ettayapuram Rd, Thoothukudi",Ettayapuram Rd,Thoothukudi,Thoothukudi,Tamil Nadu,1259,Independent House,3,2,2016,Needs Renovation,8.813,78.1341,applicable,4.08,notApplicable,0.0,notApplicable,0.0,applicable,2.62,2765900
"100 Feet Rd, Velachery, Chennai","100 Feet Rd, Velachery",Chennai,Chennai,Tamil Nadu,861,Villa,4,3,2015,Excellent,12.9791,80.2209,applicable,4.86,applicable,3.85,applicable,0.8,applicable,1.31,6421300
"Bypass Rd, Madurai",Bypass Rd,Madurai,Madurai,Tamil Nadu,3068,Duplex,1,2,1990,Good,9.924,78.135,notApplicable,0.0,applicable,3.63,applicable,2.75,applicable,0.42,9791000
"Rajapalayam Rd, Virudhunagar",Rajapalayam Rd,Virudhunagar,Virudhunagar,Tamil Nadu,693,Duplex,1,1,1992,Excellent,9.4523,77.5533,notApplicable,0.0,applicable,2.62,notApplicable,0.0,notApplicable,0.0,1796300
"Alagarkoil Rd, Madurai",Alagarkoil Rd,Madurai,Madurai,Tamil Nadu,467,Independent House,3,2,2023,Needs Renovation,9.9677,78.1653,notApplicable,0.0,applicable,1.55,applicable,0.63,applicable,3.26,1586400
"Bypass Rd, Madurai",Bypass Rd,Madurai,Madurai,Tamil Nadu,739,Villa,2,3,2002,Good,9.924,78.135,applicable,1.47,applicable,1.23,notApplicable,0.0,applicable,3.82,2717500
"Trichy Rd, Singanallur, Coimbatore","Trichy Rd, Singanallur",Coimbatore,Coimbatore,Tamil Nadu,1295,Duplex,1,1,2000,Needs Renovation,10.9979,76.9994,applicable,0.83,applicable,2.59,applicable,3.37,notApplicable,0.0,4541200
"Gandhipuram Cross Cut, Coimbatore",Gandhipuram Cross Cut,Coimbatore,Coimbatore,Tamil Nadu,520,Duplex,1,1,1998,Good,11.0175,76.9725,applicable,3.28,applicable,1.16,applicable,1.9,applicable,4.57,1861500
"MTP Rd, Coimbatore",MTP Rd,Coimbatore,Coimbatore,Tamil Nadu,1251,Duplex,3,2,1991,Needs Renovation,11.0616,76.9366,applicable,2.81,applicable,2.79,applicable,7.83,applicable,3.5,3160400
"Gandhipuram Cross Cut, Coimbatore",Gandhipuram Cross Cut,Coimbatore,Coimbatore,Tamil Nadu,505,Apartment,4,4,2015,Excellent,11.0175,76.9725,applicable,3.58,applicable,0.57,applicable,8.54,applicable,0.43,2051700
"Simmakkal, Madurai",Simmakkal,Madurai,Madurai,Tamil Nadu,397,Independent House,2,2,2023,Needs Renovation,9.921,78.1197,applicable,5.34,applicable,1.42,notApplicable,0.0,applicable,4.81,1103700
"Trichy Rd, Singanallur, Coimbatore","Trichy Rd, Singanallur",Coimbatore,Coimbatore,Tamil Nadu,2733,Villa,3,2,1992,Needs Renovation,10.9979,76.9994,applicable,0.99,applicable,0.74,notApplicable,0.0,notApplicable,0.0,10923800
"East Coast Rd, Thiruvanmiyur, Chennai","East Coast Rd, Thiruvanmiyur",Chennai,Chennai,Tamil Nadu,1380,Independent House,1,1,2015,Needs Renovation,12.9834,80.259,applicable,4.24,notApplicable,0.0,applicable,1.36,notApplicable,0.0,7700400
"MTP Rd, Coimbatore",MTP Rd,Coimbatore,Coimbatore,Tamil Nadu,827,Independent House,2,1,2005,Needs Renovation,11.0616,76.9366,notApplicable,0.0,applicable,0.91,applicable,1.12,applicable,4.68,3110000
"East Coast Rd, Thiruvanmiyur, Chennai","East Coast Rd, Thiruvanmiyur",Chennai,Chennai,Tamil Nadu,3835,Apartment,3,3,1995,Needs Renovation,12.9834,80.259,notApplicable,0.0,applicable,1.53,notApplicable,0.0,applicable,1.78,18810500
"Avinashi Rd, Peelamedu, Coimbatore","Avinashi Rd, Peelamedu",Coimbatore,Coimbatore,Tamil Nadu,615,Villa,5,5,2024,Good,11.0183,76.997,applicable,2.74,notApplicable,0.0,applicable,5.93,applicable,0.49,3251300
"NH 44, Tirunelveli, Tirunelveli","NH 44, Tirunelveli",Tirunelveli,Tirunelveli,Tamil Nadu,507,Villa,1,1,2024,Needs Renovation,8.7139,77.7567,notApplicable,0.0,applicable,3.67,notApplicable,0.0,applicable,3.17,1268800
"Ettayapuram Rd, Thoothukudi",Ettayapuram Rd,Thoothukudi,Thoothukudi,Tamil Nadu,1106,Apartment,1,2,2024,Excellent,8.813,78.1341,notApplicable,0.0,applicable,0.81,notApplicable,0.0,notApplicable,0.0,3356000
"Alagarkoil Rd, Madurai",Alagarkoil Rd,Madurai,Madurai,Tamil Nadu,569,Apartment,4,5,2012,Needs Renovation,9.9677,78.1653,applicable,1.82,applicable,5.4,applicable,0.72,applicable,4.01,1307900
"Sathyamangalam Rd, Edayarpalayam, Erode","Sathyamangalam Rd, Edayarpalayam",Erode,Erode,Tamil Nadu,1334,Villa,5,5,2006,Excellent,11.349,77.6951,applicable,5.05,applicable,3.33,notApplicable,0.0,applicable,2.99,3746200
"Trichy Rd, Singanallur, Coimbatore","Trichy Rd, Singanallur",Coimbatore,Coimbatore,Tamil Nadu,1852,Villa,5,5,1993,Excellent,10.9979,76.9994,notApplicable,0.0,applicable,5.45,applicable,3.03,applicable,4.01,7781800
"Sathyamangalam Rd, Edayarpalayam, Erode","Sathyamangalam Rd, Edayarpalayam",Erode,Erode,Tamil Nadu,490,Independent House,4,3,1993,Excellent,11.349,77.6951,notApplicable,0.0,notApplicable,0.0,applicable,8.08,notApplicable,0.0,1401700
"NH 44, Tirunelveli, Tirunelveli","NH 44, Tirunelveli",Tirunelveli,Tirunelveli,Tamil Nadu,3536,Apartment,5,5,2011,Good,8.7139,77.7567,applicable,3.37,applicable,4.91,applicable,1.18,applicable,1.99,6812100
"Gandhipuram Cross Cut, Coimbatore",Gandhipuram Cross Cut,Coimbatore,Coimbatore,Tamil Nadu,1029,Duplex,2,3,2000,Good,11.0175,76.9725,notApplicable,0.0,applicable,2.2,applicable,7.09,notApplicable,0.0,3912800
"Ettayapuram Rd, Thoothukudi",Ettayapuram Rd,Thoothukudi,Thoothukudi,Tamil Nadu,391,Villa,5,5,2007,Needs Renovation,8.813,78.1341,notApplicable,0.0,applicable,0.2,applicable,8.89,applicable,4.55,847300
"Sathyamangalam Rd, Edayarpalayam, Erode","Sathyamangalam Rd, Edayarpalayam",Erode,Erode,Tamil Nadu,653,Independent House,3,3,2022,Good,11.349,77.6951,applicable,4.01,applicable,2.07,notApplicable,0.0,applicable,1.7,1766900
"Bypass Rd, Madurai",Bypass Rd,Madurai,Madurai,Tamil Nadu,756,Apartment,1,1,2018,Excellent,9.924,78.135,applicable,2.2,applicable,5.61,notApplicable,0.0,notApplicable,0.0,2747800
"NH 44, Tirunelveli, Tirunelveli","NH 44, Tirunelveli",Tirunelveli,Tirunelveli,Tamil Nadu,374,Duplex,4,4,2003,Good,8.7139,77.7567,applicable,1.96,applicable,1.73,applicable,7.86,notApplicable,0.0,897200
"Alagarkoil Rd, Madurai",Alagarkoil Rd,Madurai,Madurai,Tamil Nadu,1146,Duplex,4,5,2009,Excellent,9.9677,78.1653,applicable,5.78,applicable,1.22,applicable,4.04,applicable,0.74,3990700
"Bypass Rd, Madurai",Bypass Rd,Madurai,Madurai,Tamil Nadu,2019,Duplex,3,2,1994,Needs Renovation,9.924,78.135,notApplicable,0.0,notApplicable,0.0,notApplicable,0.0,applicable,4.68,6131200
"Simmakkal, Madurai",Simmakkal,Madurai,Madurai,Tamil Nadu,1371,Independent House,3,3,2023,Excellent,9.921,78.1197,notApplicable,0.0,applicable,4.92,notApplicable,0.0,applicable,0.78,5645300
"NH 44, Tirunelveli, Tirunelveli","NH 44, Tirunelveli",Tirunelveli,Tirunelveli,Tamil Nadu,1921,Villa,5,6,1996,Needs Renovation,8.7139,77.7567,notApplicable,0.0,notApplicable,0.0,applicable,8.91,applicable,1.31,4481200
"Trichy Rd, Singanallur, Coimbatore","Trichy Rd, Singanallur",Coimbatore,Coimbatore,Tamil Nadu,1789,Apartment,1,2,2020,Needs Renovation,10.9979,76.9994,applicable,3.15,applicable,1.01,applicable,5.88,applicable,4.11,4512800
"Rajapalayam Rd, Virudhunagar",Rajapalayam Rd,Virudhunagar,Virudhunagar,Tamil Nadu,1143,Independent House,5,4,1994,Good,9.4523,77.5533,applicable,3.93,applicable,4.65,notApplicable,0.0,applicable,2.37,2095600
"Sathyamangalam Rd, Edayarpalayam, Erode","Sathyamangalam Rd, Edayarpalayam",Erode,Erode,Tamil Nadu,445,Duplex,2,1,2021,Needs Renovation,11.349,77.6951,applicable,3.01,applicable,4.76,notApplicable,0.0,notApplicable,0.0,1154400
"Dindigul Rd, Palani, Palani","Dindigul Rd, Palani",Palani,Dindigul,Tamil Nadu,1452,Villa,5,6,2005,Good,10.4508,77.5148,applicable,2.32,applicable,5.14,applicable,4.86,applicable,0.58,5174700
"Avinashi Rd, Peelamedu, Coimbatore","Avinashi Rd, Peelamedu",Coimbatore,Coimbatore,Tamil Nadu,3323,Independent House,3,4,2008,Good,11.0183,76.997,notApplicable,0.0,applicable,5.27,applicable,4.05,applicable,1.99,11727900
"NH 44, Tirunelveli, Tirunelveli","NH 44, Tirunelveli",Tirunelveli,Tirunelveli,Tamil Nadu,414,Independent House,4,3,2023,Good,8.7139,77.7567,applicable,2.93,notApplicable,0.0,applicable,3.23,applicable,3.91,1048800
"Simmakkal, Madurai",Simmakkal,Madurai,Madurai,Tamil Nadu,3448,Apartment,4,3,2024,Good,9.921,78.1197,applicable,2.82,applicable,0.81,notApplicable,0.0,applicable,1.86,11807400
"Sathyamangalam Rd, Edayarpalayam, Erode","Sathyamangalam Rd, Edayarpalayam",Erode,Erode,Tamil Nadu,4115,Apartment,2,2,1992,Good,11.349,77.6951,applicable,1.14,notApplicable,0.0,applicable,2.12,applicable,2.0,8980900
"East Coast Rd, Thiruvanmiyur, Chennai","East Coast Rd, Thiruvanmiyur",Chennai,Chennai,Tamil Nadu,3813,Apartment,1,1,2003,Excellent,12.9834,80.259,applicable,4.69,notApplicable,0.0,applicable,7.19,applicable,2.34,18559100
"Sathyamangalam Rd, Edayarpalayam, Erode","Sathyamangalam Rd, Edayarpalayam",Erode,Erode,Tamil Nadu,556,Duplex,2,3,2014,Good,11.349,77.6951,applicable,2.56,applicable,4.2,applicable,6.02,applicable,0.3,1426900
"100 Feet Rd, Velachery, Chennai","100 Feet Rd, Velachery",Chennai,Chennai,Tamil Nadu,696,Villa,1,1,1997,Needs Renovation,12.9791,80.2209,notApplicable,0.0,notApplicable,0.0,notApplicable,0.0,applicable,2.08,4296900
"Avinashi Rd, Peelamedu, Coimbatore","Avinashi Rd, Peelamedu",Coimbatore,Coimbatore,Tamil Nadu,914,Independent House,2,3,2021,Needs Renovation,11.0183,76.997,applicable,0.25,applicable,1.94,applicable,3.81,notApplicable,0.0,3787600
"East Coast Rd, Thiruvanmiyur, Chennai","East Coast Rd, Thiruvanmiyur",Chennai,Chennai,Tamil Nadu,2955,Villa,4,3,1996,Good,12.9834,80.259,applicable,3.01,applicable,5.46,notApplicable,0.0,applicable,3.48,17483000
"Simmakkal, Madurai",Simmakkal,Madurai,Madurai,Tamil Nadu,4091,Apartment,2,2,2022,Excellent,9.921,78.1197,applicable,3.05,notApplicable,0.0,notApplicable,0.0,applicable,3.65,13985000
"Bypass Rd, Madurai",Bypass Rd,Madurai,Madurai,Tamil Nadu,525,Apartment,2,3,1994,Excellent,9.924,78.135,applicable,2.98,applicable,2.03,applicable,6.75,applicable,1.82,1382200
"Ettayapuram Rd, Thoothukudi",Ettayapuram Rd,Thoothukudi,Thoothukudi,Tamil Nadu,3630,Villa,2,3,2009,Excellent,8.813,78.1341,applicable,0.7,applicable,5.56,applicable,8.29,applicable,1.77,9789800
"Gandhipuram Cross Cut, Coimbatore",Gandhipuram Cross Cut,Coimbatore,Coimbatore,Tamil Nadu,4195,Apartment,4,4,2021,Good,11.0175,76.9725,applicable,3.23,applicable,0.36,notApplicable,0.0,applicable,1.65,15396600
"East Coast Rd, Thiruvanmiyur, Chennai","East Coast Rd, Thiruvanmiyur",Chennai,Chennai,Tamil Nadu,430,Villa,5,6,1999,Needs Renovation,12.9834,80.259,applicable,2.58,applicable,3.69,notApplicable,0.0,applicable,0.36,2594000
"Ettayapuram Rd, Thoothukudi",Ettayapuram Rd,Thoothukudi,Thoothukudi,Tamil Nadu,1271,Independent House,1,1,2015,Excellent,8.813,78.1341,applicable,2.07,applicable,2.14,applicable,7.51,applicable,3.2,2908400
"100 Feet Rd, Velachery, Chennai","100 Feet Rd, Velachery",Chennai,Chennai,Tamil Nadu,3320,Villa,3,2,2014,Needs Renovation,12.9791,80.2209,applicable,5.91,notApplicable,0.0,notApplicable,0.0,applicable,3.61,20618400
"Simmakkal, Madurai",Simmakkal,Madurai,Madurai,Tamil Nadu,594,Apartment,3,4,2009,Excellent,9.921,78.1197,notApplicable,0.0,applicable,3.24,notApplicable,0.0,applicable,2.53,1875400
"100 Feet Rd, Velachery, Chennai","100 Feet Rd, Velachery",Chennai,Chennai,Tamil Nadu,450,Independent House,3,2,2019,Good,12.9791,80.2209,applicable,1.64,applicable,4.7,applicable,2.24,applicable,1.59,2886100
"Rajapalayam Rd, Virudhunagar",Rajapalayam Rd,Virudhunagar,Virudhunagar,Tamil Nadu,1475,Villa,4,4,2008,Needs Renovation,9.4523,77.5533,applicable,2.67,applicable,0.49,applicable,2.18,notApplicable,0.0,3282600
"Bypass Rd, Madurai",Bypass Rd,Madurai,Madurai,Tamil Nadu,1186,Duplex,4,4,2009,Excellent,9.924,78.135,notApplicable,0.0,notApplicable,0.0,notApplicable,0.0,applicable,2.37,5267000
"Gandhipuram Cross Cut, Coimbatore",Gandhipuram Cross Cut,Coimbatore,Coimbatore,Tamil Nadu,2284,Independent House,5,6,1996,Good,11.0175,76.9725,applicable,0.88,applicable,0.65,notApplicable,0.0,notApplicable,0.0,10366800
"Simmakkal, Madurai",Simmakkal,Madurai,Madurai,Tamil Nadu,587,Villa,2,3,2017,Good,9.921,78.1197,applicable,0.61,applicable,2.44,applicable,3.32,applicable,0.41,2553100
"Dindigul Rd, Palani, Palani","Dindigul Rd, Palani",Palani,Dindigul,Tamil Nadu,969,Independent House,3,4,1996,Good,10.4508,77.5148,applicable,0.68,applicable,1.26,applicable,7.2,applicable,0.84,3676800
"Rajapalayam Rd, Virudhunagar",Rajapalayam Rd,Virudhunagar,Virudhunagar,Tamil Nadu,1535,Apartment,2,3,2016,Good,9.4523,77.5533,applicable,2.09,notApplicable,0.0,applicable,4.42,applicable,3.82,2986700
"Simmakkal, Madurai",Simmakkal,Madurai,Madurai,Tamil Nadu,1908,Independent House,1,1,1994,Needs Renovation,9.921,78.1197,applicable,4.73,applicable,5.29,applicable,8.68,applicable,1.74,4552900
"Trichy Rd, Singanallur, Coimbatore","Trichy Rd, Singanallur",Coimbatore,Coimbatore,Tamil Nadu,602,Independent House,1,1,2009,Good,10.9979,76.9994,applicable,2.7,applicable,5.66,applicable,0.7,applicable,4.75,2193000
"MTP Rd, Coimbatore",MTP Rd,Coimbatore,Coimbatore,Tamil Nadu,588,Independent House,1,1,2008,Needs Renovation,11.0616,76.9366,notApplicable,0.0,applicable,1.04,applicable,7.78,applicable,0.63,2032600
"Avinashi Rd, Peelamedu, Coimbatore","Avinashi Rd, Peelamedu",Coimbatore,Coimbatore,Tamil Nadu,4091,Duplex,5,4,2001,Needs Renovation,11.0183,76.997,applicable,5.78,applicable,4.28,notApplicable,0.0,applicable,3.74,12928100
"Rajapalayam Rd, Virudhunagar",Rajapalayam Rd,Virudhunagar,Virudhunagar,Tamil Nadu,2134,Duplex,1,1,2012,Good,9.4523,77.5533,applicable,5.3,applicable,4.84,applicable,6.41,notApplicable,0.0,4269800
"NH 44, Tirunelveli, Tirunelveli","NH 44, Tirunelveli",Tirunelveli,Tirunelveli,Tamil Nadu,3868,Villa,5,5,2010,Needs Renovation,8.7139,77.7567,notApplicable,0.0,applicable,0.74,applicable,8.03,applicable,0.14,11022000
"Avinashi Rd, Peelamedu, Coimbatore","Avinashi Rd, Peelamedu",Coimbatore,Coimbatore,Tamil Nadu,523,Villa,1,2,2022,Good,11.0183,76.997,applicable,2.1,applicable,5.57,applicable,3.94,notApplicable,0.0,2484100
"Alagarkoil Rd, Madurai",Alagarkoil Rd,Madurai,Madurai,Tamil Nadu,3567,Duplex,3,4,1994,Needs Renovation,9.9677,78.1653,applicable,5.01,applicable,5.25,notApplicable,0.0,applicable,3.35,8071200
"Alagarkoil Rd, Madurai",Alagarkoil Rd,Madurai,Madurai,Tamil Nadu,2123,Apartment,3,4,1991,Excellent,9.9677,78.1653,notApplicable,0.0,applicable,4.98,notApplicable,0.0,applicable,3.67,5941900
"East Coast Rd, Thiruvanmiyur, Chennai","East Coast Rd, Thiruvanmiyur",Chennai,Chennai,Tamil Nadu,2250,Apartment,2,2,1990,Excellent,12.9834,80.259,applicable,4.52,applicable,3.41,applicable,5.77,applicable,4.3,9865700
"Bypass Rd, Madurai",Bypass Rd,Madurai,Madurai,Tamil Nadu,678,Apartment,4,4,2017,Good,9.924,78.135,applicable,0.87,applicable,5.1,notApplicable,0.0,applicable,2.3,2184300
"Trichy Rd, Singanallur, Coimbatore","Trichy Rd, Singanallur",Coimbatore,Coimbatore,Tamil Nadu,421,Apartment,1,1,2011,Good,10.9979,76.9994,notApplicable,0.0,applicable,1.47,notApplicable,0.0,applicable,4.67,1604700
"Simmakkal, Madurai",Simmakkal,Madurai,Madurai,Tamil Nadu,1825,Apartment,4,4,2015,Needs Renovation,9.921,78.1197,notApplicable,0.0,applicable,5.65,notApplicable,0.0,notApplicable,0.0,5141600
"MTP Rd, Coimbatore",MTP Rd,Coimbatore,Coimbatore,Tamil Nadu,1167,Independent House,1,1,2013,Excellent,11.0616,76.9366,applicable,5.64,applicable,2.7,applicable,8.5,applicable,1.14,4483700
"Dindigul Rd, Palani, Palani","Dindigul Rd, Palani",Palani,Dindigul,Tamil Nadu,1924,Apartment,3,3,2014,Needs Renovation,10.4508,77.5148,applicable,5.09,applicable,5.52,applicable,2.85,notApplicable,0.0,4483800
"Ettayapuram Rd, Thoothukudi",Ettayapuram Rd,Thoothukudi,Thoothukudi,Tamil Nadu,571,Apartment,4,5,1997,Good,8.813,78.1341,applicable,4.3,applicable,4.8,notApplicable,0.0,applicable,4.73,1011000
"East Coast Rd, Thiruvanmiyur, Chennai","East Coast Rd, Thiruvanmiyur",Chennai,Chennai,Tamil Nadu,751,Duplex,5,5,2016,Excellent,12.9834,80.259,applicable,3.8,applicable,2.31,applicable,2.71,notApplicable,0.0,4828500
"Avinashi Rd, Peelamedu, Coimbatore","Avinashi Rd, Peelamedu",Coimbatore,Coimbatore,Tamil Nadu,3282,Villa,3,3,1996,Excellent,11.0183,76.997,applicable,4.6,applicable,1.95,applicable,2.87,applicable,4.75,13131100
"Rajapalayam Rd, Virudhunagar",Rajapalayam Rd,Virudhunagar,Virudhunagar,Tamil Nadu,1336,Apartment,4,3,2002,Excellent,9.4523,77.5533,applicable,0.97,applicable,1.31,notApplicable,0.0,applicable,4.62,2863900
"Simmakkal, Madurai",Simmakkal,Madurai,Madurai,Tamil Nadu,1676,Independent House,4,4,2001,Excellent,9.921,78.1197,applicable,5.42,applicable,1.26,notApplicable,0.0,applicable,3.19,5800500
"Trichy Rd, Singanallur, Coimbatore","Trichy Rd, Singanallur",Coimbatore,Coimbatore,Tamil Nadu,2969,Villa,2,2,2010,Excellent,10.9979,76.9994,applicable,5.45,applicable,2.72,notApplicable,0.0,applicable,4.06,14589300
"MTP Rd, Coimbatore",MTP Rd,Coimbatore,Coimbatore,Tamil Nadu,1044,Duplex,5,6,1992,Excellent,11.0616,76.9366,applicable,5.2,applicable,3.95,applicable,8.92,applicable,4.98,3763200
"Trichy Rd, Singanallur, Coimbatore","Trichy Rd, Singanallur",Coimbatore,Coimbatore,Tamil Nadu,720,Apartment,2,2,2000,Needs Renovation,10.9979,76.9994,notApplicable,0.0,applicable,2.77,notApplicable,0.0,applicable,1.56,2068800
"Gandhipuram Cross Cut, Coimbatore",Gandhipuram Cross Cut,Coimbatore,Coimbatore,Tamil Nadu,879,Independent House,4,5,2007,Needs Renovation,11.0175,76.9725,applicable,2.05,applicable,4.42,notApplicable,0.0,applicable,2.43,2757500
"100 Feet Rd, Velachery, Chennai","100 Feet Rd, Velachery",Chennai,Chennai,Tamil Nadu,1642,Villa,3,2,2008,Good,12.9791,80.2209,notApplicable,0.0,applicable,2.07,applicable,2.67,applicable,4.76,11641500
"Alagarkoil Rd, Madurai",Alagarkoil Rd,Madurai,Madurai,Tamil Nadu,539,Villa,3,4,2019,Needs Renovation,9.9677,78.1653,notApplicable,0.0,applicable,5.22,notApplicable,0.0,applicable,2.82,1803600
"Rajapalayam Rd, Virudhunagar",Rajapalayam Rd,Virudhunagar,Virudhunagar,Tamil Nadu,615,Villa,1,1,1999,Needs Renovation,9.4523,77.5533,notApplicable,0.0,applicable,4.66,applicable,1.46,notApplicable,0.0,1499300
"Ettayapuram Rd, Thoothukudi",Ettayapuram Rd,Thoothukudi,Thoothukudi,Tamil Nadu,624,Duplex,2,1,1991,Excellent,8.813,78.1341,notApplicable,0.0,applicable,1.47,notApplicable,0.0,notApplicable,0.0,1732100
"Bypass Rd, Madurai",Bypass Rd,Madurai,Madurai,Tamil Nadu,464,Duplex,3,4,1994,Excellent,9.924,78.135,applicable,5.26,applicable,4.89,applicable,8.85,applicable,0.38,1592300
"Bypass Rd, Madurai",Bypass Rd,Madurai,Madurai,Tamil Nadu,959,Villa,4,4,1999,Excellent,9.924,78.135,notApplicable,0.0,notApplicable,0.0,notApplicable,0.0,applicable,3.89,4353100
"Trichy Rd, Singanallur, Coimbatore","Trichy Rd, Singanallur",Coimbatore,Coimbatore,Tamil Nadu,855,Apartment,3,3,2023,Needs Renovation,10.9979,76.9994,applicable,2.89,applicable,0.71,notApplicable,0.0,applicable,1.01,2956500
"Gandhipuram Cross Cut, Coimbatore",Gandhipuram Cross Cut,Coimbatore,Coimbatore,Tamil Nadu,940,Independent House,2,2,1998,Excellent,11.0175,76.9725,applicable,5.38,applicable,0.97,applicable,8.0,applicable,2.49,3289200
"Ettayapuram Rd, Thoothukudi",Ettayapuram Rd,Thoothukudi,Thoothukudi,Tamil Nadu,1126,Villa,2,3,1998,Needs Renovation,8.813,78.1341,applicable,3.07,applicable,5.29,notApplicable,0.0,notApplicable,0.0,2484600
"NH 44, Tirunelveli, Tirunelveli","NH 44, Tirunelveli",Tirunelveli,Tirunelveli,Tamil Nadu,1405,Villa,5,6,2020,Needs Renovation,8.7139,77.7567,applicable,2.99,applicable,3.85,applicable,2.3,applicable,2.87,2976600
"Sathyamangalam Rd, Edayarpalayam, Erode","Sathyamangalam Rd, Edayarpalayam",Erode,Erode,Tamil Nadu,637,Independent House,4,4,1992,Excellent,11.349,77.6951,applicable,1.21,notApplicable,0.0,applicable,6.58,applicable,1.43,1876800
"MTP Rd, Coimbatore",MTP Rd,Coimbatore,Coimbatore,Tamil Nadu,2812,Villa,4,4,2013,Needs Renovation,11.0616,76.9366,applicable,2.95,applicable,3.04,applicable,9.36,applicable,1.54,9756200
"Rajapalayam Rd, Virudhunagar",Rajapalayam Rd,Virudhunagar,Virudhunagar,Tamil Nadu,446,Apartment,5,5,2000,Excellent,9.4523,77.5533,applicable,5.23,applicable,2.96,applicable,3.88,applicable,4.15,799000
"Simmakkal, Madurai",Simmakkal,Madurai,Madurai,Tamil Nadu,1054,Independent House,3,3,2010,Excellent,9.921,78.1197,notApplicable,0.0,applicable,4.2,applicable,4.93,applicable,1.08,4026800
"Simmakkal, Madurai",Simmakkal,Madurai,Madurai,Tamil Nadu,493,Villa,2,2,1997,Needs Renovation,9.921,78.1197,applicable,1.41,notApplicable,0.0,notApplicable,0.0,applicable,1.07,1860300
"100 Feet Rd, Velachery, Chennai","100 Feet Rd, Velachery",Chennai,Chennai,Tamil Nadu,1934,Villa,4,3,2008,Needs Renovation,12.9791,80.2209,applicable,4.47,applicable,4.18,applicable,1.58,applicable,4.96,10379500
"Alagarkoil Rd, Madurai",Alagarkoil Rd,Madurai,Madurai,Tamil Nadu,3380,Apartment,5,4,2014,Needs Renovation,9.9677,78.1653,applicable,0.69,applicable,0.91,applicable,7.81,notApplicable,0.0,8713500
"Bypass Rd, Madurai",Bypass Rd,Madurai,Madurai,Tamil Nadu,2705,Villa,5,6,2008,Good,9.924,78.135,notApplicable,0.0,applicable,4.2,notApplicable,0.0,applicable,0.58,11371000
"Simmakkal, Madurai",Simmakkal,Madurai,Madurai,Tamil Nadu,1671,Villa,2,1,2016,Needs Renovation,9.921,78.1197,applicable,3.92,applicable,3.23,notApplicable,0.0,applicable,3.83,5021200
"Simmakkal, Madurai",Simmakkal,Madurai,Madurai,Tamil Nadu,818,Apartment,4,5,2001,Needs Renovation,9.921,78.1197,applicable,1.98,applicable,3.05,applicable,1.06,notApplicable,0.0,2003800
"Gandhipuram Cross Cut, Coimbatore",Gandhipuram Cross Cut,Coimbatore,Coimbatore,Tamil Nadu,1062,Apartment,4,4,2010,Good,11.0175,76.9725,applicable,3.76,applicable,1.18,notApplicable,0.0,applicable,0.2,3850200
"Sathyamangalam Rd, Edayarpalayam, Erode","Sathyamangalam Rd, Edayarpalayam",Erode,Erode,Tamil Nadu,1136,Villa,4,4,1990,Excellent,11.349,77.6951,applicable,0.58,applicable,3.92,notApplicable,0.0,applicable,3.96,3246800
"Rajapalayam Rd, Virudhunagar",Rajapalayam Rd,Virudhunagar,Virudhunagar,Tamil Nadu,1300,Duplex,5,4,2000,Excellent,9.4523,77.5533,applicable,4.99,notApplicable,0.0,notApplicable,0.0,notApplicable,0.0,3367000
"MTP Rd, Coimbatore",MTP Rd,Coimbatore,Coimbatore,Tamil Nadu,792,Apartment,1,1,1991,Excellent,11.0616,76.9366,notApplicable,0.0,applicable,4.88,notApplicable,0.0,notApplicable,0.0,3151100
"Dindigul Rd, Palani, Palani","Dindigul Rd, Palani",Palani,Dindigul,Tamil Nadu,406,Villa,5,5,2005,Excellent,10.4508,77.5148,applicable,4.6,notApplicable,0.0,applicable,2.45,applicable,3.33,1786200
"Gandhipuram Cross Cut, Coimbatore",Gandhipuram Cross Cut,Coimbatore,Coimbatore,Tamil Nadu,1588,Villa,4,5,2013,Needs Renovation,11.0175,76.9725,applicable,0.59,applicable,1.68,applicable,1.65,applicable,1.17,6686600
"Gandhipuram Cross Cut, Coimbatore",Gandhipuram Cross Cut,Coimbatore,Coimbatore,Tamil Nadu,398,Apartment,3,2,1992,Needs Renovation,11.0175,76.9725,notApplicable,0.0,notApplicable,0.0,applicable,2.27,notApplicable,0.0,1102000
"Rajapalayam Rd, Virudhunagar",Rajapalayam Rd,Virudhunagar,Virudhunagar,Tamil Nadu,1327,Apartment,4,3,2009,Good,9.4523,77.5533,applicable,4.52,applicable,4.08,applicable,6.28,applicable,2.64,2019200
"100 Feet Rd, Velachery, Chennai","100 Feet Rd, Velachery",Chennai,Chennai,Tamil Nadu,2687,Duplex,4,3,2025,Needs Renovation,12.9791,80.2209,notApplicable,0.0,applicable,4.22,applicable,1.13,applicable,0.39,16605000
"MTP Rd, Coimbatore",MTP Rd,Coimbatore,Coimbatore,Tamil Nadu,1291,Independent House,3,3,2006,Needs Renovation,11.0616,76.9366,applicable,2.94,applicable,1.38,applicable,7.72,applicable,2.08,4145900
"NH 44, Tirunelveli, Tirunelveli","NH 44, Tirunelveli",Tirunelveli,Tirunelveli,Tamil Nadu,685,Villa,1,1,2014,Excellent,8.7139,77.7567,applicable,0.89,applicable,4.3,notApplicable,0.0,applicable,0.77,2439600
"Bypass Rd, Madurai",Bypass Rd,Madurai,Madurai,Tamil Nadu,3388,Apartment,2,2,2002,Excellent,9.924,78.135,applicable,5.07,applicable,3.35,notApplicable,0.0,applicable,1.9,9679200
"Rajapalayam Rd, Virudhunagar",Rajapalayam Rd,Virudhunagar,Virudhunagar,Tamil Nadu,360,Duplex,4,3,2010,Good,9.4523,77.5533,applicable,1.08,applicable,4.34,notApplicable,0.0,applicable,3.92,849100
"Avinashi Rd, Peelamedu, Coimbatore","Avinashi Rd, Peelamedu",Coimbatore,Coimbatore,Tamil Nadu,2850,Apartment,5,5,2000,Good,11.0183,76.997,applicable,0.31,applicable,1.84,notApplicable,0.0,applicable,0.76,9833700
"Ettayapuram Rd, Thoothukudi",Ettayapuram Rd,Thoothukudi,Thoothukudi,Tamil Nadu,668,Apartment,1,2,2005,Needs Renovation,8.813,78.1341,applicable,2.19,applicable,1.14,applicable,5.79,applicable,4.73,1086100
"Rajapalayam Rd, Virudhunagar",Rajapalayam Rd,Virudhunagar,Virudhunagar,Tamil Nadu,1003,Apartment,2,1,2014,Needs Renovation,9.4523,77.5533,applicable,4.69,applicable,3.16,notApplicable,0.0,notApplicable,0.0,1763100
"NH 44, Tirunelveli, Tirunelveli","NH 44, Tirunelveli",Tirunelveli,Tirunelveli,Tamil Nadu,437,Apartment,5,5,2018,Needs Renovation,8.7139,77.7567,applicable,5.29,applicable,5.3,notApplicable,0.0,applicable,2.23,761600
"Gandhipuram Cross Cut, Coimbatore",Gandhipuram Cross Cut,Coimbatore,Coimbatore,Tamil Nadu,1260,Villa,2,3,1992,Needs Renovation,11.0175,76.9725,notApplicable,0.0,applicable,5.29,applicable,8.18,applicable,0.87,4668100
"Dindigul Rd, Palani, Palani","Dindigul Rd, Palani",Palani,Dindigul,Tamil Nadu,602,Duplex,3,3,2010,Needs Renovation,10.4508,77.5148,notApplicable,0.0,applicable,3.33,notApplicable,0.0,applicable,2.5,2024900
"East Coast Rd, Thiruvanmiyur, Chennai","East Coast Rd, Thiruvanmiyur",Chennai,Chennai,Tamil Nadu,1468,Apartment,1,1,2004,Needs Renovation,12.9834,80.259,applicable,0.53,applicable,2.78,applicable,9.01,applicable,2.06,5621800
"Bypass Rd, Madurai",Bypass Rd,Madurai,Madurai,Tamil Nadu,1351,Duplex,1,2,2020,Good,9.924,78.135,applicable,1.1,applicable,5.37,applicable,1.76,applicable,3.41,4708600
"Alagarkoil Rd, Madurai",Alagarkoil Rd,Madurai,Madurai,Tamil Nadu,4064,Apartment,1,1,1990,Excellent,9.9677,78.1653,notApplicable,0.0,applicable,5.63,applicable,0.96,applicable,3.35,10497300
"Ettayapuram Rd, Thoothukudi",Ettayapuram Rd,Thoothukudi,Thoothukudi,Tamil Nadu,2607,Villa,4,3,2020,Needs Renovation,8.813,78.1341,notApplicable,0.0,applicable,3.99,applicable,2.17,applicable,0.92,6661000
"Trichy Rd, Singanallur, Coimbatore","Trichy Rd, Singanallur",Coimbatore,Coimbatore,Tamil Nadu,543,Apartment,4,3,1992,Good,10.9979,76.9994,applicable,0.91,applicable,2.7,applicable,8.19,notApplicable,0.0,1733100
"NH 44, Tirunelveli, Tirunelveli","NH 44, Tirunelveli",Tirunelveli,Tirunelveli,Tamil Nadu,2043,Villa,3,3,2021,Needs Renovation,8.7139,77.7567,applicable,1.47,applicable,3.14,notApplicable,0.0,applicable,3.8,5375300
"NH 44, Tirunelveli, Tirunelveli","NH 44, Tirunelveli",Tirunelveli,Tirunelveli,Tamil Nadu,657,Villa,1,2,2004,Excellent,8.7139,77.7567,applicable,0.5,applicable,2.6,applicable,1.83,notApplicable,0.0,2286100
"Trichy Rd, Singanallur, Coimbatore","Trichy Rd, Singanallur",Coimbatore,Coimbatore,Tamil Nadu,1037,Villa,2,2,2003,Good,10.9979,76.9994,applicable,4.52,applicable,0.54,notApplicable,0.0,applicable,4.18,4581500
"Rajapalayam Rd, Virudhunagar",Rajapalayam Rd,Virudhunagar,Virudhunagar,Tamil Nadu,2134,Apartment,3,2,2010,Needs Renovation,9.4523,77.5533,applicable,1.95,applicable,5.1,applicable,8.85,applicable,2.37,2886700
"Bypass Rd, Madurai",Bypass Rd,Madurai,Madurai,Tamil Nadu,3809,Apartment,3,3,2023,Needs Renovation,9.924,78.135,applicable,3.73,applicable,3.7,notApplicable,0.0,notApplicable,0.0,10213600
"Gandhipuram Cross Cut, Coimbatore",Gandhipuram Cross Cut,Coimbatore,Coimbatore,Tamil Nadu,3517,Villa,5,4,2006,Good,11.0175,76.9725,notApplicable,0.0,applicable,2.83,notApplicable,0.0,applicable,4.32,16899600
"Rajapalayam Rd, Virudhunagar",Rajapalayam Rd,Virudhunagar,Virudhunagar,Tamil Nadu,3389,Apartment,3,4,2018,Excellent,9.4523,77.5533,applicable,0.6,applicable,1.52,notApplicable,0.0,applicable,2.17,8967400
"100 Feet Rd, Velachery, Chennai","100 Feet Rd, Velachery",Chennai,Chennai,Tamil Nadu,667,Villa,2,2,1998,Excellent,12.9791,80.2209,applicable,3.92,notApplicable,0.0,notApplicable,0.0,applicable,3.75,4961200
"Bypass Rd, Madurai",Bypass Rd,Madurai,Madurai,Tamil Nadu,652,Independent House,4,4,2006,Excellent,9.924,78.135,notApplicable,0.0,applicable,3.89,notApplicable,0.0,notApplicable,0.0,2621600
"Ettayapuram Rd, Thoothukudi",Ettayapuram Rd,Thoothukudi,Thoothukudi,Tamil Nadu,423,Apartment,3,3,2009,Excellent,8.813,78.1341,applicable,5.4,applicable,3.91,notApplicable,0.0,applicable,4.06,818600
"Gandhipuram Cross Cut, Coimbatore",Gandhipuram Cross Cut,Coimbatore,Coimbatore,Tamil Nadu,1084,Independent House,3,4,2012,Excellent,11.0175,76.9725,notApplicable,0.0,applicable,4.07,applicable,4.19,applicable,4.17,4643600
"Simmakkal, Madurai",Simmakkal,Madurai,Madurai,Tamil Nadu,1425,Apartment,4,3,2001,Good,9.921,78.1197,applicable,5.16,applicable,4.27,applicable,7.44,applicable,4.56,2965100
"Ettayapuram Rd, Thoothukudi",Ettayapuram Rd,Thoothukudi,Thoothukudi,Tamil Nadu,679,Duplex,5,4,2002,Needs Renovation,8.813,78.1341,notApplicable,0.0,applicable,0.75,applicable,7.89,applicable,0.85,1536500
"Alagarkoil Rd, Madurai",Alagarkoil Rd,Madurai,Madurai,Tamil Nadu,2139,Independent House,2,1,1997,Needs Renovation,9.9677,78.1653,notApplicable,0.0,notApplicable,0.0,notApplicable,0.0,applicable,2.42,6840700
"East Coast Rd, Thiruvanmiyur, Chennai","East Coast Rd, Thiruvanmiyur",Chennai,Chennai,Tamil Nadu,2857,Independent House,2,1,2011,Excellent,12.9834,80.259,applicable,4.14,applicable,1.97,notApplicable,0.0,applicable,1.82,21152800
"Bypass Rd, Madurai",Bypass Rd,Madurai,Madurai,Tamil Nadu,479,Apartment,4,5,2012,Needs Renovation,9.924,78.135,applicable,3.92,applicable,1.13,applicable,8.91,notApplicable,0.0,1151500
"Simmakkal, Madurai",Simmakkal,Madurai,Madurai,Tamil Nadu,2138,Apartment,1,1,2015,Good,9.921,78.1197,applicable,4.39,applicable,5.11,notApplicable,0.0,applicable,2.69,6067800
"MTP Rd, Coimbatore",MTP Rd,Coimbatore,Coimbatore,Tamil Nadu,1111,Villa,4,4,2007,Needs Renovation,11.0616,76.9366,applicable,4.48,applicable,5.57,applicable,0.76,applicable,2.5,3985900
"NH 44, Tirunelveli, Tirunelveli","NH 44, Tirunelveli",Tirunelveli,Tirunelveli,Tamil Nadu,3603,Duplex,2,1,2023,Needs Renovation,8.7139,77.7567,applicable,1.65,applicable,1.44,notApplicable,0.0,applicable,2.89,8755700
"Sathyamangalam Rd, Edayarpalayam, Erode","Sathyamangalam Rd, Edayarpalayam",Erode,Erode,Tamil Nadu,1824,Apartment,1,2,2020,Good,11.349,77.6951,applicable,5.98,notApplicable,0.0,applicable,8.9,applicable,4.04,4066400
"NH 44, Tirunelveli, Tirunelveli","NH 44, Tirunelveli",Tirunelveli,Tirunelveli,Tamil Nadu,392,Duplex,5,4,1997,Excellent,8.7139,77.7567,applicable,3.98,applicable,0.91,applicable,6.16,notApplicable,0.0,1067600
"Gandhipuram Cross Cut, Coimbatore",Gandhipuram Cross Cut,Coimbatore,Coimbatore,Tamil Nadu,2161,Apartment,5,5,1990,Excellent,11.0175,76.9725,notApplicable,0.0,applicable,0.36,notApplicable,0.0,applicable,4.33,8255400
"Dindigul Rd, Palani, Palani","Dindigul Rd, Palani",Palani,Dindigul,Tamil Nadu,531,Independent House,4,4,1993,Needs Renovation,10.4508,77.5148,applicable,0.78,notApplicable,0.0,applicable,7.76,applicable,1.23,1757700
"Avinashi Rd, Peelamedu, Coimbatore","Avinashi Rd, Peelamedu",Coimbatore,Coimbatore,Tamil Nadu,1140,Independent House,2,2,2022,Excellent,11.0183,76.997,applicable,1.19,applicable,3.94,applicable,6.19,applicable,4.79,4956900
"Alagarkoil Rd, Madurai",Alagarkoil Rd,Madurai,Madurai,Tamil Nadu,2924,Independent House,3,2,2002,Needs Renovation,9.9677,78.1653,notApplicable,0.0,notApplicable,0.0,applicable,8.78,notApplicable,0.0,8596500
"Rajapalayam Rd, Virudhunagar",Rajapalayam Rd,Virudhunagar,Virudhunagar,Tamil Nadu,766,Villa,1,1,2005,Needs Renovation,9.4523,77.5533,notApplicable,0.0,notApplicable,0.0,applicable,6.53,applicable,3.29,1578900
"NH 44, Tirunelveli, Tirunelveli","NH 44, Tirunelveli",Tirunelveli,Tirunelveli,Tamil Nadu,1003,Duplex,1,1,2012,Excellent,8.7139,77.7567,applicable,3.24,notApplicable,0.0,applicable,1.54,applicable,0.22,3264200
"Ettayapuram Rd, Thoothukudi",Ettayapuram Rd,Thoothukudi,Thoothukudi,Tamil Nadu,3573,Independent House,2,2,2005,Needs Renovation,8.813,78.1341,applicable,2.54,applicable,1.91,applicable,1.61,applicable,2.78,6852000
"Simmakkal, Madurai",Simmakkal,Madurai,Madurai,Tamil Nadu,649,Independent House,2,3,1995,Good,9.921,78.1197,notApplicable,0.0,applicable,3.42,notApplicable,0.0,applicable,0.36,2415900
"NH 44, Tirunelveli, Tirunelveli","NH 44, Tirunelveli",Tirunelveli,Tirunelveli,Tamil Nadu,502,Apartment,4,4,2010,Good,8.7139,77.7567,notApplicable,0.0,applicable,3.08,notApplicable,0.0,applicable,0.15,1103200
"East Coast Rd, Thiruvanmiyur, Chennai","East Coast Rd, Thiruvanmiyur",Chennai,Chennai,Tamil Nadu,786,Duplex,3,2,1994,Good,12.9834,80.259,notApplicable,0.0,applicable,5.69,applicable,6.15,applicable,3.42,3852000
"Avinashi Rd, Peelamedu, Coimbatore","Avinashi Rd, Peelamedu",Coimbatore,Coimbatore,Tamil Nadu,682,Villa,4,4,2018,Excellent,11.0183,76.997,applicable,1.48,applicable,3.68,applicable,1.22,applicable,4.58,3405300
"Alagarkoil Rd, Madurai",Alagarkoil Rd,Madurai,Madurai,Tamil Nadu,2718,Apartment,2,1,2021,Excellent,9.9677,78.1653,applicable,0.33,applicable,5.05,applicable,5.0,notApplicable,0.0,8798700
"100 Feet Rd, Velachery, Chennai","100 Feet Rd, Velachery",Chennai,Chennai,Tamil Nadu,801,Villa,1,1,2018,Good,12.9791,80.2209,applicable,2.88,notApplicable,0.0,notApplicable,0.0,applicable,1.99,6093800
"Rajapalayam Rd, Virudhunagar",Rajapalayam Rd,Virudhunagar,Virudhunagar,Tamil Nadu,1916,Villa,1,2,1999,Good,9.4523,77.5533,applicable,5.66,applicable,3.32,applicable,3.18,applicable,0.76,4014300
"Trichy Rd, Singanallur, Coimbatore","Trichy Rd, Singanallur",Coimbatore,Coimbatore,Tamil Nadu,2149,Villa,4,4,2016,Excellent,10.9979,76.9994,notApplicable,0.0,applicable,1.66,applicable,9.12,applicable,4.25,11659900
"Alagarkoil Rd, Madurai",Alagarkoil Rd,Madurai,Madurai,Tamil Nadu,579,Villa,4,5,2000,Needs Renovation,9.9677,78.1653,applicable,4.49,applicable,6.0,notApplicable,0.0,applicable,3.97,1550200
"Alagarkoil Rd, Madurai",Alagarkoil Rd,Madurai,Madurai,Tamil Nadu,2448,Apartment,4,3,2016,Good,9.9677,78.1653,applicable,0.97,applicable,0.65,applicable,8.92,applicable,3.44,7346200
"Dindigul Rd, Palani, Palani","Dindigul Rd, Palani",Palani,Dindigul,Tamil Nadu,4178,Duplex,4,4,2023,Excellent,10.4508,77.5148,applicable,2.89,applicable,5.17,notApplicable,0.0,applicable,4.19,17061600
"100 Feet Rd, Velachery, Chennai","100 Feet Rd, Velachery",Chennai,Chennai,Tamil Nadu,1053,Duplex,5,6,1997,Excellent,12.9791,80.2209,notApplicable,0.0,applicable,3.81,applicable,5.22,applicable,2.11,6937500
"Gandhipuram Cross Cut, Coimbatore",Gandhipuram Cross Cut,Coimbatore,Coimbatore,Tamil Nadu,689,Duplex,5,5,2012,Excellent,11.0175,76.9725,notApplicable,0.0,applicable,2.21,notApplicable,0.0,applicable,1.93,3411100
"Ettayapuram Rd, Thoothukudi",Ettayapuram Rd,Thoothukudi,Thoothukudi,Tamil Nadu,630,Villa,4,4,2006,Needs Renovation,8.813,78.1341,applicable,5.53,applicable,1.47,applicable,2.39,applicable,1.26,1350200
"MTP Rd, Coimbatore",MTP Rd,Coimbatore,Coimbatore,Tamil Nadu,1012,Duplex,2,1,2006,Excellent,11.0616,76.9366,applicable,3.71,applicable,3.24,applicable,8.54,applicable,0.5,4308000
"100 Feet Rd, Velachery, Chennai","100 Feet Rd, Velachery",Chennai,Chennai,Tamil Nadu,3363,Duplex,4,4,2016,Needs Renovation,12.9791,80.2209,applicable,5.72,applicable,5.58,applicable,4.91,applicable,0.7,16578800
"NH 44, Tirunelveli, Tirunelveli","NH 44, Tirunelveli",Tirunelveli,Tirunelveli,Tamil Nadu,992,Independent House,1,1,2023,Excellent,8.7139,77.7567,applicable,1.73,applicable,4.07,notApplicable,0.0,applicable,2.44,2977100
"Sathyamangalam Rd, Edayarpalayam, Erode","Sathyamangalam Rd, Edayarpalayam",Erode,Erode,Tamil Nadu,3263,Independent House,3,3,2005,Needs Renovation,11.349,77.6951,applicable,4.97,applicable,5.0,applicable,4.66,notApplicable,0.0,6023900
"Avinashi Rd, Peelamedu, Coimbatore","Avinashi Rd, Peelamedu",Coimbatore,Coimbatore,Tamil Nadu,934,Villa,5,6,2006,Excellent,11.0183,76.997,applicable,2.34,applicable,4.93,applicable,5.9,applicable,2.81,3702800
"Ettayapuram Rd, Thoothukudi",Ettayapuram Rd,Thoothukudi,Thoothukudi,Tamil Nadu,1007,Independent House,1,1,1990,Needs Renovation,8.813,78.1341,applicable,4.53,notApplicable,0.0,applicable,5.24,applicable,3.62,1515500
"Sathyamangalam Rd, Edayarpalayam, Erode","Sathyamangalam Rd, Edayarpalayam",Erode,Erode,Tamil Nadu,973,Apartment,5,6,1992,Excellent,11.349,77.6951,applicable,3.33,notApplicable,0.0,notApplicable,0.0,applicable,0.46,2291900
"NH 44, Tirunelveli, Tirunelveli","NH 44, Tirunelveli",Tirunelveli,Tirunelveli,Tamil Nadu,751,Duplex,5,4,1992,Needs Renovation,8.7139,77.7567,applicable,4.76,notApplicable,0.0,notApplicable,0.0,applicable,4.77,1555000
"East Coast Rd, Thiruvanmiyur, Chennai","East Coast Rd, Thiruvanmiyur",Chennai,Chennai,Tamil Nadu,560,Independent House,3,4,2008,Good,12.9834,80.259,applicable,1.17,applicable,4.44,applicable,7.82,applicable,1.07,3167100
"Bypass Rd, Madurai",Bypass Rd,Madurai,Madurai,Tamil Nadu,1144,Villa,3,4,1998,Needs Renovation,9.924,78.135,applicable,3.42,applicable,1.56,applicable,5.67,notApplicable,0.0,3436500
"100 Feet Rd, Velachery, Chennai","100 Feet Rd, Velachery",Chennai,Chennai,Tamil Nadu,3490,Duplex,5,6,2019,Needs Renovation,12.9791,80.2209,applicable,2.42,applicable,3.22,notApplicable,0.0,applicable,0.26,22407600
"Alagarkoil Rd, Madurai",Alagarkoil Rd,Madurai,Madurai,Tamil Nadu,999,Apartment,4,4,2009,Needs Renovation,9.9677,78.1653,applicable,5.23,notApplicable,0.0,applicable,8.81,applicable,0.22,2268400
"East Coast Rd, Thiruvanmiyur, Chennai","East Coast Rd, Thiruvanmiyur",Chennai,Chennai,Tamil Nadu,2477,Independent House,1,1,2000,Excellent,12.9834,80.259,notApplicable,0.0,applicable,5.06,notApplicable,0.0,applicable,1.68,17217000
"NH 44, Tirunelveli, Tirunelveli","NH 44, Tirunelveli",Tirunelveli,Tirunelveli,Tamil Nadu,1047,Duplex,2,2,2018,Good,8.7139,77.7567,notApplicable,0.0,applicable,2.51,notApplicable,0.0,applicable,1.89,2774700
"Rajapalayam Rd, Virudhunagar",Rajapalayam Rd,Virudhunagar,Virudhunagar,Tamil Nadu,3432,Apartment,1,1,2010,Good,9.4523,77.5533,notApplicable,0.0,applicable,4.4,notApplicable,0.0,applicable,1.3,7502300
"Bypass Rd, Madurai",Bypass Rd,Madurai,Madurai,Tamil Nadu,1599,Apartment,1,2,2003,Excellent,9.924,78.135,applicable,5.25,applicable,1.18,applicable,1.58,applicable,1.29,4577500
"Trichy Rd, Singanallur, Coimbatore","Trichy Rd, Singanallur",Coimbatore,Coimbatore,Tamil Nadu,1013,Duplex,2,2,2007,Excellent,10.9979,76.9994,applicable,2.73,applicable,1.27,applicable,7.93,applicable,1.98,4434500
"Bypass Rd, Madurai",Bypass Rd,Madurai,Madurai,Tamil Nadu,4180,Duplex,2,1,2018,Good,9.924,78.135,applicable,3.84,applicable,0.69,applicable,1.91,applicable,4.4,13103600
"100 Feet Rd, Velachery, Chennai","100 Feet Rd, Velachery",Chennai,Chennai,Tamil Nadu,3749,Apartment,5,5,1994,Good,12.9791,80.2209,applicable,0.85,applicable,1.56,notApplicable,0.0,applicable,1.17,20640200
"NH 44, Tirunelveli, Tirunelveli","NH 44, Tirunelveli",Tirunelveli,Tirunelveli,Tamil Nadu,3535,Independent House,1,1,2000,Excellent,8.7139,77.7567,notApplicable,0.0,applicable,2.22,notApplicable,0.0,applicable,4.81,10058200
"Bypass Rd, Madurai",Bypass Rd,Madurai,Madurai,Tamil Nadu,737,Duplex,1,1,2005,Excellent,9.924,78.135,applicable,3.7,notApplicable,0.0,applicable,7.17,notApplicable,0.0,2697900
"Simmakkal, Madurai",Simmakkal,Madurai,Madurai,Tamil Nadu,989,Villa,4,4,1992,Needs Renovation,9.921,78.1197,applicable,3.98,applicable,3.29,notApplicable,0.0,applicable,1.19,2823400
"Alagarkoil Rd, Madurai",Alagarkoil Rd,Madurai,Madurai,Tamil Nadu,560,Apartment,4,5,1994,Needs Renovation,9.9677,78.1653,notApplicable,0.0,applicable,2.41,applicable,8.09,applicable,1.98,1191300
"100 Feet Rd, Velachery, Chennai","100 Feet Rd, Velachery",Chennai,Chennai,Tamil Nadu,3143,Duplex,2,2,2009,Excellent,12.9791,80.2209,notApplicable,0.0,applicable,1.06,notApplicable,0.0,applicable,3.9,23839100
"Gandhipuram Cross Cut, Coimbatore",Gandhipuram Cross Cut,Coimbatore,Coimbatore,Tamil Nadu,419,Duplex,2,2,1998,Excellent,11.0175,76.9725,applicable,4.14,notApplicable,0.0,notApplicable,0.0,applicable,1.1,1917800
"Rajapalayam Rd, Virudhunagar",Rajapalayam Rd,Virudhunagar,Virudhunagar,Tamil Nadu,2598,Independent House,2,2,1998,Needs Renovation,9.4523,77.5533,applicable,5.78,applicable,1.5,applicable,3.91,applicable,4.15,4071200
"Alagarkoil Rd, Madurai",Alagarkoil Rd,Madurai,Madurai,Tamil Nadu,686,Independent House,2,1,2002,Good,9.9677,78.1653,applicable,5.65,notApplicable,0.0,notApplicable,0.0,applicable,4.67,2306800
"Alagarkoil Rd, Madurai",Alagarkoil Rd,Madurai,Madurai,Tamil Nadu,1297,Apartment,1,2,2000,Good,9.9677,78.1653,applicable,2.84,applicable,4.84,applicable,8.55,applicable,1.87,2863300
"Ettayapuram Rd, Thoothukudi",Ettayapuram Rd,Thoothukudi,Thoothukudi,Tamil Nadu,1533,Duplex,2,2,2021,Good,8.813,78.1341,applicable,2.09,applicable,3.61,notApplicable,0.0,applicable,3.16,3806500
"Alagarkoil Rd, Madurai",Alagarkoil Rd,Madurai,Madurai,Tamil Nadu,1954,Apartment,5,5,2017,Needs Renovation,9.9677,78.1653,notApplicable,0.0,applicable,2.5,notApplicable,0.0,applicable,3.99,4840800
"NH 44, Tirunelveli, Tirunelveli","NH 44, Tirunelveli",Tirunelveli,Tirunelveli,Tamil Nadu,3542,Independent House,1,2,1998,Good,8.7139,77.7567,notApplicable,0.0,applicable,1.0,applicable,9.14,applicable,0.15,9365600
"100 Feet Rd, Velachery, Chennai","100 Feet Rd, Velachery",Chennai,Chennai,Tamil Nadu,651,Villa,3,3,1992,Excellent,12.9791,80.2209,applicable,3.2,applicable,0.38,notApplicable,0.0,applicable,0.89,5074600
"MTP Rd, Coimbatore",MTP Rd,Coimbatore,Coimbatore,Tamil Nadu,971,Independent House,4,5,1990,Needs Renovation,11.0616,76.9366,applicable,3.97,applicable,4.58,notApplicable,0.0,applicable,0.45,2770600
"East Coast Rd, Thiruvanmiyur, Chennai","East Coast Rd, Thiruvanmiyur",Chennai,Chennai,Tamil Nadu,577,Duplex,2,3,2017,Good,12.9834,80.259,applicable,5.3,applicable,5.29,notApplicable,0.0,applicable,4.29,3681100
"NH 44, Tirunelveli, Tirunelveli","NH 44, Tirunelveli",Tirunelveli,Tirunelveli,Tamil Nadu,673,Apartment,4,4,2009,Needs Renovation,8.7139,77.7567,notApplicable,0.0,notApplicable,0.0,applicable,9.63,applicable,0.51,1396500
"Trichy Rd, Singanallur, Coimbatore","Trichy Rd, Singanallur",Coimbatore,Coimbatore,Tamil Nadu,565,Independent House,2,3,1997,Good,10.9979,76.9994,applicable,5.24,applicable,5.31,notApplicable,0.0,notApplicable,0.0,2003400
"Simmakkal, Madurai",Simmakkal,Madurai,Madurai,Tamil Nadu,2419,Duplex,1,1,1996,Good,9.921,78.1197,applicable,0.94,applicable,0.56,notApplicable,0.0,notApplicable,0.0,10139000
"NH 44, Tirunelveli, Tirunelveli","NH 44, Tirunelveli",Tirunelveli,Tirunelveli,Tamil Nadu,588,Duplex,3,2,1993,Good,8.7139,77.7567,applicable,1.91,notApplicable,0.0,notApplicable,0.0,applicable,0.6,1658300
"NH 44, Tirunelveli, Tirunelveli","NH 44, Tirunelveli",Tirunelveli,Tirunelveli,Tamil Nadu,1981,Villa,5,4,1997,Good,8.7139,77.7567,notApplicable,0.0,applicable,3.66,notApplicable,0.0,notApplicable,0.0,5521700
"Trichy Rd, Singanallur, Coimbatore","Trichy Rd, Singanallur",Coimbatore,Coimbatore,Tamil Nadu,1354,Duplex,3,3,1996,Excellent,10.9979,76.9994,applicable,1.5,applicable,2.33,notApplicable,0.0,applicable,2.81,6020100
"Avinashi Rd, Peelamedu, Coimbatore","Avinashi Rd, Peelamedu",Coimbatore,Coimbatore,Tamil Nadu,1688,Duplex,4,4,2017,Needs Renovation,11.0183,76.997,notApplicable,0.0,applicable,3.84,notApplicable,0.0,applicable,0.99,6948800
"Sathyamangalam Rd, Edayarpalayam, Erode","Sathyamangalam Rd, Edayarpalayam",Erode,Erode,Tamil Nadu,3137,Independent House,1,1,1995,Good,11.349,77.6951,notApplicable,0.0,applicable,5.74,applicable,1.49,applicable,3.46,7727800
"Bypass Rd, Madurai",Bypass Rd,Madurai,Madurai,Tamil Nadu,1907,Duplex,2,3,1998,Good,9.924,78.135,applicable,3.3,applicable,5.49,applicable,3.47,applicable,0.61,5351400
"Rajapalayam Rd, Virudhunagar",Rajapalayam Rd,Virudhunagar,Virudhunagar,Tamil Nadu,1037,Duplex,1,1,2009,Good,9.4523,77.5533,applicable,4.18,applicable,3.08,notApplicable,0.0,applicable,4.15,2233300
"Gandhipuram Cross Cut, Coimbatore",Gandhipuram Cross Cut,Coimbatore,Coimbatore,Tamil Nadu,445,Independent House,1,2,2019,Good,11.0175,76.9725,applicable,5.53,applicable,1.66,applicable,0.77,notApplicable,0.0,2062100
"Avinashi Rd, Peelamedu, Coimbatore","Avinashi Rd, Peelamedu",Coimbatore,Coimbatore,Tamil Nadu,767,Duplex,4,5,2002,Needs Renovation,11.0183,76.997,applicable,2.7,applicable,2.16,applicable,9.55,applicable,3.43,2073800
"Bypass Rd, Madurai",Bypass Rd,Madurai,Madurai,Tamil Nadu,1276,Villa,5,5,2012,Needs Renovation,9.924,78.135,applicable,3.2,applicable,0.26,notApplicable,0.0,applicable,1.64,4409800
"Sathyamangalam Rd, Edayarpalayam, Erode","Sathyamangalam Rd, Edayarpalayam",Erode,Erode,Tamil Nadu,4164,Villa,1,1,2016,Needs Renovation,11.349,77.6951,applicable,1.55,notApplicable,0.0,notApplicable,0.0,applicable,2.02,11940900
"Ettayapuram Rd, Thoothukudi",Ettayapuram Rd,Thoothukudi,Thoothukudi,Tamil Nadu,3940,Apartment,2,2,2016,Excellent,8.813,78.1341,applicable,5.47,applicable,2.37,applicable,9.95,applicable,0.33,8569400
"MTP Rd, Coimbatore",MTP Rd,Coimbatore,Coimbatore,Tamil Nadu,438,Duplex,5,5,1990,Good,11.0616,76.9366,applicable,3.01,notApplicable,0.0,applicable,1.57,notApplicable,0.0,1689400
"Sathyamangalam Rd, Edayarpalayam, Erode","Sathyamangalam Rd, Edayarpalayam",Erode,Erode,Tamil Nadu,2536,Independent House,2,3,2024,Needs Renovation,11.349,77.6951,applicable,4.73,applicable,1.78,applicable,7.09,applicable,1.71,5213300
"Alagarkoil Rd, Madurai",Alagarkoil Rd,Madurai,Madurai,Tamil Nadu,1113,Apartment,4,4,2018,Excellent,9.9677,78.1653,applicable,5.2,notApplicable,0.0,applicable,4.93,applicable,1.04,3464100
"Sathyamangalam Rd, Edayarpalayam, Erode","Sathyamangalam Rd, Edayarpalayam",Erode,Erode,Tamil Nadu,1416,Independent House,4,4,1999,Excellent,11.349,77.6951,notApplicable,0.0,applicable,5.06,notApplicable,0.0,applicable,4.77,4002400
"100 Feet Rd, Velachery, Chennai","100 Feet Rd, Velachery",Chennai,Chennai,Tamil Nadu,1117,Villa,3,4,2019,Good,12.9791,80.2209,notApplicable,0.0,applicable,2.43,notApplicable,0.0,applicable,3.92,8174300
"NH 44, Tirunelveli, Tirunelveli","NH 44, Tirunelveli",Tirunelveli,Tirunelveli,Tamil Nadu,2264,Duplex,5,4,2003,Needs Renovation,8.7139,77.7567,applicable,0.81,notApplicable,0.0,notApplicable,0.0,applicable,3.55,4905700
"Bypass Rd, Madurai",Bypass Rd,Madurai,Madurai,Tamil Nadu,3543,Independent House,5,5,2005,Good,9.924,78.135,applicable,4.64,applicable,5.45,notApplicable,0.0,notApplicable,0.0,11003700
"Sathyamangalam Rd, Edayarpalayam, Erode","Sathyamangalam Rd, Edayarpalayam",Erode,Erode,Tamil Nadu,3461,Duplex,4,5,2005,Excellent,11.349,77.6951,applicable,2.02,applicable,0.55,applicable,8.39,applicable,0.29,10255700
"Bypass Rd, Madurai",Bypass Rd,Madurai,Madurai,Tamil Nadu,2718,Villa,4,4,1999,Needs Renovation,9.924,78.135,applicable,0.61,notApplicable,0.0,applicable,1.19,applicable,3.68,9543400
"Simmakkal, Madurai",Simmakkal,Madurai,Madurai,Tamil Nadu,4195,Duplex,2,1,2006,Needs Renovation,9.921,78.1197,applicable,3.53,applicable,1.06,notApplicable,0.0,applicable,2.14,12941000
"Alagarkoil Rd, Madurai",Alagarkoil Rd,Madurai,Madurai,Tamil Nadu,587,Villa,1,1,2003,Excellent,9.9677,78.1653,applicable,4.5,applicable,3.37,applicable,5.91,applicable,2.11,1929200
"Rajapalayam Rd, Virudhunagar",Rajapalayam Rd,Virudhunagar,Virudhunagar,Tamil Nadu,1749,Villa,3,4,2004,Excellent,9.4523,77.5533,notApplicable,0.0,applicable,3.0,applicable,2.29,applicable,0.33,5124500
"Alagarkoil Rd, Madurai",Alagarkoil Rd,Madurai,Madurai,Tamil Nadu,1618,Independent House,3,2,2013,Excellent,9.9677,78.1653,applicable,2.06,applicable,3.83,applicable,8.39,applicable,2.65,5523800
"Gandhipuram Cross Cut, Coimbatore",Gandhipuram Cross Cut,Coimbatore,Coimbatore,Tamil Nadu,3465,Villa,2,2,2004,Needs Renovation,11.0175,76.9725,applicable,1.94,applicable,2.62,applicable,6.75,applicable,1.03,12210700
"Avinashi Rd, Peelamedu, Coimbatore","Avinashi Rd, Peelamedu",Coimbatore,Coimbatore,Tamil Nadu,3460,Duplex,3,2,1990,Excellent,11.0183,76.997,applicable,4.08,applicable,3.95,notApplicable,0.0,applicable,4.56,12974100
"Simmakkal, Madurai",Simmakkal,Madurai,Madurai,Tamil Nadu,611,Villa,3,2,2025,Good,9.921,78.1197,applicable,4.65,applicable,2.21,notApplicable,0.0,notApplicable,0.0,2502500
"Gandhipuram Cross Cut, Coimbatore",Gandhipuram Cross Cut,Coimbatore,Coimbatore,Tamil Nadu,454,Independent House,2,3,1996,Excellent,11.0175,76.9725,notApplicable,0.0,applicable,2.4,applicable,6.12,applicable,3.75,1833100
"Dindigul Rd, Palani, Palani","Dindigul Rd, Palani",Palani,Dindigul,Tamil Nadu,3749,Independent House,2,2,1994,Good,10.4508,77.5148,applicable,5.14,applicable,0.61,applicable,5.99,notApplicable,0.0,12082700
"MTP Rd, Coimbatore",MTP Rd,Coimbatore,Coimbatore,Tamil Nadu,4179,Independent House,2,3,2005,Excellent,11.0616,76.9366,applicable,2.04,applicable,5.4,notApplicable,0.0,notApplicable,0.0,20178500
"MTP Rd, Coimbatore",MTP Rd,Coimbatore,Coimbatore,Tamil Nadu,502,Independent House,1,1,2019,Good,11.0616,76.9366,applicable,2.48,applicable,4.62,applicable,1.05,applicable,4.27,1820000
"East Coast Rd, Thiruvanmiyur, Chennai","East Coast Rd, Thiruvanmiyur",Chennai,Chennai,Tamil Nadu,3957,Independent House,1,1,2006,Good,12.9834,80.259,applicable,1.08,notApplicable,0.0,notApplicable,0.0,applicable,3.34,24750600
"Avinashi Rd, Peelamedu, Coimbatore","Avinashi Rd, Peelamedu",Coimbatore,Coimbatore,Tamil Nadu,773,Duplex,5,4,1994,Excellent,11.0183,76.997,notApplicable,0.0,applicable,3.48,notApplicable,0.0,applicable,2.5,3203400
"MTP Rd, Coimbatore",MTP Rd,Coimbatore,Coimbatore,Tamil Nadu,1544,Villa,4,5,2019,Excellent,11.0616,76.9366,applicable,1.95,applicable,5.74,notApplicable,0.0,applicable,0.52,8290800
"NH 44, Tirunelveli, Tirunelveli","NH 44, Tirunelveli",Tirunelveli,Tirunelveli,Tamil Nadu,1874,Villa,1,1,2003,Good,8.7139,77.7567,notApplicable,0.0,notApplicable,0.0,applicable,4.58,applicable,4.19,5069200
"East Coast Rd, Thiruvanmiyur, Chennai","East Coast Rd, Thiruvanmiyur",Chennai,Chennai,Tamil Nadu,741,Duplex,1,1,2000,Needs Renovation,12.9834,80.259,notApplicable,0.0,applicable,2.38,notApplicable,0.0,applicable,1.6,4028000
"Trichy Rd, Singanallur, Coimbatore","Trichy Rd, Singanallur",Coimbatore,Coimbatore,Tamil Nadu,924,Independent House,1,1,1998,Good,10.9979,76.9994,applicable,5.51,applicable,3.03,notApplicable,0.0,applicable,1.91,3145800
"Simmakkal, Madurai",Simmakkal,Madurai,Madurai,Tamil Nadu,508,Apartment,5,5,2006,Needs Renovation,9.921,78.1197,applicable,3.86,applicable,1.39,applicable,5.01,notApplicable,0.0,1265700
"MTP Rd, Coimbatore",MTP Rd,Coimbatore,Coimbatore,Tamil Nadu,3127,Apartment,4,4,1993,Needs Renovation,11.0616,76.9366,notApplicable,0.0,applicable,5.98,applicable,4.26,notApplicable,0.0,7891200
"100 Feet Rd, Velachery, Chennai","100 Feet Rd, Velachery",Chennai,Chennai,Tamil Nadu,1302,Independent House,2,2,2010,Good,12.9791,80.2209,applicable,1.81,applicable,3.91,notApplicable,0.0,applicable,2.25,8235400
"Ettayapuram Rd, Thoothukudi",Ettayapuram Rd,Thoothukudi,Thoothukudi,Tamil Nadu,1013,Apartment,1,1,2023,Excellent,8.813,78.1341,notApplicable,0.0,applicable,5.95,applicable,8.06,applicable,1.9,2348900
"Gandhipuram Cross Cut, Coimbatore",Gandhipuram Cross Cut,Coimbatore,Coimbatore,Tamil Nadu,2843,Duplex,1,1,1995,Good,11.0175,76.9725,applicable,0.67,applicable,5.86,notApplicable,0.0,applicable,0.24,11701500
"Alagarkoil Rd, Madurai",Alagarkoil Rd,Madurai,Madurai,Tamil Nadu,543,Duplex,4,3,2012,Good,9.9677,78.1653,notApplicable,0.0,notApplicable,0.0,applicable,2.26,applicable,0.61,2333400
"Dindigul Rd, Palani, Palani","Dindigul Rd, Palani",Palani,Dindigul,Tamil Nadu,364,Apartment,4,4,2004,Good,10.4508,77.5148,applicable,4.27,applicable,0.86,notApplicable,0.0,applicable,3.06,1115800
"Sathyamangalam Rd, Edayarpalayam, Erode","Sathyamangalam Rd, Edayarpalayam",Erode,Erode,Tamil Nadu,581,Duplex,2,1,1997,Good,11.349,77.6951,applicable,2.99,applicable,0.79,applicable,2.39,applicable,2.41,1425700
"Dindigul Rd, Palani, Palani","Dindigul Rd, Palani",Palani,Dindigul,Tamil Nadu,564,Villa,1,1,2012,Good,10.4508,77.5148,notApplicable,0.0,applicable,3.35,notApplicable,0.0,applicable,4.72,2461900
"Dindigul Rd, Palani, Palani","Dindigul Rd, Palani",Palani,Dindigul,Tamil Nadu,1165,Villa,2,2,2012,Needs Renovation,10.4508,77.5148,applicable,1.19,notApplicable,0.0,notApplicable,0.0,applicable,3.89,4388300
"Ettayapuram Rd, Thoothukudi",Ettayapuram Rd,Thoothukudi,Thoothukudi,Tamil Nadu,786,Independent House,5,5,2005,Needs Renovation,8.813,78.1341,applicable,5.9,applicable,5.38,applicable,7.47,applicable,0.17,1374000
"Gandhipuram Cross Cut, Coimbatore",Gandhipuram Cross Cut,Coimbatore,Coimbatore,Tamil Nadu,941,Apartment,5,4,1997,Excellent,11.0175,76.9725,notApplicable,0.0,applicable,4.88,notApplicable,0.0,applicable,4.2,3310100
"Simmakkal, Madurai",Simmakkal,Madurai,Madurai,Tamil Nadu,963,Independent House,2,2,2012,Needs Renovation,9.921,78.1197,notApplicable,0.0,applicable,0.6,applicable,1.2,applicable,3.82,3126900
"Avinashi Rd, Peelamedu, Coimbatore","Avinashi Rd, Peelamedu",Coimbatore,Coimbatore,Tamil Nadu,1191,Duplex,3,2,2016,Excellent,11.0183,76.997,applicable,0.77,applicable,5.66,notApplicable,0.0,notApplicable,0.0,6560400
"Bypass Rd, Madurai",Bypass Rd,Madurai,Madurai,Tamil Nadu,1860,Independent House,4,4,2016,Excellent,9.924,78.135,applicable,3.97,notApplicable,0.0,applicable,8.17,applicable,3.94,5932300
"Sathyamangalam Rd, Edayarpalayam, Erode","Sathyamangalam Rd, Edayarpalayam",Erode,Erode,Tamil Nadu,793,Duplex,2,3,1991,Excellent,11.349,77.6951,applicable,3.04,applicable,0.67,applicable,9.01,applicable,0.12,2095100
"Avinashi Rd, Peelamedu, Coimbatore","Avinashi Rd, Peelamedu",Coimbatore,Coimbatore,Tamil Nadu,2222,Independent House,4,5,2025,Needs Renovation,11.0183,76.997,notApplicable,0.0,applicable,3.72,applicable,6.91,applicable,2.67,7019000
"Simmakkal, Madurai",Simmakkal,Madurai,Madurai,Tamil Nadu,805,Independent House,3,3,2000,Excellent,9.921,78.1197,applicable,4.67,applicable,5.29,applicable,2.69,applicable,0.28,2449900
"Dindigul Rd, Palani, Palani","Dindigul Rd, Palani",Palani,Dindigul,Tamil Nadu,1159,Apartment,2,2,1990,Needs Renovation,10.4508,77.5148,applicable,0.34,applicable,2.83,notApplicable,0.0,applicable,0.85,2882800
"MTP Rd, Coimbatore",MTP Rd,Coimbatore,Coimbatore,Tamil Nadu,2367,Apartment,4,4,2004,Needs Renovation,11.0616,76.9366,notApplicable,0.0,applicable,1.54,notApplicable,0.0,applicable,4.27,6548000
"Avinashi Rd, Peelamedu, Coimbatore","Avinashi Rd, Peelamedu",Coimbatore,Coimbatore,Tamil Nadu,1007,Apartment,1,2,2014,Excellent,11.0183,76.997,notApplicable,0.0,applicable,1.62,applicable,4.68,applicable,1.99,4182700
"Trichy Rd, Singanallur, Coimbatore","Trichy Rd, Singanallur",Coimbatore,Coimbatore,Tamil Nadu,744,Apartment,2,3,2013,Good,10.9979,76.9994,applicable,5.05,applicable,0.37,notApplicable,0.0,applicable,1.25,2786000
"Sathyamangalam Rd, Edayarpalayam, Erode","Sathyamangalam Rd, Edayarpalayam",Erode,Erode,Tamil Nadu,854,Duplex,1,1,2001,Needs Renovation,11.349,77.6951,notApplicable,0.0,applicable,4.63,notApplicable,0.0,applicable,4.3,1925400
"Bypass Rd, Madurai",Bypass Rd,Madurai,Madurai,Tamil Nadu,1383,Villa,1,1,1993,Excellent,9.924,78.135,notApplicable,0.0,applicable,5.36,applicable,7.15,notApplicable,0.0,5609000
"Simmakkal, Madurai",Simmakkal,Madurai,Madurai,Tamil Nadu,2723,Apartment,2,2,1997,Needs Renovation,9.921,78.1197,applicable,4.07,applicable,4.73,applicable,5.73,applicable,2.63,4813700
"Avinashi Rd, Peelamedu, Coimbatore","Avinashi Rd, Peelamedu",Coimbatore,Coimbatore,Tamil Nadu,583,Duplex,5,4,2017,Needs Renovation,11.0183,76.997,applicable,5.83,applicable,5.19,applicable,1.86,applicable,3.46,1797300
"100 Feet Rd, Velachery, Chennai","100 Feet Rd, Velachery",Chennai,Chennai,Tamil Nadu,2929,Duplex,2,2,2011,Needs Renovation,12.9791,80.2209,applicable,5.72,applicable,3.39,applicable,4.83,applicable,3.02,12419500
"Dindigul Rd, Palani, Palani","Dindigul Rd, Palani",Palani,Dindigul,Tamil Nadu,1465,Duplex,1,2,2004,Good,10.4508,77.5148,applicable,1.89,applicable,4.46,notApplicable,0.0,applicable,0.11,6030300
"Sathyamangalam Rd, Edayarpalayam, Erode","Sathyamangalam Rd, Edayarpalayam",Erode,Erode,Tamil Nadu,457,Villa,5,6,1993,Excellent,11.349,77.6951,notApplicable,0.0,notApplicable,0.0,notApplicable,0.0,applicable,2.2,1567000
"Dindigul Rd, Palani, Palani","Dindigul Rd, Palani",Palani,Dindigul,Tamil Nadu,4093,Apartment,1,1,2008,Needs Renovation,10.4508,77.5148,applicable,5.02,applicable,1.72,applicable,7.15,applicable,0.98,11025500
"100 Feet Rd, Velachery, Chennai","100 Feet Rd, Velachery",Chennai,Chennai,Tamil Nadu,687,Villa,5,5,1997,Good,12.9791,80.2209,notApplicable,0.0,applicable,4.19,notApplicable,0.0,notApplicable,0.0,5107900
"Bypass Rd, Madurai",Bypass Rd,Madurai,Madurai,Tamil Nadu,3985,Duplex,3,4,2019,Good,9.924,78.135,notApplicable,0.0,applicable,1.5,notApplicable,0.0,applicable,2.83,16497400
"Gandhipuram Cross Cut, Coimbatore",Gandhipuram Cross Cut,Coimbatore,Coimbatore,Tamil Nadu,535,Duplex,2,2,2023,Excellent,11.0175,76.9725,applicable,2.97,applicable,3.32,notApplicable,0.0,applicable,2.33,2627100
"100 Feet Rd, Velachery, Chennai","100 Feet Rd, Velachery",Chennai,Chennai,Tamil Nadu,2623,Apartment,2,3,1994,Good,12.9791,80.2209,notApplicable,0.0,applicable,3.0,applicable,4.22,applicable,0.33,13650800
"Simmakkal, Madurai",Simmakkal,Madurai,Madurai,Tamil Nadu,411,Duplex,3,3,2016,Excellent,9.921,78.1197,notApplicable,0.0,applicable,1.03,notApplicable,0.0,notApplicable,0.0,1962300
"MTP Rd, Coimbatore",MTP Rd,Coimbatore,Coimbatore,Tamil Nadu,388,Independent House,2,1,2012,Needs Renovation,11.0616,76.9366,applicable,4.47,notApplicable,0.0,applicable,7.01,applicable,0.67,1264000
"Avinashi Rd, Peelamedu, Coimbatore","Avinashi Rd, Peelamedu",Coimbatore,Coimbatore,Tamil Nadu,3254,Villa,1,1,1994,Excellent,11.0183,76.997,applicable,4.56,applicable,3.8,applicable,7.99,applicable,3.83,12655800
"NH 44, Tirunelveli, Tirunelveli","NH 44, Tirunelveli",Tirunelveli,Tirunelveli,Tamil Nadu,989,Duplex,1,2,1990,Good,8.7139,77.7567,applicable,2.98,applicable,1.89,applicable,2.7,applicable,4.99,1819500
"Simmakkal, Madurai",Simmakkal,Madurai,Madurai,Tamil Nadu,817,Villa,3,2,2019,Needs Renovation,9.921,78.1197,applicable,4.2,notApplicable,0.0,notApplicable,0.0,applicable,0.49,3225200
"Sathyamangalam Rd, Edayarpalayam, Erode","Sathyamangalam Rd, Edayarpalayam",Erode,Erode,Tamil Nadu,3919,Apartment,5,4,1996,Excellent,11.349,77.6951,notApplicable,0.0,notApplicable,0.0,applicable,5.85,notApplicable,0.0,10167100
"Dindigul Rd, Palani, Palani","Dindigul Rd, Palani",Palani,Dindigul,Tamil Nadu,1087,Apartment,3,3,1997,Excellent,10.4508,77.5148,notApplicable,0.0,applicable,0.91,notApplicable,0.0,notApplicable,0.0,4702700
"Simmakkal, Madurai",Simmakkal,Madurai,Madurai,Tamil Nadu,495,Independent House,4,4,2017,Needs Renovation,9.921,78.1197,applicable,4.05,applicable,3.95,notApplicable,0.0,applicable,1.49,1387700
"Rajapalayam Rd, Virudhunagar",Rajapalayam Rd,Virudhunagar,Virudhunagar,Tamil Nadu,1614,Villa,4,5,2009,Needs Renovation,9.4523,77.5533,applicable,5.79,applicable,5.79,applicable,8.2,notApplicable,0.0,3045400
"MTP Rd, Coimbatore",MTP Rd,Coimbatore,Coimbatore,Tamil Nadu,1053,Apartment,2,2,1997,Excellent,11.0616,76.9366,applicable,4.38,applicable,1.86,applicable,3.44,applicable,4.43,3152300
"Avinashi Rd, Peelamedu, Coimbatore","Avinashi Rd, Peelamedu",Coimbatore,Coimbatore,Tamil Nadu,1855,Duplex,5,4,1991,Excellent,11.0183,76.997,applicable,0.87,applicable,0.61,notApplicable,0.0,applicable,2.62,8834200
"100 Feet Rd, Velachery, Chennai","100 Feet Rd, Velachery",Chennai,Chennai,Tamil Nadu,1252,Apartment,5,5,1991,Needs Renovation,12.9791,80.2209,notApplicable,0.0,applicable,0.7,applicable,9.64,applicable,1.98,5475300
"Bypass Rd, Madurai",Bypass Rd,Madurai,Madurai,Tamil Nadu,1354,Duplex,3,2,2025,Needs Renovation,9.924,78.135,notApplicable,0.0,applicable,1.88,applicable,1.21,applicable,4.92,4492700
"NH 44, Tirunelveli, Tirunelveli","NH 44, Tirunelveli",Tirunelveli,Tirunelveli,Tamil Nadu,1848,Independent House,2,3,2004,Good,8.7139,77.7567,applicable,4.63,applicable,3.07,applicable,6.37,notApplicable,0.0,3992700
"Dindigul Rd, Palani, Palani","Dindigul Rd, Palani",Palani,Dindigul,Tamil Nadu,448,Apartment,4,4,1996,Excellent,10.4508,77.5148,applicable,0.36,applicable,4.74,notApplicable,0.0,applicable,0.71,1495900
"Trichy Rd, Singanallur, Coimbatore","Trichy Rd, Singanallur",Coimbatore,Coimbatore,Tamil Nadu,530,Duplex,2,2,2025,Excellent,10.9979,76.9994,notApplicable,0.0,applicable,0.82,applicable,3.15,applicable,3.63,2654300
"East Coast Rd, Thiruvanmiyur, Chennai","East Coast Rd, Thiruvanmiyur",Chennai,Chennai,Tamil Nadu,2080,Duplex,5,5,2023,Needs Renovation,12.9834,80.259,applicable,3.69,applicable,3.85,notApplicable,0.0,notApplicable,0.0,12142800
"East Coast Rd, Thiruvanmiyur, Chennai","East Coast Rd, Thiruvanmiyur",Chennai,Chennai,Tamil Nadu,913,Villa,2,2,2001,Excellent,12.9834,80.259,applicable,0.99,applicable,4.21,applicable,3.67,applicable,0.75,6834300
"Dindigul Rd, Palani, Palani","Dindigul Rd, Palani",Palani,Dindigul,Tamil Nadu,3459,Villa,1,2,2015,Good,10.4508,77.5148,notApplicable,0.0,notApplicable,0.0,applicable,9.45,applicable,3.88,14922100
"Ettayapuram Rd, Thoothukudi",Ettayapuram Rd,Thoothukudi,Thoothukudi,Tamil Nadu,2053,Villa,5,6,1998,Excellent,8.813,78.1341,notApplicable,0.0,applicable,2.14,applicable,5.33,applicable,2.75,5445100
"Sathyamangalam Rd, Edayarpalayam, Erode","Sathyamangalam Rd, Edayarpalayam",Erode,Erode,Tamil Nadu,1170,Duplex,4,3,2017,Needs Renovation,11.349,77.6951,applicable,0.25,applicable,1.46,notApplicable,0.0,notApplicable,0.0,3226100
"MTP Rd, Coimbatore",MTP Rd,Coimbatore,Coimbatore,Tamil Nadu,658,Apartment,3,3,1994,Good,11.0616,76.9366,notApplicable,0.0,applicable,1.42,notApplicable,0.0,applicable,3.38,2111700
"NH 44, Tirunelveli, Tirunelveli","NH 44, Tirunelveli",Tirunelveli,Tirunelveli,Tamil Nadu,1493,Duplex,1,1,1994,Needs Renovation,8.7139,77.7567,applicable,4.84,applicable,2.46,applicable,1.43,notApplicable,0.0,2976700
"Avinashi Rd, Peelamedu, Coimbatore","Avinashi Rd, Peelamedu",Coimbatore,Coimbatore,Tamil Nadu,415,Duplex,5,5,2004,Needs Renovation,11.0183,76.997,notApplicable,0.0,applicable,5.0,notApplicable,0.0,applicable,1.03,1600200
"Dindigul Rd, Palani, Palani","Dindigul Rd, Palani",Palani,Dindigul,Tamil Nadu,441,Independent House,1,1,2005,Needs Renovation,10.4508,77.5148,notApplicable,0.0,applicable,4.3,notApplicable,0.0,applicable,2.59,1354300
"MTP Rd, Coimbatore",MTP Rd,Coimbatore,Coimbatore,Tamil Nadu,3777,Independent House,2,2,2001,Good,11.0616,76.9366,applicable,2.54,applicable,3.58,applicable,1.85,applicable,3.84,11842600
"MTP Rd, Coimbatore",MTP Rd,Coimbatore,Coimbatore,Tamil Nadu,604,Duplex,2,3,2025,Good,11.0616,76.9366,applicable,2.15,applicable,0.39,applicable,2.42,applicable,3.69,2642400
"Simmakkal, Madurai",Simmakkal,Madurai,Madurai,Tamil Nadu,663,Independent House,5,5,1999,Good,9.921,78.1197,notApplicable,0.0,applicable,3.76,applicable,5.29,notApplicable,0.0,2122600
"Simmakkal, Madurai",Simmakkal,Madurai,Madurai,Tamil Nadu,2640,Independent House,2,3,1990,Needs Renovation,9.921,78.1197,applicable,4.61,applicable,2.37,notApplicable,0.0,applicable,4.26,6412300
"Trichy Rd, Singanallur, Coimbatore","Trichy Rd, Singanallur",Coimbatore,Coimbatore,Tamil Nadu,2030,Villa,5,5,2010,Good,10.9979,76.9994,applicable,2.93,applicable,1.63,notApplicable,0.0,notApplicable,0.0,10204400
"Rajapalayam Rd, Virudhunagar",Rajapalayam Rd,Virudhunagar,Virudhunagar,Tamil Nadu,1092,Duplex,2,1,1996,Good,9.4523,77.5533,notApplicable,0.0,applicable,2.92,notApplicable,0.0,notApplicable,0.0,2787900
"Ettayapuram Rd, Thoothukudi",Ettayapuram Rd,Thoothukudi,Thoothukudi,Tamil Nadu,664,Independent House,2,1,2024,Good,8.813,78.1341,applicable,2.18,applicable,2.06,applicable,5.4,notApplicable,0.0,1662900
"Alagarkoil Rd, Madurai",Alagarkoil Rd,Madurai,Madurai,Tamil Nadu,799,Villa,1,1,2018,Excellent,9.9677,78.1653,notApplicable,0.0,applicable,3.91,applicable,2.41,applicable,3.44,3464300
"Dindigul Rd, Palani, Palani","Dindigul Rd, Palani",Palani,Dindigul,Tamil Nadu,3790,Independent House,1,2,1992,Needs Renovation,10.4508,77.5148,notApplicable,0.0,applicable,2.41,applicable,5.3,applicable,1.67,9889000
"MTP Rd, Coimbatore",MTP Rd,Coimbatore,Coimbatore,Tamil Nadu,1945,Duplex,3,3,2024,Excellent,11.0616,76.9366,applicable,1.17,applicable,5.51,applicable,8.01,notApplicable,0.0,9235400
"East Coast Rd, Thiruvanmiyur, Chennai","East Coast Rd, Thiruvanmiyur",Chennai,Chennai,Tamil Nadu,473,Duplex,4,5,2010,Excellent,12.9834,80.259,notApplicable,0.0,applicable,5.19,notApplicable,0.0,applicable,2.06,3344000
"Simmakkal, Madurai",Simmakkal,Madurai,Madurai,Tamil Nadu,2137,Apartment,4,4,2024,Needs Renovation,9.921,78.1197,applicable,3.46,notApplicable,0.0,notApplicable,0.0,applicable,4.12,5514700
"Dindigul Rd, Palani, Palani","Dindigul Rd, Palani",Palani,Dindigul,Tamil Nadu,595,Duplex,4,3,2012,Good,10.4508,77.5148,applicable,5.11,notApplicable,0.0,applicable,8.05,applicable,4.33,1975600
"East Coast Rd, Thiruvanmiyur, Chennai","East Coast Rd, Thiruvanmiyur",Chennai,Chennai,Tamil Nadu,779,Villa,1,2,1990,Excellent,12.9834,80.259,applicable,2.19,applicable,2.5,applicable,9.45,applicable,0.5,5240800
"Avinashi Rd, Peelamedu, Coimbatore","Avinashi Rd, Peelamedu",Coimbatore,Coimbatore,Tamil Nadu,1869,Villa,1,1,1992,Excellent,11.0183,76.997,notApplicable,0.0,applicable,1.61,notApplicable,0.0,applicable,3.07,9734500
"Simmakkal, Madurai",Simmakkal,Madurai,Madurai,Tamil Nadu,1580,Apartment,4,4,1993,Needs Renovation,9.921,78.1197,applicable,2.14,applicable,5.64,notApplicable,0.0,applicable,4.11,3054600
"100 Feet Rd, Velachery, Chennai","100 Feet Rd, Velachery",Chennai,Chennai,Tamil Nadu,1120,Apartment,2,1,2016,Needs Renovation,12.9791,80.2209,applicable,5.86,applicable,1.84,applicable,8.0,applicable,2.82,4257400
"Rajapalayam Rd, Virudhunagar",Rajapalayam Rd,Virudhunagar,Virudhunagar,Tamil Nadu,858,Villa,2,3,2014,Excellent,9.4523,77.5533,notApplicable,0.0,applicable,2.59,applicable,0.57,applicable,1.67,2902500
"Gandhipuram Cross Cut, Coimbatore",Gandhipuram Cross Cut,Coimbatore,Coimbatore,Tamil Nadu,2684,Villa,5,5,2001,Needs Renovation,11.0175,76.9725,notApplicable,0.0,applicable,0.3,notApplicable,0.0,applicable,0.2,12275500
"Bypass Rd, Madurai",Bypass Rd,Madurai,Madurai,Tamil Nadu,1530,Villa,1,2,1996,Needs Renovation,9.924,78.135,notApplicable,0.0,applicable,5.27,applicable,1.59,applicable,2.88,4153200
"Alagarkoil Rd, Madurai",Alagarkoil Rd,Madurai,Madurai,Tamil Nadu,2802,Villa,5,5,2009,Excellent,9.9677,78.1653,applicable,0.63,applicable,5.26,applicable,1.53,applicable,2.69,12256400
"Simmakkal, Madurai",Simmakkal,Madurai,Madurai,Tamil Nadu,370,Apartment,4,3,2025,Excellent,9.921,78.1197,applicable,2.71,applicable,2.89,applicable,8.67,applicable,1.65,1044000
"Bypass Rd, Madurai",Bypass Rd,Madurai,Madurai,Tamil Nadu,2124,Independent House,3,2,2018,Good,9.924,78.135,notApplicable,0.0,applicable,3.55,notApplicable,0.0,notApplicable,0.0,8726900
"Ettayapuram Rd, Thoothukudi",Ettayapuram Rd,Thoothukudi,Thoothukudi,Tamil Nadu,1735,Apartment,3,3,2010,Needs Renovation,8.813,78.1341,applicable,1.14,applicable,4.73,applicable,9.9,applicable,3.92,2744700
"Ettayapuram Rd, Thoothukudi",Ettayapuram Rd,Thoothukudi,Thoothukudi,Tamil Nadu,705,Villa,2,2,1996,Good,8.813,78.1341,applicable,3.61,notApplicable,0.0,applicable,7.33,applicable,1.71,1683100
"Avinashi Rd, Peelamedu, Coimbatore","Avinashi Rd, Peelamedu",Coimbatore,Coimbatore,Tamil Nadu,2807,Apartment,5,4,2005,Needs Renovation,11.0183,76.997,applicable,1.47,applicable,1.55,notApplicable,0.0,applicable,0.58,9121200
"Bypass Rd, Madurai",Bypass Rd,Madurai,Madurai,Tamil Nadu,608,Duplex,2,1,1994,Good,9.924,78.135,notApplicable,0.0,applicable,2.59,applicable,2.16,notApplicable,0.0,1962200
"Simmakkal, Madurai",Simmakkal,Madurai,Madurai,Tamil Nadu,499,Duplex,1,1,2002,Excellent,9.921,78.1197,notApplicable,0.0,applicable,4.62,notApplicable,0.0,notApplicable,0.0,2003400
"Bypass Rd, Madurai",Bypass Rd,Madurai,Madurai,Tamil Nadu,2908,Independent House,3,2,2011,Needs Renovation,9.924,78.135,applicable,3.73,applicable,3.55,notApplicable,0.0,applicable,3.54,7662300
"East Coast Rd, Thiruvanmiyur, Chennai","East Coast Rd, Thiruvanmiyur",Chennai,Chennai,Tamil Nadu,407,Duplex,4,3,1995,Needs Renovation,12.9834,80.259,notApplicable,0.0,applicable,5.78,notApplicable,0.0,applicable,0.67,2317900
"36Q3+3V9, 15th Main Rd, Bharathi Colony, Kathiravan Colony, Anna Nagar, Chennai, Tamil Nadu 600040, India",,,,,1400,Independent House,0,0,0,,13.0875,80.2047,notApplicable,0.0,notApplicable,0.0,notApplicable,0.0,notApplicable,0.0,-1910152326
"36Q3+3V9, 15th Main Rd, Bharathi Colony, Kathiravan Colony, Anna Nagar, Chennai, Tamil Nadu 600040, India",,,,,1400,Independent House,2,0,0,,13.0875,80.2047,notApplicable,0.0,notApplicable,0.0,notApplicable,0.0,notApplicable,0.0,-1917907298
"36Q3+3V9, 15th Main Rd, Bharathi Colony, Kathiravan Colony, Anna Nagar, Chennai, Tamil Nadu 600040, India",,,,,1400,Independent House,2,2,0,,13.0875,80.2047,notApplicable,0.0,notApplicable,0.0,notApplicable,0.0,notApplicable,0.0,-1911296809
"36Q3+3V9, 15th Main Rd, Bharathi Colony, Kathiravan Colony, Anna Nagar, Chennai, Tamil Nadu 600040, India",,,,,1400,Independent House,2,2,2020,,13.0875,80.2047,notApplicable,0.0,notApplicable,0.0,notApplicable,0.0,notApplicable,0.0,12613435
"36Q3+3V9, 15th Main Rd, Bharathi Colony, Kathiravan Colony, Anna Nagar, Chennai, Tamil Nadu 600040, India",,,,,1400,Independent House,2,2,2020,Good,13.0875,80.2047,notApplicable,0.0,notApplicable,0.0,notApplicable,0.0,notApplicable,0.0,12613435
"36Q3+3V9, 15th Main Rd, Bharathi Colony, Kathiravan Colony, Anna Nagar, Chennai, Tamil Nadu 600040, India",,,,,1400,Independent House,2,2,2020,Good,13.0875,80.2047,applicable,0.0,notApplicable,0.0,notApplicable,0.0,notApplicable,0.0,16908062
"36Q3+3V9, 15th Main Rd, Bharathi Colony, Kathiravan Colony, Anna Nagar, Chennai, Tamil Nadu 600040, India",,,,,1400,Independent House,2,2,2020,Good,13.0875,80.2047,applicable,1.0,notApplicable,0.0,notApplicable,0.0,notApplicable,0.0,16237322
"36Q3+3V9, 15th Main Rd, Bharathi Colony, Kathiravan Colony, Anna Nagar, Chennai, Tamil Nadu 600040, India",,,,,1400,Independent House,2,2,2020,Good,13.0875,80.2047,applicable,1.0,applicable,0.0,notApplicable,0.0,notApplicable,0.0,20531950
"36Q3+3V9, 15th Main Rd, Bharathi Colony, Kathiravan Colony, Anna Nagar, Chennai, Tamil Nadu 600040, India",,,,,1400,Independent House,2,2,2020,Good,13.0875,80.2047,applicable,1.0,applicable,1.0,notApplicable,0.0,notApplicable,0.0,20791531
"36Q3+3V9, 15th Main Rd, Bharathi Colony, Kathiravan Colony, Anna Nagar, Chennai, Tamil Nadu 600040, India",,,,,1400,Independent House,2,2,2020,Good,13.0875,80.2047,applicable,1.0,applicable,1.0,applicable,0.0,notApplicable,0.0,20791531
"36Q3+3V9, 15th Main Rd, Bharathi Colony, Kathiravan Colony, Anna Nagar, Chennai, Tamil Nadu 600040, India",,,,,1400,Independent House,2,2,2020,Good,13.0875,80.2047,applicable,2.0,applicable,1.0,applicable,0.0,notApplicable,0.0,20120791
"36Q3+3V9, 15th Main Rd, Bharathi Colony, Kathiravan Colony, Anna Nagar, Chennai, Tamil Nadu 600040, India",,,,,1400,Independent House,2,2,2020,Good,13.0875,80.2047,applicable,2.0,applicable,1.0,applicable,34.0,notApplicable,0.0,30711704
"36Q3+3V9, 15th Main Rd, Bharathi Colony, Kathiravan Colony, Anna Nagar, Chennai, Tamil Nadu 600040, India",,,,,1400,Independent House,2,2,2020,Good,13.0875,80.2047,applicable,2.0,applicable,1.0,applicable,33.9,notApplicable,0.0,30680555
"36Q3+3V9, 15th Main Rd, Bharathi Colony, Kathiravan Colony, Anna Nagar, Chennai, Tamil Nadu 600040, India",,,,,1400,Independent House,2,2,2020,Good,13.0875,80.2047,applicable,2.0,applicable,1.0,applicable,33.9,applicable,0.0,34975182
"36Q3+3V9, 15th Main Rd, Bharathi Colony, Kathiravan Colony, Anna Nagar, Chennai, Tamil Nadu 600040, India",,,,,1400,Independent House,2,2,2020,Good,13.0875,80.2047,applicable,2.0,applicable,1.0,applicable,33.9,applicable,0.9,33729646
"36Q3+3V9, 15th Main Rd, Bharathi Colony, Kathiravan Colony, Anna Nagar, Chennai, Tamil Nadu 600040, India",,,,,1400,Independent House,2,2,2020,Good,13.0875,80.2047,applicable,2.0,applicable,1.0,applicable,33.9,applicable,0.9,33729646
"HMFG+X7M, Krishnan Kovil, Tamil Nadu 626126, India",,,,,10759320,Villa,0,0,0,,9.5750827204571,77.67575233964033,notApplicable,0.0,notApplicable,0.0,notApplicable,0.0,notApplicable,0.0,16138980000
"HMFG+X7M, Krishnan Kovil, Tamil Nadu 626126, India",,,,,10759320,Villa,4,0,0,,9.5750827204571,77.67575233964033,notApplicable,0.0,notApplicable,0.0,notApplicable,0.0,notApplicable,0.0,16138980000
"HMFG+X7M, Krishnan Kovil, Tamil Nadu 626126, India",,,,,10759320,Villa,4,5,0,,9.5750827204571,77.67575233964033,notApplicable,0.0,notApplicable,0.0,notApplicable,0.0,notApplicable,0.0,16138980000
"HMFG+X7M, Krishnan Kovil, Tamil Nadu 626126, India",,,,,10759320,Villa,4,5,1999,,9.5750827204571,77.67575233964033,notApplicable,0.0,notApplicable,0.0,notApplicable,0.0,notApplicable,0.0,16138980000
"HMFG+X7M, Krishnan Kovil, Tamil Nadu 626126, India",,,,,10759320,Villa,4,5,1999,Good,9.5750827204571,77.67575233964033,notApplicable,0.0,notApplicable,0.0,notApplicable,0.0,notApplicable,0.0,16138980000
"HMFG+X7M, Krishnan Kovil, Tamil Nadu 626126, India",,,,,10759320,Villa,4,5,1999,Good,9.5750827204571,77.67575233964033,applicable,0.0,notApplicable,0.0,notApplicable,0.0,notApplicable,0.0,16138980000
"HMFG+X7M, Krishnan Kovil, Tamil Nadu 626126, India",,,,,10759320,Villa,4,5,1999,Good,9.5750827204571,77.67575233964033,applicable,2.0,notApplicable,0.0,notApplicable,0.0,notApplicable,0.0,16138980000
"HMFG+X7M, Krishnan Kovil, Tamil Nadu 626126, India",,,,,10759320,Villa,4,5,1999,Good,9.5750827204571,77.67575233964033,applicable,2.0,applicable,0.0,notApplicable,0.0,notApplicable,0.0,16138980000
"HMFG+X7M, Krishnan Kovil, Tamil Nadu 626126, India",,,,,10759320,Villa,4,5,1999,Good,9.5750827204571,77.67575233964033,applicable,2.0,applicable,2.9,notApplicable,0.0,notApplicable,0.0,16138980000
"HMFG+X7M, Krishnan Kovil, Tamil Nadu 626126, India",,,,,10759320,Villa,4,5,1999,Good,9.5750827204571,77.67575233964033,applicable,2.0,applicable,2.9,applicable,0.0,notApplicable,0.0,16138980000
"HMFG+X7M, Krishnan Kovil, Tamil Nadu 626126, India",,,,,10759320,Villa,4,5,1999,Good,9.5750827204571,77.67575233964033,applicable,2.0,applicable,2.9,applicable,15.0,notApplicable,0.0,16138980000
"HMFG+X7M, Krishnan Kovil, Tamil Nadu 626126, India",,,,,10759320,Villa,4,5,1999,Good,9.5750827204571,77.67575233964033,applicable,2.0,applicable,2.9,applicable,15.0,applicable,0.0,16138980000
"HMFG+X7M, Krishnan Kovil, Tamil Nadu 626126, India",,,,,10759320,Villa,4,5,1999,Good,9.5750827204571,77.67575233964033,applicable,2.0,applicable,2.9,applicable,15.0,applicable,2.0,16138980000
"HMFG+X7M, Krishnan Kovil, Tamil Nadu 626126, India",,,,,10759320,Villa,4,5,1999,Good,9.5750827204571,77.67575233964033,applicable,2.0,applicable,2.9,applicable,15.0,applicable,2.0,16138980000
"HMGG+47H, Krishnan Kovil, Tamil Nadu 626126, India",,,,,10759320,Villa,0,0,1999,,9.5752561,77.6758905,notApplicable,0.0,notApplicable,0.0,notApplicable,0.0,notApplicable,0.0,16138980000
"HMGG+47H, Krishnan Kovil, Tamil Nadu 626126, India",,,,,10759320,Villa,3,0,1999,,9.5752561,77.6758905,notApplicable,0.0,notApplicable,0.0,notApplicable,0.0,notApplicable,0.0,16138980000
"HMGG+47H, Krishnan Kovil, Tamil Nadu 626126, India",,,,,10759320,Villa,3,4,1999,,9.5752561,77.6758905,notApplicable,0.0,notApplicable,0.0,notApplicable,0.0,notApplicable,0.0,16138980000
"HMGG+47H, Krishnan Kovil, Tamil Nadu 626126, India",,,,,10759320,Villa,3,4,1999,Good,9.5752561,77.6758905,notApplicable,0.0,notApplicable,0.0,notApplicable,0.0,notApplicable,0.0,16138980000
"HMGG+47H, Krishnan Kovil, Tamil Nadu 626126, India",,,,,10759320,Villa,3,4,1999,Good,9.5752561,77.6758905,applicable,0.0,notApplicable,0.0,notApplicable,0.0,notApplicable,0.0,16138980000
"HMGG+47H, Krishnan Kovil, Tamil Nadu 626126, India",,,,,10759320,Villa,3,4,1999,Good,9.5752561,77.6758905,applicable,2.0,notApplicable,0.0,notApplicable,0.0,notApplicable,0.0,16138980000
"HMGG+47H, Krishnan Kovil, Tamil Nadu 626126, India",,,,,10759320,Villa,3,4,1999,Good,9.5752561,77.6758905,applicable,2.0,applicable,0.0,notApplicable,0.0,notApplicable,0.0,16138980000
"HMGG+47H, Krishnan Kovil, Tamil Nadu 626126, India",,,,,10759320,Villa,3,4,1999,Good,9.5752561,77.6758905,applicable,2.0,applicable,2.0,notApplicable,0.0,notApplicable,0.0,16138980000
"HMGG+47H, Krishnan Kovil, Tamil Nadu 626126, India",,,,,10759320,Villa,3,4,1999,Good,9.5752561,77.6758905,applicable,2.0,applicable,2.0,applicable,0.0,notApplicable,0.0,16138980000
"HMGG+47H, Krishnan Kovil, Tamil Nadu 626126, India",,,,,10759320,Villa,3,4,1999,Good,9.5752561,77.6758905,applicable,2.0,applicable,2.0,applicable,3.0,notApplicable,0.0,16138980000
"HMGG+47H, Krishnan Kovil, Tamil Nadu 626126, India",,,,,10759320,Villa,3,4,1999,Good,9.5752561,77.6758905,applicable,2.0,applicable,2.0,applicable,3.0,applicable,0.0,16138980000
"HMGG+47H, Krishnan Kovil, Tamil Nadu 626126, India",,,,,10759320,Villa,3,4,1999,Good,9.5752561,77.6758905,applicable,2.0,applicable,2.0,applicable,3.0,applicable,0.8,16138980000
"HMGG+47H, Krishnan Kovil, Tamil Nadu 626126, India",,,,,10759320,Villa,3,4,1999,Good,9.5752561,77.6758905,applicable,2.0,applicable,2.0,applicable,3.0,applicable,0.8,16138980000
"438H+XC4, Main Rd, Sekkadu, Avadi, Tamil Nadu 600072, India",,,,,1420,Independent House,0,0,0,,13.1175,80.0786,notApplicable,0.0,notApplicable,0.0,notApplicable,0.0,notApplicable,0.0,2130000
"438H+XC4, Main Rd, Sekkadu, Avadi, Tamil Nadu 600072, India",,,,,1420,Independent House,1,0,0,,13.1175,80.0786,notApplicable,0.0,notApplicable,0.0,notApplicable,0.0,notApplicable,0.0,2130000
"438H+XC4, Main Rd, Sekkadu, Avadi, Tamil Nadu 600072, India",,,,,1420,Independent House,2,0,0,,13.1175,80.0786,notApplicable,0.0,notApplicable,0.0,notApplicable,0.0,notApplicable,0.0,2130000
"438H+XC4, Main Rd, Sekkadu, Avadi, Tamil Nadu 600072, India",,,,,1420,Independent House,2,2,0,,13.1175,80.0786,notApplicable,0.0,notApplicable,0.0,notApplicable,0.0,notApplicable,0.0,2130000
"438H+XC4, Main Rd, Sekkadu, Avadi, Tamil Nadu 600072, India",,,,,1420,Independent House,2,2,2000,,13.1175,80.0786,notApplicable,0.0,notApplicable,0.0,notApplicable,0.0,notApplicable,0.0,2130000
"438H+XC4, Main Rd, Sekkadu, Avadi, Tamil Nadu 600072, India",,,,,1420,Independent House,2,2,2000,Good,13.1175,80.0786,notApplicable,0.0,notApplicable,0.0,notApplicable,0.0,notApplicable,0.0,2130000
"438H+XC4, Main Rd, Sekkadu, Avadi, Tamil Nadu 600072, India",,,,,1420,Independent House,2,2,2000,Good,13.1175,80.0786,applicable,0.0,notApplicable,0.0,notApplicable,0.0,notApplicable,0.0,2130000
"438H+XC4, Main Rd, Sekkadu, Avadi, Tamil Nadu 600072, India",,,,,1420,Independent House,2,2,2000,Good,13.1175,80.0786,applicable,2.0,notApplicable,0.0,notApplicable,0.0,notApplicable,0.0,2130000
"438H+XC4, Main Rd, Sekkadu, Avadi, Tamil Nadu 600072, India",,,,,1420,Independent House,2,2,2000,Good,13.1175,80.0786,applicable,2.0,applicable,0.0,notApplicable,0.0,notApplicable,0.0,2130000
"438H+XC4, Main Rd, Sekkadu, Avadi, Tamil Nadu 600072, India",,,,,1420,Independent House,2,2,2000,Good,13.1175,80.0786,applicable,2.0,applicable,2.0,notApplicable,0.0,notApplicable,0.0,2130000
"438H+XC4, Main Rd, Sekkadu, Avadi, Tamil Nadu 600072, India",,,,,1420,Independent House,2,2,2000,Good,13.1175,80.0786,applicable,2.0,applicable,2.0,applicable,0.0,notApplicable,0.0,2130000
"438H+XC4, Main Rd, Sekkadu, Avadi, Tamil Nadu 600072, India",,,,,1420,Independent House,2,2,2000,Good,13.1175,80.0786,applicable,2.0,applicable,2.0,applicable,1.0,notApplicable,0.0,2130000
"438H+XC4, Main Rd, Sekkadu, Avadi, Tamil Nadu 600072, India",,,,,1420,Independent House,2,2,2000,Good,13.1175,80.0786,applicable,2.0,applicable,2.0,applicable,10.0,notApplicable,0.0,4497014
"438H+XC4, Main Rd, Sekkadu, Avadi, Tamil Nadu 600072, India",,,,,1420,Independent House,2,2,2000,Good,13.1175,80.0786,applicable,2.0,applicable,2.0,applicable,10.0,applicable,0.0,8791641
"438H+XC4, Main Rd, Sekkadu, Avadi, Tamil Nadu 600072, India",,,,,1420,Independent House,2,2,2000,Good,13.1175,80.0786,applicable,2.0,applicable,2.0,applicable,10.0,applicable,0.9,7546105
"438H+XC4, Main Rd, Sekkadu, Avadi, Tamil Nadu 600072, India",,,,,1420,Independent House,2,2,2000,Good,13.1175,80.0786,applicable,2.0,applicable,2.0,applicable,10.0,applicable,0.9,7546105
"HMFG+X7M, Krishnan Kovil, Tamil Nadu 626126, India",,,,,4302,Independent House,0,0,0,,9.574956088138386,77.67549434102143,notApplicable,0.0,notApplicable,0.0,notApplicable,0.0,notApplicable,0.0,6453000
"HMFG+X7M, Krishnan Kovil, Tamil Nadu 626126, India",,,,,4302,Independent House,2,0,0,,9.574956088138386,77.67549434102143,notApplicable,0.0,notApplicable,0.0,notApplicable,0.0,notApplicable,0.0,6453000
"HMFG+X7M, Krishnan Kovil, Tamil Nadu 626126, India",,,,,4302,Independent House,2,2,0,,9.574956088138386,77.67549434102143,notApplicable,0.0,notApplicable,0.0,notApplicable,0.0,notApplicable,0.0,6453000
"HMFG+X7M, Krishnan Kovil, Tamil Nadu 626126, India",,,,,4302,Independent House,2,2,2012,,9.574956088138386,77.67549434102143,notApplicable,0.0,notApplicable,0.0,notApplicable,0.0,notApplicable,0.0,8974621
"HMFG+X7M, Krishnan Kovil, Tamil Nadu 626126, India",,,,,4302,Independent House,2,2,2012,Good,9.574956088138386,77.67549434102143,notApplicable,0.0,notApplicable,0.0,notApplicable,0.0,notApplicable,0.0,8974621
"HMFG+X7M, Krishnan Kovil, Tamil Nadu 626126, India",,,,,4302,Independent House,2,2,2012,Good,9.574956088138386,77.67549434102143,applicable,0.0,notApplicable,0.0,notApplicable,0.0,notApplicable,0.0,13269248
"HMFG+X7M, Krishnan Kovil, Tamil Nadu 626126, India",,,,,4302,Independent House,2,2,2012,Good,9.574956088138386,77.67549434102143,applicable,2.0,notApplicable,0.0,notApplicable,0.0,notApplicable,0.0,11927769
"HMFG+X7M, Krishnan Kovil, Tamil Nadu 626126, India",,,,,4302,Independent House,2,2,2012,Good,9.574956088138386,77.67549434102143,applicable,2.0,applicable,0.0,notApplicable,0.0,notApplicable,0.0,16222396
"HMFG+X7M, Krishnan Kovil, Tamil Nadu 626126, India",,,,,4302,Independent House,2,2,2012,Good,9.574956088138386,77.67549434102143,applicable,2.0,applicable,2.9,notApplicable,0.0,notApplicable,0.0,16975182
"HMFG+X7M, Krishnan Kovil, Tamil Nadu 626126, India",,,,,4302,Independent House,2,2,2012,Good,9.574956088138386,77.67549434102143,applicable,2.0,applicable,2.9,applicable,0.0,notApplicable,0.0,16975182
"HMFG+X7M, Krishnan Kovil, Tamil Nadu 626126, India",,,,,4302,Independent House,2,2,2012,Good,9.574956088138386,77.67549434102143,applicable,2.0,applicable,2.9,applicable,10.0,notApplicable,0.0,20090156
"HMFG+X7M, Krishnan Kovil, Tamil Nadu 626126, India",,,,,4302,Independent House,2,2,2012,Good,9.574956088138386,77.67549434102143,applicable,2.0,applicable,2.9,applicable,9.7,notApplicable,0.0,19996707
"HMFG+X7M, Krishnan Kovil, Tamil Nadu 626126, India",,,,,4302,Independent House,2,2,2012,Good,9.574956088138386,77.67549434102143,applicable,2.0,applicable,2.9,applicable,9.7,applicable,0.0,24291334
"HMFG+X7M, Krishnan Kovil, Tamil Nadu 626126, India",,,,,4302,Independent House,2,2,2012,Good,9.574956088138386,77.67549434102143,applicable,2.0,applicable,2.9,applicable,9.7,applicable,0.8,23184191
"HMFG+X7M, Krishnan Kovil, Tamil Nadu 626126, India",,,,,4302,Independent House,2,2,2012,Good,9.574956088138386,77.67549434102143,applicable,2.0,applicable,2.9,applicable,9.7,applicable,0.8,23184191
"HMFG+X7M, Krishnan Kovil, Tamil Nadu 626126, India",,,,,10759320,Apartment,0,0,0,,9.575100959644647,77.67572779459054,notApplicable,0.0,notApplicable,0.0,notApplicable,0.0,notApplicable,0.0,16138980000
"HMFG+X7M, Krishnan Kovil, Tamil Nadu 626126, India",,,,,10759320,Apartment,3,0,0,,9.575100959644647,77.67572779459054,notApplicable,0.0,notApplicable,0.0,notApplicable,0.0,notApplicable,0.0,16138980000
"HMFG+X7M, Krishnan Kovil, Tamil Nadu 626126, India",,,,,10759320,Apartment,3,3,0,,9.575100959644647,77.67572779459054,notApplicable,0.0,notApplicable,0.0,notApplicable,0.0,notApplicable,0.0,16138980000
"HMFG+X7M, Krishnan Kovil, Tamil Nadu 626126, India",,,,,10759320,Apartment,3,3,2013,,9.575100959644647,77.67572779459054,notApplicable,0.0,notApplicable,0.0,notApplicable,0.0,notApplicable,0.0,16138980000
"HMFG+X7M, Krishnan Kovil, Tamil Nadu 626126, India",,,,,10759320,Apartment,3,3,2013,Excellent,9.575100959644647,77.67572779459054,notApplicable,0.0,notApplicable,0.0,notApplicable,0.0,notApplicable,0.0,16138980000
"HMFG+X7M, Krishnan Kovil, Tamil Nadu 626126, India",,,,,10759320,Apartment,3,3,2013,Excellent,9.575100959644647,77.67572779459054,applicable,0.0,notApplicable,0.0,notApplicable,0.0,notApplicable,0.0,16138980000
"HMFG+X7M, Krishnan Kovil, Tamil Nadu 626126, India",,,,,10759320,Apartment,3,3,2013,Excellent,9.575100959644647,77.67572779459054,applicable,2.0,notApplicable,0.0,notApplicable,0.0,notApplicable,0.0,16138980000
"HMFG+X7M, Krishnan Kovil, Tamil Nadu 626126, India",,,,,10759320,Apartment,3,3,2013,Excellent,9.575100959644647,77.67572779459054,applicable,2.0,applicable,0.0,notApplicable,0.0,notApplicable,0.0,16138980000
"HMFG+X7M, Krishnan Kovil, Tamil Nadu 626126, India",,,,,10759320,Apartment,3,3,2013,Excellent,9.575100959644647,77.67572779459054,applicable,2.0,applicable,1.0,notApplicable,0.0,notApplicable,0.0,16138980000
"HMFG+X7M, Krishnan Kovil, Tamil Nadu 626126, India",,,,,10759320,Apartment,3,3,2013,Excellent,9.575100959644647,77.67572779459054,applicable,2.0,applicable,1.0,notApplicable,0.0,applicable,0.0,16138980000
"HMFG+X7M, Krishnan Kovil, Tamil Nadu 626126, India",,,,,10759320,Apartment,3,3,2013,Excellent,9.575100959644647,77.67572779459054,applicable,2.0,applicable,1.0,notApplicable,0.0,applicable,2.0,16138980000
"HMFG+X7M, Krishnan Kovil, Tamil Nadu 626126, India",,,,,10759320,Apartment,3,3,2013,Excellent,9.575100959644647,77.67572779459054,applicable,2.0,applicable,1.0,notApplicable,0.0,applicable,2.0,16138980000
"8CWF+4WJ Sivagiri, Tamil Nadu",,,,,2000,Independent House,0,0,0,,9.3453375,77.4247656,notApplicable,0.0,notApplicable,0.0,notApplicable,0.0,notApplicable,0.0,3000000
"8CWF+4WJ Sivagiri, Tamil Nadu",,,,,2000,Independent House,2,0,0,,9.3453375,77.4247656,notApplicable,0.0,notApplicable,0.0,notApplicable,0.0,notApplicable,0.0,3000000
"8CWF+4WJ Sivagiri, Tamil Nadu",,,,,2000,Independent House,2,3,0,,9.3453375,77.4247656,notApplicable,0.0,notApplicable,0.0,notApplicable,0.0,notApplicable,0.0,3000000
"8CWF+4WJ Sivagiri, Tamil Nadu",,,,,2000,Independent House,2,3,20,,9.3453375,77.4247656,notApplicable,0.0,notApplicable,0.0,notApplicable,0.0,notApplicable,0.0,3000000
"8CWF+4WJ Sivagiri, Tamil Nadu",,,,,2000,Independent House,2,3,2034,,9.3453375,77.4247656,notApplicable,0.0,notApplicable,0.0,notApplicable,0.0,notApplicable,0.0,30517220
"8CWF+4WJ Sivagiri, Tamil Nadu",,,,,2000,Independent House,2,3,20,,9.3453375,77.4247656,notApplicable,0.0,notApplicable,0.0,notApplicable,0.0,notApplicable,0.0,3000000
"8CWF+4WJ Sivagiri, Tamil Nadu",,,,,2000,Independent House,2,3,2025,,9.3453375,77.4247656,notApplicable,0.0,notApplicable,0.0,notApplicable,0.0,notApplicable,0.0,21945343
"8CWF+4WJ Sivagiri, Tamil Nadu",,,,,2000,Independent House,2,3,2025,Good,9.3453375,77.4247656,notApplicable,0.0,notApplicable,0.0,notApplicable,0.0,notApplicable,0.0,21945343
"8CWF+4WJ Sivagiri, Tamil Nadu",,,,,2000,Independent House,2,3,2025,Good,9.3453375,77.4247656,applicable,0.0,notApplicable,0.0,notApplicable,0.0,notApplicable,0.0,26239970
"8CWF+4WJ Sivagiri, Tamil Nadu",,,,,2000,Independent House,2,3,2025,Good,9.3453375,77.4247656,applicable,5.0,notApplicable,0.0,notApplicable,0.0,notApplicable,0.0,22886272
"8CWF+4WJ Sivagiri, Tamil Nadu",,,,,2000,Independent House,2,3,2025,Good,9.3453375,77.4247656,applicable,5.0,applicable,0.0,notApplicable,0.0,notApplicable,0.0,27180900
"8CWF+4WJ Sivagiri, Tamil Nadu",,,,,2000,Independent House,2,3,2025,Good,9.3453375,77.4247656,applicable,5.0,applicable,6.0,notApplicable,0.0,notApplicable,0.0,28738387
"8CWF+4WJ Sivagiri, Tamil Nadu",,,,,2000,Independent House,2,3,2025,Good,9.3453375,77.4247656,applicable,5.0,applicable,6.0,applicable,0.0,notApplicable,0.0,28738387
"8CWF+4WJ Sivagiri, Tamil Nadu",,,,,2000,Independent House,2,3,2025,Good,9.3453375,77.4247656,applicable,5.0,applicable,6.0,applicable,6.9,notApplicable,0.0,30887719
"8CWF+4WJ Sivagiri, Tamil Nadu",,,,,2000,Independent House,2,3,2025,Good,9.3453375,77.4247656,applicable,5.0,applicable,6.0,applicable,6.9,applicable,0.0,35182346
"8CWF+4WJ Sivagiri, Tamil Nadu",,,,,2000,Independent House,2,3,2025,Good,9.3453375,77.4247656,applicable,5.0,applicable,6.0,applicable,6.9,applicable,1.0,33798417
"HMFG+X7M, Krishnan Kovil, Tamil Nadu 626126, India",,,,,65340000,Independent House,0,0,0,,9.57591291883928,77.68382239908256,notApplicable,0.0,notApplicable,0.0,notApplicable,0.0,notApplicable,0.0,98010000000
"HMFG+X7M, Krishnan Kovil, Tamil Nadu 626126, India",,,,,65340000,Independent House,4,0,0,,9.57591291883928,77.68382239908256,notApplicable,0.0,notApplicable,0.0,notApplicable,0.0,notApplicable,0.0,98010000000
"HMFG+X7M, Krishnan Kovil, Tamil Nadu 626126, India",,,,,65340000,Independent House,4,1,0,,9.57591291883928,77.68382239908256,notApplicable,0.0,notApplicable,0.0,notApplicable,0.0,notApplicable,0.0,98010000000
"HMFG+X7M, Krishnan Kovil, Tamil Nadu 626126, India",,,,,65340000,Independent House,4,1,2,,9.57591291883928,77.68382239908256,notApplicable,0.0,notApplicable,0.0,notApplicable,0.0,notApplicable,0.0,98010000000
"HMFG+X7M, Krishnan Kovil, Tamil Nadu 626126, India",,,,,65340000,Independent House,4,1,2014,,9.57591291883928,77.68382239908256,notApplicable,0.0,notApplicable,0.0,notApplicable,0.0,notApplicable,0.0,98010000000
"HMFG+X7M, Krishnan Kovil, Tamil Nadu 626126, India",,,,,65340000,Independent House,4,1,2014,Good,9.57591291883928,77.68382239908256,notApplicable,0.0,notApplicable,0.0,notApplicable,0.0,notApplicable,0.0,98010000000
"HMFG+X7M, Krishnan Kovil, Tamil Nadu 626126, India",,,,,65340000,Independent House,4,1,2014,Good,9.57591291883928,77.68382239908256,applicable,0.0,notApplicable,0.0,notApplicable,0.0,notApplicable,0.0,98010000000
"HMFG+X7M, Krishnan Kovil, Tamil Nadu 626126, India",,,,,65340000,Independent House,4,1,2014,Good,9.57591291883928,77.68382239908256,applicable,7.0,notApplicable,0.0,notApplicable,0.0,notApplicable,0.0,98010000000
"HMFG+X7M, Krishnan Kovil, Tamil Nadu 626126, India",,,,,65340000,Independent House,4,1,2014,Good,9.57591291883928,77.68382239908256,applicable,7.0,applicable,0.0,notApplicable,0.0,notApplicable,0.0,98010000000
"HMFG+X7M, Krishnan Kovil, Tamil Nadu 626126, India",,,,,65340000,Independent House,4,1,2014,Good,9.57591291883928,77.68382239908256,applicable,7.0,applicable,3.0,notApplicable,0.0,notApplicable,0.0,98010000000
"HMFG+X7M, Krishnan Kovil, Tamil Nadu 626126, India",,,,,65340000,Independent House,4,1,2014,Good,9.57591291883928,77.68382239908256,applicable,7.0,applicable,3.0,applicable,0.0,notApplicable,0.0,98010000000
"HMFG+X7M, Krishnan Kovil, Tamil Nadu 626126, India",,,,,65340000,Independent House,4,1,2014,Good,9.57591291883928,77.68382239908256,applicable,7.0,applicable,3.0,applicable,5.0,notApplicable,0.0,98010000000
"HMFG+X7M, Krishnan Kovil, Tamil Nadu 626126, India",,,,,65340000,Independent House,4,1,2014,Good,9.57591291883928,77.68382239908256,applicable,7.0,applicable,3.0,applicable,5.0,applicable,0.0,98010000000
"HMFG+X7M, Krishnan Kovil, Tamil Nadu 626126, India",,,,,65340000,Independent House,4,1,2014,Good,9.57591291883928,77.68382239908256,applicable,7.0,applicable,3.0,applicable,5.0,applicable,1.0,98010000000
"HMFG+X7M, Krishnan Kovil, Tamil Nadu 626126, India",,,,,65340000,Independent House,4,1,2014,Good,9.57591291883928,77.68382239908256,applicable,7.0,applicable,3.0,applicable,5.0,applicable,0.9,98010000000
"HMFG+X7M, Krishnan Kovil, Tamil Nadu 626126, India",,,,,65340000,Independent House,4,1,2014,Good,9.57591291883928,77.68382239908256,applicable,7.0,applicable,3.0,applicable,5.0,applicable,0.9,98010000000
"HMFG+X7M, Krishnan Kovil, Tamil Nadu 626126, India",,,,,65340000,Independent House,4,1,2014,Good,9.575912918839279,77.68382239908256,applicable,7.0,applicable,3.0,applicable,5.0,applicable,0.9,98010000000
