Street,City,District,State,SALE_YEAR,area,zoning,latitude,longitude,waterApplicable,waterDistance,roadApplicable,roadDistance,schoolApplicable,schoolDistance,railwayApplicable,railwayDistance,busApplicable,busDistance,price
Gandhipuram Cross Cut,Coimbatore,Coimbatore,Tamil Nadu,2021,0.1138,Agricultural,11.0175,76.9725,applicable,3.46,applicable,4.35,applicable,4.27,applicable,2.63,applicable,2.81,146100
Simmakkal,Madurai,Madurai,Tamil Nadu,2022,0.7332,Agricultural,9.921,78.1197,applicable,0.45,applicable,2.86,applicable,0.92,applicable,5.55,applicable,0.66,1217400
Gandhipuram Cross Cut,Coimbatore,Coimbatore,Tamil Nadu,2023,0.5687,Conservation,11.0175,76.9725,notApplicable,0.0,notApplicable,0.0,notApplicable,0.0,applicable,5.04,applicable,1.14,749700
Gandhipuram Cross Cut,Coimbatore,Coimbatore,Tamil Nadu,2021,2.9804,Commercial,11.0175,76.9725,applicable,4.66,notApplicable,0.0,notApplicable,0.0,applicable,0.52,applicable,4.97,30568900
Bypass Rd,Madurai,Madurai,Tamil Nadu,2021,3.8881,Commercial,9.924,78.135,applicable,3.46,notApplicable,0.0,applicable,1.72,applicable,3.59,applicable,5.41,28520000
"Avinashi Rd, Peelamedu",Coimbatore,Coimbatore,Tamil Nadu,2025,0.4145,Residential,11.0183,76.997,notApplicable,0.0,applicable,3.27,applicable,5.83,applicable,5.19,notApplicable,0.0,2414500
MTP Rd,Coimbatore,Coimbatore,Tamil Nadu,2025,0.419,Agricultural,11.0616,76.9366,applicable,1.24,notApplicable,0.0,notApplicable,0.0,applicable,5.49,applicable,5.25,830700
Gandhipuram Cross Cut,Coimbatore,Coimbatore,Tamil Nadu,2025,0.0378,Conservation,11.0175,76.9725,applicable,4.88,applicable,1.59,applicable,1.6,applicable,3.49,notApplicable,0.0,41500
MTP Rd,Coimbatore,Coimbatore,Tamil Nadu,2021,0.3364,Industrial,11.0616,76.9366,applicable,4.43,notApplicable,0.0,applicable,1.37,applicable,2.01,applicable,5.97,2199400
"Sathyamangalam Rd, Edayarpalayam",Erode,Erode,Tamil Nadu,2024,0.2286,Conservation,11.349,77.6951,applicable,0.38,applicable,2.12,notApplicable,0.0,applicable,3.18,applicable,1.82,211600
"NH 44, Tirunelveli",Tirunelveli,Tirunelveli,Tamil Nadu,2025,0.0907,Residential,8.7139,77.7567,applicable,4.11,applicable,5.91,applicable,0.77,applicable,2.54,notApplicable,0.0,391900
Simmakkal,Madurai,Madurai,Tamil Nadu,2022,3.1009,Agricultural,9.921,78.1197,applicable,0.49,notApplicable,0.0,applicable,6.0,notApplicable,0.0,applicable,5.05,5297300
Ettayapuram Rd,Thoothukudi,Thoothukudi,Tamil Nadu,2022,0.3185,Residential,8.813,78.1341,applicable,2.65,notApplicable,0.0,applicable,5.75,notApplicable,0.0,applicable,5.97,1276400
MTP Rd,Coimbatore,Coimbatore,Tamil Nadu,2022,0.0366,Industrial,11.0616,76.9366,notApplicable,0.0,applicable,1.11,applicable,5.77,notApplicable,0.0,notApplicable,0.0,318200
"100 Feet Rd, Velachery",Chennai,Chennai,Tamil Nadu,2025,0.4516,Agricultural,12.9791,80.2209,applicable,2.03,applicable,1.71,applicable,4.08,notApplicable,0.0,applicable,2.02,1099200
"100 Feet Rd, Velachery",Chennai,Chennai,Tamil Nadu,2024,0.0543,Commercial,12.9791,80.2209,applicable,5.3,applicable,2.34,applicable,1.11,notApplicable,0.0,notApplicable,0.0,812200
MTP Rd,Coimbatore,Coimbatore,Tamil Nadu,2025,1.2934,Commercial,11.0616,76.9366,notApplicable,0.0,applicable,4.51,notApplicable,0.0,applicable,1.1,notApplicable,0.0,16695000
"Avinashi Rd, Peelamedu",Coimbatore,Coimbatore,Tamil Nadu,2022,0.1062,Commercial,11.0183,76.997,applicable,3.9,applicable,1.72,applicable,4.5,applicable,3.4,notApplicable,0.0,927400
"Dindigul Rd, Palani",Palani,Dindigul,Tamil Nadu,2021,0.7236,Agricultural,10.4508,77.5148,applicable,4.82,applicable,5.19,applicable,5.41,applicable,1.42,notApplicable,0.0,1180700
"East Coast Rd, Thiruvanmiyur",Chennai,Chennai,Tamil Nadu,2025,0.2922,Commercial,12.9834,80.259,notApplicable,0.0,notApplicable,0.0,notApplicable,0.0,notApplicable,0.0,applicable,4.47,4933900
Bypass Rd,Madurai,Madurai,Tamil Nadu,2023,2.2323,Residential,9.924,78.135,applicable,1.52,notApplicable,0.0,applicable,0.34,applicable,1.32,notApplicable,0.0,15115400
Simmakkal,Madurai,Madurai,Tamil Nadu,2023,1.5193,Agricultural,9.921,78.1197,notApplicable,0.0,applicable,1.74,notApplicable,0.0,applicable,0.83,notApplicable,0.0,3278400
MTP Rd,Coimbatore,Coimbatore,Tamil Nadu,2024,1.0778,Commercial,11.0616,76.9366,applicable,5.65,applicable,4.47,applicable,1.34,notApplicable,0.0,applicable,2.7,10616900
Alagarkoil Rd,Madurai,Madurai,Tamil Nadu,2023,5.0427,Conservation,9.9677,78.1653,applicable,2.4,applicable,4.54,applicable,1.21,applicable,3.5,applicable,2.56,4168000
"Trichy Rd, Singanallur",Coimbatore,Coimbatore,Tamil Nadu,2022,4.7899,Commercial,10.9979,76.9994,applicable,4.02,applicable,1.85,notApplicable,0.0,notApplicable,0.0,notApplicable,0.0,55643900
Rajapalayam Rd,Virudhunagar,Virudhunagar,Tamil Nadu,2021,0.4129,Commercial,9.4523,77.5533,applicable,2.84,applicable,5.34,notApplicable,0.0,notApplicable,0.0,notApplicable,0.0,2984500
MTP Rd,Coimbatore,Coimbatore,Tamil Nadu,2024,0.066,Industrial,11.0616,76.9366,notApplicable,0.0,applicable,3.43,notApplicable,0.0,notApplicable,0.0,applicable,5.52,539500
"100 Feet Rd, Velachery",Chennai,Chennai,Tamil Nadu,2025,7.3486,Industrial,12.9791,80.2209,notApplicable,0.0,applicable,1.7,notApplicable,0.0,notApplicable,0.0,applicable,1.63,94773800
Ettayapuram Rd,Thoothukudi,Thoothukudi,Tamil Nadu,2024,0.6162,Conservation,8.813,78.1341,applicable,1.09,notApplicable,0.0,applicable,1.44,applicable,2.61,applicable,2.12,533300
"Dindigul Rd, Palani",Palani,Dindigul,Tamil Nadu,2024,2.1172,Residential,10.4508,77.5148,applicable,5.05,notApplicable,0.0,applicable,3.32,applicable,4.46,notApplicable,0.0,67869300
"Sathyamangalam Rd, Edayarpalayam",Erode,Erode,Tamil Nadu,2023,6.0749,Residential,11.349,77.6951,notApplicable,0.0,notApplicable,0.0,notApplicable,0.0,notApplicable,0.0,applicable,5.46,34594300
Gandhipuram Cross Cut,Coimbatore,Coimbatore,Tamil Nadu,2021,2.3017,Agricultural,11.0175,76.9725,applicable,5.72,applicable,2.65,applicable,5.04,notApplicable,0.0,applicable,2.93,3386000
"Dindigul Rd, Palani",Palani,Dindigul,Tamil Nadu,2022,0.4234,Commercial,10.4508,77.5148,applicable,3.47,applicable,1.46,applicable,4.26,applicable,4.65,applicable,1.17,13568500
"East Coast Rd, Thiruvanmiyur",Chennai,Chennai,Tamil Nadu,2023,6.0641,Residential,12.9834,80.259,applicable,0.79,applicable,4.68,applicable,5.13,notApplicable,0.0,applicable,3.68,42756000
Rajapalayam Rd,Virudhunagar,Virudhunagar,Tamil Nadu,2023,0.0846,Agricultural,9.4523,77.5533,notApplicable,0.0,notApplicable,0.0,applicable,5.01,notApplicable,0.0,applicable,4.3,114300
MTP Rd,Coimbatore,Coimbatore,Tamil Nadu,2023,1.662,Conservation,11.0616,76.9366,applicable,4.55,applicable,3.51,notApplicable,0.0,applicable,4.08,applicable,2.15,1592900
Alagarkoil Rd,Madurai,Madurai,Tamil Nadu,2024,1.0105,Residential,9.9677,78.1653,applicable,3.42,applicable,1.59,applicable,2.96,applicable,4.33,applicable,2.8,4184000
"Trichy Rd, Singanallur",Coimbatore,Coimbatore,Tamil Nadu,2024,1.3723,Residential,10.9979,76.9994,applicable,1.66,applicable,0.9,applicable,1.32,notApplicable,0.0,applicable,0.89,10468800
Ettayapuram Rd,Thoothukudi,Thoothukudi,Tamil Nadu,2022,1.5869,Residential,8.813,78.1341,notApplicable,0.0,notApplicable,0.0,applicable,4.31,applicable,0.93,applicable,0.46,7956300
"Trichy Rd, Singanallur",Coimbatore,Coimbatore,Tamil Nadu,2024,0.9265,Residential,10.9979,76.9994,applicable,2.52,applicable,0.63,notApplicable,0.0,applicable,3.85,notApplicable,0.0,6219300
"100 Feet Rd, Velachery",Chennai,Chennai,Tamil Nadu,2023,0.2369,Conservation,12.9791,80.2209,notApplicable,0.0,applicable,2.69,notApplicable,0.0,applicable,3.5,applicable,0.55,379000
"East Coast Rd, Thiruvanmiyur",Chennai,Chennai,Tamil Nadu,2022,0.1784,Residential,12.9834,80.259,applicable,4.3,applicable,4.28,applicable,2.83,applicable,4.19,applicable,5.56,964500
Gandhipuram Cross Cut,Coimbatore,Coimbatore,Tamil Nadu,2022,0.3406,Conservation,11.0175,76.9725,applicable,1.87,applicable,0.92,applicable,4.19,notApplicable,0.0,applicable,4.26,364800
"NH 44, Tirunelveli",Tirunelveli,Tirunelveli,Tamil Nadu,2024,1.8341,Conservation,8.7139,77.7567,applicable,0.32,applicable,4.64,notApplicable,0.0,notApplicable,0.0,applicable,4.96,1664700
Ettayapuram Rd,Thoothukudi,Thoothukudi,Tamil Nadu,2024,7.9817,Residential,8.813,78.1341,applicable,4.09,applicable,5.17,applicable,2.11,applicable,4.22,applicable,1.87,29081400
Simmakkal,Madurai,Madurai,Tamil Nadu,2021,7.8211,Conservation,9.921,78.1197,notApplicable,0.0,notApplicable,0.0,applicable,0.51,notApplicable,0.0,applicable,3.21,8893600
"Sathyamangalam Rd, Edayarpalayam",Erode,Erode,Tamil Nadu,2021,4.6287,Industrial,11.349,77.6951,applicable,3.39,notApplicable,0.0,notApplicable,0.0,applicable,3.4,applicable,0.74,25944300
"East Coast Rd, Thiruvanmiyur",Chennai,Chennai,Tamil Nadu,2021,1.899,Industrial,12.9834,80.259,applicable,1.31,applicable,3.68,applicable,4.53,applicable,0.99,applicable,0.6,16947000
Simmakkal,Madurai,Madurai,Tamil Nadu,2023,1.7308,Industrial,9.921,78.1197,notApplicable,0.0,applicable,3.01,notApplicable,0.0,notApplicable,0.0,applicable,2.13,13126300
Bypass Rd,Madurai,Madurai,Tamil Nadu,2023,4.2978,Industrial,9.924,78.135,applicable,4.05,applicable,4.96,notApplicable,0.0,notApplicable,0.0,applicable,5.89,26585100
"Dindigul Rd, Palani",Palani,Dindigul,Tamil Nadu,2025,0.1451,Residential,10.4508,77.5148,applicable,1.1,applicable,2.92,notApplicable,0.0,applicable,5.82,applicable,2.16,4465700
Simmakkal,Madurai,Madurai,Tamil Nadu,2025,0.0632,Commercial,9.921,78.1197,applicable,0.72,applicable,5.87,notApplicable,0.0,applicable,4.61,applicable,4.28,541800
"100 Feet Rd, Velachery",Chennai,Chennai,Tamil Nadu,2021,0.4287,Commercial,12.9791,80.2209,applicable,3.74,applicable,2.42,notApplicable,0.0,applicable,4.16,applicable,3.09,4480300
"Avinashi Rd, Peelamedu",Coimbatore,Coimbatore,Tamil Nadu,2023,1.8484,Industrial,11.0183,76.997,applicable,3.91,applicable,2.66,applicable,1.65,applicable,5.1,applicable,1.36,11703200
"Sathyamangalam Rd, Edayarpalayam",Erode,Erode,Tamil Nadu,2022,0.0634,Agricultural,11.349,77.6951,notApplicable,0.0,applicable,4.52,applicable,0.48,notApplicable,0.0,applicable,3.72,94500
"Trichy Rd, Singanallur",Coimbatore,Coimbatore,Tamil Nadu,2025,0.2267,Residential,10.9979,76.9994,applicable,3.56,notApplicable,0.0,notApplicable,0.0,applicable,4.45,applicable,0.72,1500800
MTP Rd,Coimbatore,Coimbatore,Tamil Nadu,2022,1.8147,Industrial,11.0616,76.9366,notApplicable,0.0,applicable,4.53,notApplicable,0.0,applicable,2.16,notApplicable,0.0,14909900
"East Coast Rd, Thiruvanmiyur",Chennai,Chennai,Tamil Nadu,2022,1.9699,Residential,12.9834,80.259,applicable,4.54,applicable,1.72,applicable,2.41,applicable,3.9,applicable,2.35,12154600
"Sathyamangalam Rd, Edayarpalayam",Erode,Erode,Tamil Nadu,2025,0.1338,Agricultural,11.349,77.6951,applicable,0.46,applicable,0.42,notApplicable,0.0,notApplicable,0.0,applicable,5.98,243100
"Avinashi Rd, Peelamedu",Coimbatore,Coimbatore,Tamil Nadu,2022,6.1789,Conservation,11.0183,76.997,applicable,3.77,applicable,5.65,notApplicable,0.0,notApplicable,0.0,notApplicable,0.0,7279800
MTP Rd,Coimbatore,Coimbatore,Tamil Nadu,2022,1.7832,Commercial,11.0616,76.9366,applicable,0.91,notApplicable,0.0,applicable,5.12,applicable,2.84,applicable,4.04,16183000
Rajapalayam Rd,Virudhunagar,Virudhunagar,Tamil Nadu,2021,0.1202,Agricultural,9.4523,77.5533,notApplicable,0.0,applicable,4.69,applicable,4.77,notApplicable,0.0,applicable,3.66,135500
"100 Feet Rd, Velachery",Chennai,Chennai,Tamil Nadu,2025,0.0451,Residential,12.9791,80.2209,applicable,0.94,applicable,2.64,applicable,0.86,applicable,0.57,applicable,2.8,385300
Rajapalayam Rd,Virudhunagar,Virudhunagar,Tamil Nadu,2024,0.565,Agricultural,9.4523,77.5533,applicable,4.18,notApplicable,0.0,applicable,3.04,applicable,5.48,applicable,0.63,657000
Rajapalayam Rd,Virudhunagar,Virudhunagar,Tamil Nadu,2021,6.2729,Residential,9.4523,77.5533,notApplicable,0.0,applicable,4.27,applicable,5.15,notApplicable,0.0,applicable,3.98,22986900
MTP Rd,Coimbatore,Coimbatore,Tamil Nadu,2024,4.721,Residential,11.0616,76.9366,notApplicable,0.0,applicable,4.18,applicable,2.95,applicable,0.73,notApplicable,0.0,30806700
Bypass Rd,Madurai,Madurai,Tamil Nadu,2023,1.3797,Agricultural,9.924,78.135,applicable,5.51,applicable,0.5,notApplicable,0.0,notApplicable,0.0,applicable,1.87,2592100
"East Coast Rd, Thiruvanmiyur",Chennai,Chennai,Tamil Nadu,2025,0.8364,Conservation,12.9834,80.259,applicable,4.65,applicable,3.81,applicable,4.11,applicable,3.43,applicable,3.73,903900
MTP Rd,Coimbatore,Coimbatore,Tamil Nadu,2021,0.0353,Commercial,11.0616,76.9366,applicable,5.84,applicable,0.73,notApplicable,0.0,applicable,3.28,notApplicable,0.0,364900
"Sathyamangalam Rd, Edayarpalayam",Erode,Erode,Tamil Nadu,2022,0.0618,Commercial,11.349,77.6951,notApplicable,0.0,applicable,2.77,notApplicable,0.0,applicable,2.66,applicable,3.72,455300
"Avinashi Rd, Peelamedu",Coimbatore,Coimbatore,Tamil Nadu,2021,1.5173,Conservation,11.0183,76.997,applicable,1.43,applicable,1.0,applicable,1.68,applicable,2.1,applicable,0.24,1821200
"100 Feet Rd, Velachery",Chennai,Chennai,Tamil Nadu,2024,1.3381,Residential,12.9791,80.2209,applicable,5.2,notApplicable,0.0,applicable,3.54,applicable,3.53,notApplicable,0.0,9988300
Bypass Rd,Madurai,Madurai,Tamil Nadu,2021,7.6857,Commercial,9.924,78.135,notApplicable,0.0,notApplicable,0.0,applicable,3.62,notApplicable,0.0,applicable,3.24,69877900
"Trichy Rd, Singanallur",Coimbatore,Coimbatore,Tamil Nadu,2022,0.2088,Commercial,10.9979,76.9994,notApplicable,0.0,applicable,1.57,notApplicable,0.0,notApplicable,0.0,notApplicable,0.0,2814500
"Avinashi Rd, Peelamedu",Coimbatore,Coimbatore,Tamil Nadu,2025,7.7078,Residential,11.0183,76.997,applicable,3.93,applicable,5.92,applicable,2.07,notApplicable,0.0,notApplicable,0.0,50717000
Alagarkoil Rd,Madurai,Madurai,Tamil Nadu,2024,0.0196,Residential,9.9677,78.1653,applicable,1.87,applicable,3.94,applicable,5.87,applicable,0.72,applicable,3.65,91200
Rajapalayam Rd,Virudhunagar,Virudhunagar,Tamil Nadu,2021,3.9292,Conservation,9.4523,77.5533,applicable,5.9,notApplicable,0.0,applicable,0.69,notApplicable,0.0,notApplicable,0.0,3420700
"Dindigul Rd, Palani",Palani,Dindigul,Tamil Nadu,2024,1.4147,Residential,10.4508,77.5148,applicable,2.14,applicable,2.11,notApplicable,0.0,applicable,3.44,applicable,2.44,44925200
Rajapalayam Rd,Virudhunagar,Virudhunagar,Tamil Nadu,2023,3.8614,Residential,9.4523,77.5533,applicable,2.11,applicable,0.94,applicable,4.28,notApplicable,0.0,applicable,5.69,15608400
"NH 44, Tirunelveli",Tirunelveli,Tirunelveli,Tamil Nadu,2024,0.9633,Agricultural,8.7139,77.7567,notApplicable,0.0,applicable,5.1,applicable,0.79,applicable,4.67,applicable,5.04,1252200
"Dindigul Rd, Palani",Palani,Dindigul,Tamil Nadu,2025,0.2819,Commercial,10.4508,77.5148,notApplicable,0.0,applicable,3.74,applicable,4.56,notApplicable,0.0,notApplicable,0.0,8531600
"Avinashi Rd, Peelamedu",Coimbatore,Coimbatore,Tamil Nadu,2024,5.4225,Commercial,11.0183,76.997,applicable,4.94,applicable,4.85,applicable,1.0,notApplicable,0.0,notApplicable,0.0,59415000
Gandhipuram Cross Cut,Coimbatore,Coimbatore,Tamil Nadu,2023,1.7688,Industrial,11.0175,76.9725,applicable,0.73,applicable,5.48,applicable,4.94,notApplicable,0.0,notApplicable,0.0,14300700
"Dindigul Rd, Palani",Palani,Dindigul,Tamil Nadu,2021,0.2809,Industrial,10.4508,77.5148,applicable,1.0,notApplicable,0.0,notApplicable,0.0,notApplicable,0.0,notApplicable,0.0,2830800
Simmakkal,Madurai,Madurai,Tamil Nadu,2022,0.1162,Industrial,9.921,78.1197,applicable,0.84,notApplicable,0.0,applicable,1.87,notApplicable,0.0,applicable,1.95,867300
Bypass Rd,Madurai,Madurai,Tamil Nadu,2024,0.4428,Conservation,9.924,78.135,notApplicable,0.0,applicable,1.29,applicable,4.08,applicable,3.24,applicable,2.29,429900
"NH 44, Tirunelveli",Tirunelveli,Tirunelveli,Tamil Nadu,2025,1.2052,Conservation,8.7139,77.7567,applicable,3.84,applicable,4.67,notApplicable,0.0,applicable,4.46,notApplicable,0.0,955300
"Dindigul Rd, Palani",Palani,Dindigul,Tamil Nadu,2025,6.1081,Commercial,10.4508,77.5148,applicable,1.9,notApplicable,0.0,applicable,0.45,notApplicable,0.0,applicable,1.36,210660000
"NH 44, Tirunelveli",Tirunelveli,Tirunelveli,Tamil Nadu,2025,0.0763,Industrial,8.7139,77.7567,notApplicable,0.0,applicable,4.51,applicable,5.39,applicable,2.44,notApplicable,0.0,435800
"Sathyamangalam Rd, Edayarpalayam",Erode,Erode,Tamil Nadu,2023,0.1394,Industrial,11.349,77.6951,applicable,2.1,notApplicable,0.0,applicable,1.91,applicable,2.79,applicable,4.36,709100
"Sathyamangalam Rd, Edayarpalayam",Erode,Erode,Tamil Nadu,2024,1.0288,Commercial,11.349,77.6951,applicable,3.18,applicable,4.55,applicable,1.13,notApplicable,0.0,applicable,0.38,8785600
Gandhipuram Cross Cut,Coimbatore,Coimbatore,Tamil Nadu,2021,0.0277,Industrial,11.0175,76.9725,applicable,3.53,applicable,3.27,notApplicable,0.0,applicable,2.51,notApplicable,0.0,189000
"Avinashi Rd, Peelamedu",Coimbatore,Coimbatore,Tamil Nadu,2021,1.0805,Agricultural,11.0183,76.997,notApplicable,0.0,applicable,5.99,applicable,1.36,notApplicable,0.0,applicable,0.99,2196700
"100 Feet Rd, Velachery",Chennai,Chennai,Tamil Nadu,2021,0.1235,Industrial,12.9791,80.2209,applicable,4.26,applicable,1.21,applicable,2.3,applicable,1.5,notApplicable,0.0,1136800
Ettayapuram Rd,Thoothukudi,Thoothukudi,Tamil Nadu,2022,0.1592,Residential,8.813,78.1341,applicable,3.25,applicable,4.66,applicable,4.98,notApplicable,0.0,notApplicable,0.0,631000
Alagarkoil Rd,Madurai,Madurai,Tamil Nadu,2024,0.3311,Agricultural,9.9677,78.1653,notApplicable,0.0,applicable,3.2,applicable,1.96,notApplicable,0.0,notApplicable,0.0,633300
MTP Rd,Coimbatore,Coimbatore,Tamil Nadu,2023,0.3316,Residential,11.0616,76.9366,applicable,3.11,applicable,1.18,applicable,5.66,applicable,1.09,applicable,4.02,1762300
Rajapalayam Rd,Virudhunagar,Virudhunagar,Tamil Nadu,2025,0.6218,Commercial,9.4523,77.5533,applicable,3.84,applicable,1.88,applicable,5.75,notApplicable,0.0,applicable,3.0,4072000
Gandhipuram Cross Cut,Coimbatore,Coimbatore,Tamil Nadu,2023,4.4937,Industrial,11.0175,76.9725,applicable,5.19,applicable,5.86,applicable,0.96,notApplicable,0.0,notApplicable,0.0,35211300
"NH 44, Tirunelveli",Tirunelveli,Tirunelveli,Tamil Nadu,2023,0.0438,Agricultural,8.7139,77.7567,applicable,1.13,applicable,2.1,notApplicable,0.0,applicable,3.55,notApplicable,0.0,64300
Ettayapuram Rd,Thoothukudi,Thoothukudi,Tamil Nadu,2024,0.1494,Residential,8.813,78.1341,notApplicable,0.0,applicable,0.49,notApplicable,0.0,applicable,3.07,applicable,5.32,731300
"Sathyamangalam Rd, Edayarpalayam",Erode,Erode,Tamil Nadu,2025,0.7009,Commercial,11.349,77.6951,notApplicable,0.0,applicable,3.41,applicable,0.63,notApplicable,0.0,applicable,3.12,6316500
"Trichy Rd, Singanallur",Coimbatore,Coimbatore,Tamil Nadu,2025,1.0909,Conservation,10.9979,76.9994,applicable,0.43,applicable,0.43,applicable,4.34,notApplicable,0.0,applicable,4.86,1396500
"100 Feet Rd, Velachery",Chennai,Chennai,Tamil Nadu,2025,0.9778,Conservation,12.9791,80.2209,applicable,2.95,applicable,0.3,applicable,2.12,applicable,0.84,applicable,2.62,1451600
MTP Rd,Coimbatore,Coimbatore,Tamil Nadu,2025,0.4885,Agricultural,11.0616,76.9366,notApplicable,0.0,applicable,5.08,applicable,1.06,notApplicable,0.0,applicable,4.15,976900
MTP Rd,Coimbatore,Coimbatore,Tamil Nadu,2022,6.143,Agricultural,11.0616,76.9366,applicable,4.29,applicable,3.21,applicable,3.45,notApplicable,0.0,notApplicable,0.0,10593000
"Sathyamangalam Rd, Edayarpalayam",Erode,Erode,Tamil Nadu,2024,1.8682,Conservation,11.349,77.6951,applicable,3.01,notApplicable,0.0,notApplicable,0.0,notApplicable,0.0,applicable,5.75,1723100
"Trichy Rd, Singanallur",Coimbatore,Coimbatore,Tamil Nadu,2023,4.934,Residential,10.9979,76.9994,applicable,4.12,notApplicable,0.0,notApplicable,0.0,applicable,2.4,applicable,5.88,28982900
Ettayapuram Rd,Thoothukudi,Thoothukudi,Tamil Nadu,2023,0.6185,Residential,8.813,78.1341,notApplicable,0.0,applicable,1.78,notApplicable,0.0,applicable,0.83,applicable,4.5,3044100
"Dindigul Rd, Palani",Palani,Dindigul,Tamil Nadu,2022,0.0993,Conservation,10.4508,77.5148,applicable,3.99,applicable,5.31,notApplicable,0.0,notApplicable,0.0,applicable,2.96,106400
Ettayapuram Rd,Thoothukudi,Thoothukudi,Tamil Nadu,2023,0.1707,Commercial,8.813,78.1341,applicable,5.32,applicable,1.22,notApplicable,0.0,notApplicable,0.0,applicable,5.53,1337100
Bypass Rd,Madurai,Madurai,Tamil Nadu,2022,0.1411,Industrial,9.924,78.135,applicable,3.92,applicable,3.24,notApplicable,0.0,applicable,5.36,applicable,0.98,821700
"Trichy Rd, Singanallur",Coimbatore,Coimbatore,Tamil Nadu,2021,0.0563,Residential,10.9979,76.9994,notApplicable,0.0,applicable,5.17,applicable,5.4,notApplicable,0.0,applicable,5.0,303400
"East Coast Rd, Thiruvanmiyur",Chennai,Chennai,Tamil Nadu,2021,0.9854,Industrial,12.9834,80.259,applicable,3.52,applicable,1.72,applicable,2.29,applicable,1.57,applicable,4.07,7612200
"100 Feet Rd, Velachery",Chennai,Chennai,Tamil Nadu,2025,1.6548,Industrial,12.9791,80.2209,applicable,5.94,applicable,2.37,notApplicable,0.0,applicable,4.27,applicable,5.49,14386500
Ettayapuram Rd,Thoothukudi,Thoothukudi,Tamil Nadu,2022,1.6811,Residential,8.813,78.1341,applicable,3.52,applicable,1.07,applicable,2.1,notApplicable,0.0,applicable,3.22,6768800
"Avinashi Rd, Peelamedu",Coimbatore,Coimbatore,Tamil Nadu,2024,4.7206,Conservation,11.0183,76.997,applicable,2.5,applicable,4.94,applicable,4.53,notApplicable,0.0,notApplicable,0.0,5292400
"Dindigul Rd, Palani",Palani,Dindigul,Tamil Nadu,2023,7.3653,Industrial,10.4508,77.5148,applicable,3.95,applicable,2.64,notApplicable,0.0,notApplicable,0.0,notApplicable,0.0,64681100
Bypass Rd,Madurai,Madurai,Tamil Nadu,2024,1.4927,Industrial,9.924,78.135,applicable,5.04,notApplicable,0.0,applicable,4.59,applicable,5.88,notApplicable,0.0,9301600
MTP Rd,Coimbatore,Coimbatore,Tamil Nadu,2024,0.8713,Conservation,11.0616,76.9366,applicable,3.77,notApplicable,0.0,notApplicable,0.0,applicable,5.63,applicable,5.36,914100
"East Coast Rd, Thiruvanmiyur",Chennai,Chennai,Tamil Nadu,2025,0.0147,Agricultural,12.9834,80.259,applicable,3.12,applicable,1.88,applicable,4.93,notApplicable,0.0,applicable,4.44,31800
Rajapalayam Rd,Virudhunagar,Virudhunagar,Tamil Nadu,2022,1.4903,Commercial,9.4523,77.5533,applicable,4.14,applicable,3.42,applicable,0.47,notApplicable,0.0,applicable,2.2,9940800
Bypass Rd,Madurai,Madurai,Tamil Nadu,2023,3.1033,Conservation,9.924,78.135,applicable,0.53,applicable,2.59,notApplicable,0.0,applicable,2.62,applicable,3.27,2977200
"Trichy Rd, Singanallur",Coimbatore,Coimbatore,Tamil Nadu,2023,0.4728,Residential,10.9979,76.9994,applicable,4.87,applicable,3.61,notApplicable,0.0,applicable,4.09,applicable,1.46,2522000
Alagarkoil Rd,Madurai,Madurai,Tamil Nadu,2021,6.4813,Commercial,9.9677,78.1653,notApplicable,0.0,applicable,2.07,notApplicable,0.0,applicable,1.84,applicable,2.9,58948600
"Trichy Rd, Singanallur",Coimbatore,Coimbatore,Tamil Nadu,2023,7.8879,Commercial,10.9979,76.9994,notApplicable,0.0,applicable,5.21,applicable,4.5,applicable,0.29,applicable,3.41,76780500
MTP Rd,Coimbatore,Coimbatore,Tamil Nadu,2023,7.0002,Industrial,11.0616,76.9366,applicable,4.4,notApplicable,0.0,applicable,4.49,notApplicable,0.0,applicable,2.87,49100500
Alagarkoil Rd,Madurai,Madurai,Tamil Nadu,2022,0.1108,Residential,9.9677,78.1653,applicable,0.24,notApplicable,0.0,applicable,1.0,notApplicable,0.0,applicable,3.86,684300
"100 Feet Rd, Velachery",Chennai,Chennai,Tamil Nadu,2022,6.0005,Agricultural,12.9791,80.2209,applicable,4.39,applicable,3.31,applicable,1.86,applicable,3.11,applicable,4.25,10473500
"100 Feet Rd, Velachery",Chennai,Chennai,Tamil Nadu,2021,1.4297,Agricultural,12.9791,80.2209,applicable,5.94,applicable,1.51,applicable,4.17,applicable,5.12,applicable,3.99,2472800
Ettayapuram Rd,Thoothukudi,Thoothukudi,Tamil Nadu,2021,0.282,Agricultural,8.813,78.1341,applicable,5.85,notApplicable,0.0,notApplicable,0.0,applicable,5.39,notApplicable,0.0,381400
"Avinashi Rd, Peelamedu",Coimbatore,Coimbatore,Tamil Nadu,2025,0.0766,Residential,11.0183,76.997,applicable,4.96,notApplicable,0.0,applicable,4.96,applicable,5.59,applicable,1.94,419400
Rajapalayam Rd,Virudhunagar,Virudhunagar,Tamil Nadu,2025,0.0564,Industrial,9.4523,77.5533,applicable,2.18,notApplicable,0.0,applicable,4.66,applicable,5.74,notApplicable,0.0,290900
Ettayapuram Rd,Thoothukudi,Thoothukudi,Tamil Nadu,2021,3.3688,Commercial,8.813,78.1341,applicable,4.83,applicable,4.34,notApplicable,0.0,applicable,0.68,applicable,1.09,24209200
Gandhipuram Cross Cut,Coimbatore,Coimbatore,Tamil Nadu,2024,0.5078,Residential,11.0175,76.9725,notApplicable,0.0,applicable,3.17,applicable,0.8,applicable,0.72,applicable,3.41,3325300
Ettayapuram Rd,Thoothukudi,Thoothukudi,Tamil Nadu,2024,0.2948,Commercial,8.813,78.1341,applicable,3.06,applicable,0.57,applicable,2.72,applicable,2.64,applicable,3.01,1831800
"Trichy Rd, Singanallur",Coimbatore,Coimbatore,Tamil Nadu,2024,3.8279,Residential,10.9979,76.9994,applicable,4.93,applicable,5.19,notApplicable,0.0,applicable,5.85,applicable,0.99,21552800
MTP Rd,Coimbatore,Coimbatore,Tamil Nadu,2024,3.7487,Residential,11.0616,76.9366,notApplicable,0.0,applicable,2.32,applicable,5.61,applicable,1.36,notApplicable,0.0,25797000
"100 Feet Rd, Velachery",Chennai,Chennai,Tamil Nadu,2021,1.5626,Conservation,12.9791,80.2209,notApplicable,0.0,applicable,1.01,notApplicable,0.0,notApplicable,0.0,applicable,1.96,2723700
"100 Feet Rd, Velachery",Chennai,Chennai,Tamil Nadu,2024,4.4048,Industrial,12.9791,80.2209,applicable,3.9,applicable,0.69,applicable,4.66,notApplicable,0.0,applicable,4.01,39763500
Gandhipuram Cross Cut,Coimbatore,Coimbatore,Tamil Nadu,2021,1.4701,Conservation,11.0175,76.9725,notApplicable,0.0,applicable,3.21,applicable,3.57,applicable,3.54,applicable,2.79,1281900
Ettayapuram Rd,Thoothukudi,Thoothukudi,Tamil Nadu,2025,0.0311,Conservation,8.813,78.1341,applicable,1.4,notApplicable,0.0,applicable,3.0,applicable,2.96,applicable,2.74,23900
Alagarkoil Rd,Madurai,Madurai,Tamil Nadu,2023,0.0163,Agricultural,9.9677,78.1653,applicable,1.13,applicable,3.45,notApplicable,0.0,applicable,5.76,applicable,1.54,26200
"100 Feet Rd, Velachery",Chennai,Chennai,Tamil Nadu,2024,4.6975,Residential,12.9791,80.2209,applicable,0.56,applicable,0.79,applicable,5.26,notApplicable,0.0,notApplicable,0.0,44852200
Alagarkoil Rd,Madurai,Madurai,Tamil Nadu,2024,1.2342,Residential,9.9677,78.1653,applicable,3.78,applicable,4.92,applicable,4.29,applicable,1.93,notApplicable,0.0,5907800
"East Coast Rd, Thiruvanmiyur",Chennai,Chennai,Tamil Nadu,2023,6.1606,Residential,12.9834,80.259,applicable,4.22,applicable,3.94,applicable,6.0,applicable,3.42,applicable,3.04,33292000
Alagarkoil Rd,Madurai,Madurai,Tamil Nadu,2025,2.8192,Industrial,9.9677,78.1653,notApplicable,0.0,applicable,5.07,applicable,3.03,notApplicable,0.0,applicable,0.68,20242400
Ettayapuram Rd,Thoothukudi,Thoothukudi,Tamil Nadu,2023,6.6844,Residential,8.813,78.1341,applicable,2.33,applicable,4.97,applicable,0.44,notApplicable,0.0,notApplicable,0.0,33150200
"NH 44, Tirunelveli",Tirunelveli,Tirunelveli,Tamil Nadu,2024,0.0243,Residential,8.7139,77.7567,applicable,4.7,applicable,1.57,notApplicable,0.0,applicable,4.9,notApplicable,0.0,112000
Alagarkoil Rd,Madurai,Madurai,Tamil Nadu,2024,0.0332,Conservation,9.9677,78.1653,applicable,1.9,applicable,3.52,applicable,5.72,applicable,3.18,notApplicable,0.0,29800
Simmakkal,Madurai,Madurai,Tamil Nadu,2022,0.425,Agricultural,9.921,78.1197,notApplicable,0.0,applicable,5.09,applicable,2.48,applicable,1.02,applicable,3.87,637900
Bypass Rd,Madurai,Madurai,Tamil Nadu,2021,0.6396,Industrial,9.924,78.135,applicable,5.24,notApplicable,0.0,applicable,5.11,applicable,0.74,applicable,5.84,3595000
MTP Rd,Coimbatore,Coimbatore,Tamil Nadu,2021,6.9491,Commercial,11.0616,76.9366,applicable,3.01,notApplicable,0.0,applicable,2.19,notApplicable,0.0,applicable,4.16,65164200
"East Coast Rd, Thiruvanmiyur",Chennai,Chennai,Tamil Nadu,2021,2.0041,Industrial,12.9834,80.259,applicable,5.61,applicable,1.79,applicable,4.0,notApplicable,0.0,applicable,1.65,17031200
Gandhipuram Cross Cut,Coimbatore,Coimbatore,Tamil Nadu,2021,0.0655,Residential,11.0175,76.9725,notApplicable,0.0,applicable,4.14,applicable,0.25,applicable,4.23,applicable,4.94,355000
Bypass Rd,Madurai,Madurai,Tamil Nadu,2024,1.5961,Residential,9.924,78.135,applicable,3.92,applicable,4.13,applicable,0.6,notApplicable,0.0,notApplicable,0.0,9447900
Rajapalayam Rd,Virudhunagar,Virudhunagar,Tamil Nadu,2024,7.5194,Residential,9.4523,77.5533,notApplicable,0.0,applicable,2.43,applicable,5.79,notApplicable,0.0,applicable,2.02,32180200
"Trichy Rd, Singanallur",Coimbatore,Coimbatore,Tamil Nadu,2022,0.0875,Agricultural,10.9979,76.9994,notApplicable,0.0,applicable,4.54,applicable,1.91,notApplicable,0.0,applicable,0.52,183600
"Avinashi Rd, Peelamedu",Coimbatore,Coimbatore,Tamil Nadu,2024,0.0258,Industrial,11.0183,76.997,notApplicable,0.0,notApplicable,0.0,applicable,2.32,notApplicable,0.0,applicable,4.16,222900
Ettayapuram Rd,Thoothukudi,Thoothukudi,Tamil Nadu,2021,7.5355,Agricultural,8.813,78.1341,applicable,0.68,applicable,3.31,applicable,3.77,applicable,1.81,notApplicable,0.0,9471000
"NH 44, Tirunelveli",Tirunelveli,Tirunelveli,Tamil Nadu,2022,0.0851,Residential,8.7139,77.7567,applicable,5.56,applicable,0.87,notApplicable,0.0,applicable,3.75,applicable,0.52,380900
Gandhipuram Cross Cut,Coimbatore,Coimbatore,Tamil Nadu,2021,0.517,Residential,11.0175,76.9725,applicable,4.73,applicable,1.76,notApplicable,0.0,applicable,5.34,applicable,4.67,2588000
Ettayapuram Rd,Thoothukudi,Thoothukudi,Tamil Nadu,2023,5.7652,Industrial,8.813,78.1341,applicable,1.68,applicable,0.8,applicable,3.53,notApplicable,0.0,applicable,4.39,30435200
"NH 44, Tirunelveli",Tirunelveli,Tirunelveli,Tamil Nadu,2021,0.1543,Agricultural,8.7139,77.7567,applicable,4.0,notApplicable,0.0,applicable,1.5,notApplicable,0.0,notApplicable,0.0,227100
MTP Rd,Coimbatore,Coimbatore,Tamil Nadu,2023,0.1256,Commercial,11.0616,76.9366,applicable,2.9,notApplicable,0.0,notApplicable,0.0,notApplicable,0.0,applicable,1.84,1497300
Alagarkoil Rd,Madurai,Madurai,Tamil Nadu,2025,0.2791,Agricultural,9.9677,78.1653,applicable,5.42,applicable,4.61,applicable,1.62,notApplicable,0.0,applicable,0.24,493100
"Avinashi Rd, Peelamedu",Coimbatore,Coimbatore,Tamil Nadu,2023,4.0101,Conservation,11.0183,76.997,notApplicable,0.0,applicable,3.05,applicable,0.55,notApplicable,0.0,applicable,5.98,4877100
"East Coast Rd, Thiruvanmiyur",Chennai,Chennai,Tamil Nadu,2022,0.1356,Agricultural,12.9834,80.259,applicable,0.56,applicable,4.04,notApplicable,0.0,applicable,0.96,applicable,1.89,352500
Ettayapuram Rd,Thoothukudi,Thoothukudi,Tamil Nadu,2023,0.0545,Industrial,8.813,78.1341,applicable,5.79,applicable,1.4,applicable,1.99,applicable,1.74,applicable,0.9,285400
Gandhipuram Cross Cut,Coimbatore,Coimbatore,Tamil Nadu,2025,0.4426,Commercial,11.0175,76.9725,notApplicable,0.0,applicable,1.21,applicable,5.72,applicable,5.16,notApplicable,0.0,5016800
"NH 44, Tirunelveli",Tirunelveli,Tirunelveli,Tamil Nadu,2021,0.4314,Residential,8.7139,77.7567,applicable,3.58,notApplicable,0.0,applicable,1.7,notApplicable,0.0,applicable,4.91,1768500
"East Coast Rd, Thiruvanmiyur",Chennai,Chennai,Tamil Nadu,2024,0.1233,Residential,12.9834,80.259,applicable,2.49,applicable,0.37,applicable,4.16,notApplicable,0.0,notApplicable,0.0,1082700
"Avinashi Rd, Peelamedu",Coimbatore,Coimbatore,Tamil Nadu,2023,0.4592,Residential,11.0183,76.997,applicable,2.42,applicable,2.63,notApplicable,0.0,applicable,3.93,applicable,4.82,2376800
Ettayapuram Rd,Thoothukudi,Thoothukudi,Tamil Nadu,2021,5.2671,Conservation,8.813,78.1341,applicable,3.66,applicable,0.37,applicable,4.9,applicable,1.83,applicable,4.89,3488900
Alagarkoil Rd,Madurai,Madurai,Tamil Nadu,2022,0.1464,Conservation,9.9677,78.1653,notApplicable,0.0,notApplicable,0.0,applicable,5.62,notApplicable,0.0,applicable,5.95,148600
"Avinashi Rd, Peelamedu",Coimbatore,Coimbatore,Tamil Nadu,2023,1.871,Conservation,11.0183,76.997,notApplicable,0.0,applicable,5.31,applicable,3.05,applicable,1.99,notApplicable,0.0,2089600
"East Coast Rd, Thiruvanmiyur",Chennai,Chennai,Tamil Nadu,2022,0.157,Agricultural,12.9834,80.259,notApplicable,0.0,applicable,0.55,applicable,1.06,notApplicable,0.0,notApplicable,0.0,507200
"100 Feet Rd, Velachery",Chennai,Chennai,Tamil Nadu,2025,7.6515,Agricultural,12.9791,80.2209,applicable,2.73,applicable,3.91,applicable,3.03,notApplicable,0.0,notApplicable,0.0,18236200
MTP Rd,Coimbatore,Coimbatore,Tamil Nadu,2025,1.3834,Conservation,11.0616,76.9366,notApplicable,0.0,applicable,3.52,applicable,5.13,applicable,4.67,notApplicable,0.0,1548900
"100 Feet Rd, Velachery",Chennai,Chennai,Tamil Nadu,2023,5.3933,Conservation,12.9791,80.2209,applicable,5.33,applicable,0.71,applicable,4.31,notApplicable,0.0,applicable,3.91,7256100
"Sathyamangalam Rd, Edayarpalayam",Erode,Erode,Tamil Nadu,2023,0.0394,Agricultural,11.349,77.6951,applicable,5.31,applicable,2.24,applicable,2.38,applicable,5.01,applicable,4.77,42800
Ettayapuram Rd,Thoothukudi,Thoothukudi,Tamil Nadu,2022,0.5501,Residential,8.813,78.1341,notApplicable,0.0,applicable,3.37,applicable,5.41,applicable,0.74,notApplicable,0.0,2495300
Rajapalayam Rd,Virudhunagar,Virudhunagar,Tamil Nadu,2021,0.0704,Industrial,9.4523,77.5533,applicable,4.43,applicable,1.74,applicable,1.83,notApplicable,0.0,notApplicable,0.0,364500
"Dindigul Rd, Palani",Palani,Dindigul,Tamil Nadu,2025,0.087,Industrial,10.4508,77.5148,applicable,1.19,applicable,1.89,notApplicable,0.0,applicable,0.68,applicable,5.09,768800
Bypass Rd,Madurai,Madurai,Tamil Nadu,2024,1.4628,Industrial,9.924,78.135,notApplicable,0.0,applicable,1.51,applicable,1.76,applicable,0.56,applicable,4.56,10850700
"East Coast Rd, Thiruvanmiyur",Chennai,Chennai,Tamil Nadu,2025,2.3659,Commercial,12.9834,80.259,notApplicable,0.0,applicable,5.31,applicable,2.96,notApplicable,0.0,applicable,0.66,36287200
MTP Rd,Coimbatore,Coimbatore,Tamil Nadu,2025,0.3309,Agricultural,11.0616,76.9366,applicable,4.89,applicable,0.93,applicable,2.66,notApplicable,0.0,notApplicable,0.0,727700
Bypass Rd,Madurai,Madurai,Tamil Nadu,2022,0.1268,Residential,9.924,78.135,applicable,5.52,applicable,0.27,applicable,4.26,notApplicable,0.0,applicable,3.61,625700
"East Coast Rd, Thiruvanmiyur",Chennai,Chennai,Tamil Nadu,2022,0.0307,Industrial,12.9834,80.259,applicable,2.58,applicable,2.42,applicable,3.02,notApplicable,0.0,applicable,3.73,244100
"Trichy Rd, Singanallur",Coimbatore,Coimbatore,Tamil Nadu,2022,1.1026,Industrial,10.9979,76.9994,applicable,2.16,applicable,4.8,applicable,2.0,applicable,5.09,applicable,5.18,6293500
Simmakkal,Madurai,Madurai,Tamil Nadu,2022,3.9252,Residential,9.921,78.1197,applicable,3.01,applicable,3.2,applicable,2.37,notApplicable,0.0,applicable,0.53,19826500
"East Coast Rd, Thiruvanmiyur",Chennai,Chennai,Tamil Nadu,2025,0.4232,Commercial,12.9834,80.259,applicable,5.52,notApplicable,0.0,notApplicable,0.0,applicable,4.29,applicable,1.79,5951400
"NH 44, Tirunelveli",Tirunelveli,Tirunelveli,Tamil Nadu,2021,4.6766,Industrial,8.7139,77.7567,applicable,4.2,applicable,1.85,applicable,2.44,notApplicable,0.0,notApplicable,0.0,24629000
Rajapalayam Rd,Virudhunagar,Virudhunagar,Tamil Nadu,2022,0.1006,Residential,9.4523,77.5533,notApplicable,0.0,notApplicable,0.0,notApplicable,0.0,applicable,1.2,applicable,4.85,473200
Rajapalayam Rd,Virudhunagar,Virudhunagar,Tamil Nadu,2023,3.512,Commercial,9.4523,77.5533,applicable,6.0,applicable,5.81,notApplicable,0.0,notApplicable,0.0,applicable,5.07,23139700
Rajapalayam Rd,Virudhunagar,Virudhunagar,Tamil Nadu,2023,0.5958,Conservation,9.4523,77.5533,notApplicable,0.0,applicable,1.07,notApplicable,0.0,notApplicable,0.0,applicable,4.64,557600
Ettayapuram Rd,Thoothukudi,Thoothukudi,Tamil Nadu,2024,1.5819,Conservation,8.813,78.1341,applicable,3.52,applicable,1.3,applicable,4.41,applicable,1.49,notApplicable,0.0,1283100
Ettayapuram Rd,Thoothukudi,Thoothukudi,Tamil Nadu,2023,0.4459,Industrial,8.813,78.1341,applicable,5.49,applicable,5.69,notApplicable,0.0,notApplicable,0.0,applicable,5.42,2270300
"Avinashi Rd, Peelamedu",Coimbatore,Coimbatore,Tamil Nadu,2022,1.6821,Commercial,11.0183,76.997,applicable,3.57,applicable,3.8,applicable,2.94,applicable,1.33,applicable,0.89,14718500
"NH 44, Tirunelveli",Tirunelveli,Tirunelveli,Tamil Nadu,2024,3.2018,Commercial,8.7139,77.7567,notApplicable,0.0,notApplicable,0.0,notApplicable,0.0,applicable,1.25,notApplicable,0.0,32276700
Alagarkoil Rd,Madurai,Madurai,Tamil Nadu,2023,0.1516,Residential,9.9677,78.1653,applicable,2.72,applicable,2.69,notApplicable,0.0,notApplicable,0.0,applicable,2.69,802400
"Dindigul Rd, Palani",Palani,Dindigul,Tamil Nadu,2025,0.2806,Agricultural,10.4508,77.5148,applicable,2.01,applicable,0.8,notApplicable,0.0,applicable,3.12,notApplicable,0.0,638800
"East Coast Rd, Thiruvanmiyur",Chennai,Chennai,Tamil Nadu,2023,5.1447,Agricultural,12.9834,80.259,notApplicable,0.0,notApplicable,0.0,applicable,1.29,notApplicable,0.0,applicable,5.7,14659300
Bypass Rd,Madurai,Madurai,Tamil Nadu,2022,0.4947,Agricultural,9.924,78.135,applicable,4.67,applicable,3.81,notApplicable,0.0,applicable,3.64,applicable,0.48,733500
Simmakkal,Madurai,Madurai,Tamil Nadu,2021,5.2837,Agricultural,9.921,78.1197,notApplicable,0.0,applicable,0.79,notApplicable,0.0,applicable,3.22,applicable,3.81,8712000
Bypass Rd,Madurai,Madurai,Tamil Nadu,2025,0.1912,Agricultural,9.924,78.135,applicable,2.58,applicable,1.13,notApplicable,0.0,notApplicable,0.0,applicable,3.38,365800
MTP Rd,Coimbatore,Coimbatore,Tamil Nadu,2023,2.6626,Industrial,11.0616,76.9366,applicable,1.68,applicable,1.54,applicable,5.93,notApplicable,0.0,applicable,1.92,20142000
"East Coast Rd, Thiruvanmiyur",Chennai,Chennai,Tamil Nadu,2021,0.1293,Residential,12.9834,80.259,applicable,1.19,applicable,2.27,applicable,2.74,notApplicable,0.0,applicable,3.81,904700
"East Coast Rd, Thiruvanmiyur",Chennai,Chennai,Tamil Nadu,2023,3.631,Commercial,12.9834,80.259,applicable,0.97,applicable,4.41,applicable,5.89,notApplicable,0.0,applicable,5.1,42890300
Rajapalayam Rd,Virudhunagar,Virudhunagar,Tamil Nadu,2025,0.105,Industrial,9.4523,77.5533,notApplicable,0.0,notApplicable,0.0,notApplicable,0.0,notApplicable,0.0,applicable,3.03,712500
"Sathyamangalam Rd, Edayarpalayam",Erode,Erode,Tamil Nadu,2021,0.26,Agricultural,11.349,77.6951,notApplicable,0.0,applicable,0.75,applicable,4.04,notApplicable,0.0,notApplicable,0.0,428400
Alagarkoil Rd,Madurai,Madurai,Tamil Nadu,2022,0.3454,Industrial,9.9677,78.1653,applicable,2.06,applicable,2.12,applicable,1.81,applicable,3.14,notApplicable,0.0,2137000
Bypass Rd,Madurai,Madurai,Tamil Nadu,2022,2.5281,Industrial,9.924,78.135,applicable,2.59,applicable,3.43,applicable,0.2,notApplicable,0.0,applicable,0.73,17826200
Rajapalayam Rd,Virudhunagar,Virudhunagar,Tamil Nadu,2025,0.0887,Commercial,9.4523,77.5533,notApplicable,0.0,notApplicable,0.0,applicable,4.36,notApplicable,0.0,applicable,2.31,723800
"East Coast Rd, Thiruvanmiyur",Chennai,Chennai,Tamil Nadu,2021,1.9467,Residential,12.9834,80.259,notApplicable,0.0,applicable,4.39,applicable,0.82,applicable,3.74,notApplicable,0.0,15150000
Simmakkal,Madurai,Madurai,Tamil Nadu,2022,2.6466,Industrial,9.921,78.1197,applicable,2.85,applicable,3.62,notApplicable,0.0,applicable,3.12,notApplicable,0.0,16195600
"Dindigul Rd, Palani",Palani,Dindigul,Tamil Nadu,2021,0.3015,Conservation,10.4508,77.5148,applicable,3.72,applicable,2.07,notApplicable,0.0,applicable,5.31,applicable,2.63,291000
MTP Rd,Coimbatore,Coimbatore,Tamil Nadu,2023,0.27,Residential,11.0616,76.9366,applicable,5.19,applicable,4.33,notApplicable,0.0,applicable,5.63,notApplicable,0.0,1550000
"Avinashi Rd, Peelamedu",Coimbatore,Coimbatore,Tamil Nadu,2025,0.3903,Residential,11.0183,76.997,applicable,2.99,applicable,3.51,applicable,4.07,applicable,2.62,applicable,4.54,1849600
"Trichy Rd, Singanallur",Coimbatore,Coimbatore,Tamil Nadu,2021,0.1588,Industrial,10.9979,76.9994,applicable,0.56,applicable,4.75,notApplicable,0.0,notApplicable,0.0,applicable,1.38,1319200
Alagarkoil Rd,Madurai,Madurai,Tamil Nadu,2021,3.3458,Industrial,9.9677,78.1653,applicable,5.57,applicable,2.45,notApplicable,0.0,applicable,5.75,applicable,5.86,17453400
"NH 44, Tirunelveli",Tirunelveli,Tirunelveli,Tamil Nadu,2021,7.1627,Agricultural,8.7139,77.7567,notApplicable,0.0,notApplicable,0.0,notApplicable,0.0,notApplicable,0.0,notApplicable,0.0,12892900
Rajapalayam Rd,Virudhunagar,Virudhunagar,Tamil Nadu,2022,0.2121,Residential,9.4523,77.5533,notApplicable,0.0,applicable,1.13,applicable,5.11,applicable,0.23,applicable,2.9,907600
"Dindigul Rd, Palani",Palani,Dindigul,Tamil Nadu,2023,1.438,Residential,10.4508,77.5148,applicable,1.48,applicable,1.27,applicable,0.6,notApplicable,0.0,applicable,3.13,43591700
"East Coast Rd, Thiruvanmiyur",Chennai,Chennai,Tamil Nadu,2022,3.7614,Commercial,12.9834,80.259,notApplicable,0.0,notApplicable,0.0,notApplicable,0.0,applicable,2.78,applicable,5.45,52013100
Rajapalayam Rd,Virudhunagar,Virudhunagar,Tamil Nadu,2021,7.6699,Residential,9.4523,77.5533,applicable,3.18,applicable,3.15,applicable,3.02,notApplicable,0.0,notApplicable,0.0,28106200
Gandhipuram Cross Cut,Coimbatore,Coimbatore,Tamil Nadu,2023,0.0819,Residential,11.0175,76.9725,applicable,5.05,applicable,1.39,notApplicable,0.0,applicable,5.01,applicable,5.3,447400
Bypass Rd,Madurai,Madurai,Tamil Nadu,2022,0.4009,Agricultural,9.924,78.135,notApplicable,0.0,applicable,2.45,applicable,3.86,applicable,2.71,applicable,0.3,636800
"NH 44, Tirunelveli",Tirunelveli,Tirunelveli,Tamil Nadu,2025,0.5683,Agricultural,8.7139,77.7567,notApplicable,0.0,applicable,4.64,notApplicable,0.0,applicable,2.74,applicable,2.49,803800
"Sathyamangalam Rd, Edayarpalayam",Erode,Erode,Tamil Nadu,2025,1.6952,Residential,11.349,77.6951,notApplicable,0.0,applicable,4.43,notApplicable,0.0,notApplicable,0.0,notApplicable,0.0,10270100
"Dindigul Rd, Palani",Palani,Dindigul,Tamil Nadu,2025,0.0298,Conservation,10.4508,77.5148,applicable,3.95,applicable,3.17,notApplicable,0.0,applicable,1.13,applicable,1.48,37000
"Avinashi Rd, Peelamedu",Coimbatore,Coimbatore,Tamil Nadu,2022,6.5063,Agricultural,11.0183,76.997,applicable,3.57,applicable,5.72,notApplicable,0.0,applicable,2.27,applicable,4.09,9981500
"Trichy Rd, Singanallur",Coimbatore,Coimbatore,Tamil Nadu,2021,1.176,Conservation,10.9979,76.9994,applicable,1.18,applicable,2.02,applicable,4.76,notApplicable,0.0,notApplicable,0.0,1369900
Gandhipuram Cross Cut,Coimbatore,Coimbatore,Tamil Nadu,2023,7.2673,Industrial,11.0175,76.9725,applicable,0.68,applicable,1.83,applicable,4.99,applicable,5.37,applicable,1.34,51490700
Gandhipuram Cross Cut,Coimbatore,Coimbatore,Tamil Nadu,2021,6.8759,Agricultural,11.0175,76.9725,notApplicable,0.0,applicable,3.33,applicable,3.99,applicable,1.06,notApplicable,0.0,12702300
Ettayapuram Rd,Thoothukudi,Thoothukudi,Tamil Nadu,2023,0.0287,Conservation,8.813,78.1341,applicable,3.18,notApplicable,0.0,notApplicable,0.0,notApplicable,0.0,applicable,2.79,24700
Rajapalayam Rd,Virudhunagar,Virudhunagar,Tamil Nadu,2024,1.6422,Residential,9.4523,77.5533,applicable,2.92,applicable,2.84,applicable,0.47,notApplicable,0.0,applicable,5.89,6552200
MTP Rd,Coimbatore,Coimbatore,Tamil Nadu,2023,3.0431,Conservation,11.0616,76.9366,applicable,5.46,applicable,3.19,notApplicable,0.0,notApplicable,0.0,applicable,2.25,3397300
"Sathyamangalam Rd, Edayarpalayam",Erode,Erode,Tamil Nadu,2025,1.1598,Industrial,11.349,77.6951,applicable,1.54,applicable,4.9,applicable,4.38,notApplicable,0.0,applicable,2.99,6149800
"Avinashi Rd, Peelamedu",Coimbatore,Coimbatore,Tamil Nadu,2022,0.2938,Conservation,11.0183,76.997,applicable,5.55,applicable,3.2,notApplicable,0.0,applicable,2.55,applicable,5.82,268300
MTP Rd,Coimbatore,Coimbatore,Tamil Nadu,2021,0.3623,Commercial,11.0616,76.9366,notApplicable,0.0,applicable,4.03,notApplicable,0.0,notApplicable,0.0,applicable,1.73,4100200
Alagarkoil Rd,Madurai,Madurai,Tamil Nadu,2025,0.2304,Industrial,9.9677,78.1653,applicable,1.23,notApplicable,0.0,notApplicable,0.0,notApplicable,0.0,applicable,5.43,1897400
Ettayapuram Rd,Thoothukudi,Thoothukudi,Tamil Nadu,2025,0.1153,Conservation,8.813,78.1341,notApplicable,0.0,applicable,0.45,notApplicable,0.0,notApplicable,0.0,applicable,3.27,120500
Ettayapuram Rd,Thoothukudi,Thoothukudi,Tamil Nadu,2024,0.0591,Industrial,8.813,78.1341,applicable,3.67,applicable,3.35,notApplicable,0.0,notApplicable,0.0,applicable,1.7,322100
MTP Rd,Coimbatore,Coimbatore,Tamil Nadu,2025,1.0625,Agricultural,11.0616,76.9366,applicable,3.31,applicable,3.48,applicable,3.75,notApplicable,0.0,applicable,5.95,1695800
"Avinashi Rd, Peelamedu",Coimbatore,Coimbatore,Tamil Nadu,2025,1.0553,Industrial,11.0183,76.997,notApplicable,0.0,applicable,5.21,notApplicable,0.0,applicable,0.89,applicable,1.53,9767800
"100 Feet Rd, Velachery",Chennai,Chennai,Tamil Nadu,2022,0.0812,Agricultural,12.9791,80.2209,applicable,5.57,notApplicable,0.0,applicable,2.73,applicable,0.57,applicable,1.49,189200
"Dindigul Rd, Palani",Palani,Dindigul,Tamil Nadu,2024,0.3324,Industrial,10.4508,77.5148,applicable,1.86,applicable,0.39,applicable,3.68,notApplicable,0.0,notApplicable,0.0,3078900
"Avinashi Rd, Peelamedu",Coimbatore,Coimbatore,Tamil Nadu,2022,0.1044,Conservation,11.0183,76.997,notApplicable,0.0,applicable,3.2,applicable,4.47,applicable,0.6,applicable,0.72,119400
Simmakkal,Madurai,Madurai,Tamil Nadu,2025,0.4872,Conservation,9.921,78.1197,applicable,3.44,applicable,3.12,applicable,2.17,applicable,0.88,applicable,3.18,414900
"NH 44, Tirunelveli",Tirunelveli,Tirunelveli,Tamil Nadu,2023,1.3448,Conservation,8.7139,77.7567,notApplicable,0.0,applicable,0.87,applicable,0.59,notApplicable,0.0,applicable,3.88,1336400
Gandhipuram Cross Cut,Coimbatore,Coimbatore,Tamil Nadu,2023,1.3035,Residential,11.0175,76.9725,applicable,5.6,applicable,2.96,notApplicable,0.0,notApplicable,0.0,applicable,2.25,7908700
"Trichy Rd, Singanallur",Coimbatore,Coimbatore,Tamil Nadu,2022,0.2199,Residential,10.9979,76.9994,applicable,0.9,notApplicable,0.0,notApplicable,0.0,applicable,0.66,notApplicable,0.0,1783100
"Sathyamangalam Rd, Edayarpalayam",Erode,Erode,Tamil Nadu,2021,0.5634,Conservation,11.349,77.6951,applicable,5.91,notApplicable,0.0,notApplicable,0.0,notApplicable,0.0,applicable,5.51,482600
"Avinashi Rd, Peelamedu",Coimbatore,Coimbatore,Tamil Nadu,2022,1.2175,Conservation,11.0183,76.997,applicable,2.87,applicable,4.2,applicable,0.27,notApplicable,0.0,applicable,1.42,1382700
Alagarkoil Rd,Madurai,Madurai,Tamil Nadu,2025,0.8943,Commercial,9.9677,78.1653,applicable,5.16,applicable,1.82,applicable,1.24,notApplicable,0.0,applicable,0.96,9248000
"Avinashi Rd, Peelamedu",Coimbatore,Coimbatore,Tamil Nadu,2023,0.3444,Agricultural,11.0183,76.997,applicable,3.86,applicable,3.3,applicable,2.03,applicable,3.02,notApplicable,0.0,548800
Simmakkal,Madurai,Madurai,Tamil Nadu,2021,6.8829,Conservation,9.921,78.1197,notApplicable,0.0,applicable,3.43,notApplicable,0.0,applicable,4.9,applicable,2.2,6309500
Alagarkoil Rd,Madurai,Madurai,Tamil Nadu,2022,1.3077,Conservation,9.9677,78.1653,applicable,2.41,applicable,1.86,applicable,3.86,notApplicable,0.0,notApplicable,0.0,1293000
"100 Feet Rd, Velachery",Chennai,Chennai,Tamil Nadu,2024,0.3501,Commercial,12.9791,80.2209,applicable,2.49,applicable,5.35,notApplicable,0.0,notApplicable,0.0,applicable,4.73,4699100
MTP Rd,Coimbatore,Coimbatore,Tamil Nadu,2025,0.2949,Conservation,11.0616,76.9366,applicable,0.8,notApplicable,0.0,notApplicable,0.0,applicable,0.57,applicable,5.3,417800
"Dindigul Rd, Palani",Palani,Dindigul,Tamil Nadu,2025,2.9316,Industrial,10.4508,77.5148,applicable,5.06,applicable,0.37,applicable,4.05,notApplicable,0.0,applicable,5.19,22358300
"Sathyamangalam Rd, Edayarpalayam",Erode,Erode,Tamil Nadu,2025,0.342,Industrial,11.349,77.6951,applicable,3.91,applicable,3.3,notApplicable,0.0,notApplicable,0.0,applicable,5.47,1928300
"Avinashi Rd, Peelamedu",Coimbatore,Coimbatore,Tamil Nadu,2024,0.2943,Agricultural,11.0183,76.997,applicable,2.97,applicable,0.25,applicable,2.7,notApplicable,0.0,notApplicable,0.0,622800
"Avinashi Rd, Peelamedu",Coimbatore,Coimbatore,Tamil Nadu,2025,0.2941,Agricultural,11.0183,76.997,notApplicable,0.0,applicable,3.83,notApplicable,0.0,applicable,3.2,applicable,4.84,550600
MTP Rd,Coimbatore,Coimbatore,Tamil Nadu,2023,0.1008,Commercial,11.0616,76.9366,applicable,3.81,applicable,1.29,notApplicable,0.0,notApplicable,0.0,applicable,0.31,1221000
"NH 44, Tirunelveli",Tirunelveli,Tirunelveli,Tamil Nadu,2022,0.1461,Agricultural,8.7139,77.7567,applicable,4.84,applicable,5.99,applicable,2.89,applicable,4.79,applicable,2.12,143400
"100 Feet Rd, Velachery",Chennai,Chennai,Tamil Nadu,2023,1.2052,Agricultural,12.9791,80.2209,notApplicable,0.0,notApplicable,0.0,applicable,4.67,notApplicable,0.0,applicable,2.77,3141200
"Dindigul Rd, Palani",Palani,Dindigul,Tamil Nadu,2024,3.2507,Residential,10.4508,77.5148,applicable,5.64,applicable,3.22,applicable,1.67,notApplicable,0.0,applicable,3.9,103542900
Simmakkal,Madurai,Madurai,Tamil Nadu,2021,0.043,Residential,9.921,78.1197,applicable,4.19,applicable,1.1,notApplicable,0.0,notApplicable,0.0,applicable,4.67,226700
"Sathyamangalam Rd, Edayarpalayam",Erode,Erode,Tamil Nadu,2025,1.6393,Agricultural,11.349,77.6951,applicable,5.89,applicable,4.77,notApplicable,0.0,applicable,4.59,applicable,4.87,1994300
"Avinashi Rd, Peelamedu",Coimbatore,Coimbatore,Tamil Nadu,2024,4.9118,Agricultural,11.0183,76.997,applicable,2.08,applicable,2.92,applicable,5.23,notApplicable,0.0,applicable,3.67,8301200
"100 Feet Rd, Velachery",Chennai,Chennai,Tamil Nadu,2025,0.0317,Agricultural,12.9791,80.2209,notApplicable,0.0,applicable,2.31,notApplicable,0.0,notApplicable,0.0,applicable,3.8,89400
"East Coast Rd, Thiruvanmiyur",Chennai,Chennai,Tamil Nadu,2024,1.6486,Conservation,12.9834,80.259,applicable,5.04,applicable,0.95,applicable,5.27,notApplicable,0.0,applicable,1.37,2430900
"East Coast Rd, Thiruvanmiyur",Chennai,Chennai,Tamil Nadu,2025,1.2349,Agricultural,12.9834,80.259,applicable,4.0,applicable,5.58,notApplicable,0.0,applicable,5.03,notApplicable,0.0,2928800
Gandhipuram Cross Cut,Coimbatore,Coimbatore,Tamil Nadu,2023,0.0881,Agricultural,11.0175,76.9725,notApplicable,0.0,applicable,5.68,applicable,5.77,applicable,0.76,applicable,4.41,151900
"Avinashi Rd, Peelamedu",Coimbatore,Coimbatore,Tamil Nadu,2025,5.3505,Residential,11.0183,76.997,notApplicable,0.0,applicable,2.68,applicable,0.8,notApplicable,0.0,notApplicable,0.0,43803600
"NH 44, Tirunelveli",Tirunelveli,Tirunelveli,Tamil Nadu,2025,1.9977,Industrial,8.7139,77.7567,notApplicable,0.0,applicable,3.87,notApplicable,0.0,notApplicable,0.0,applicable,4.99,12181800
"Avinashi Rd, Peelamedu",Coimbatore,Coimbatore,Tamil Nadu,2025,3.5245,Conservation,11.0183,76.997,applicable,3.2,applicable,5.96,notApplicable,0.0,notApplicable,0.0,applicable,1.95,4110300
"Avinashi Rd, Peelamedu",Coimbatore,Coimbatore,Tamil Nadu,2023,0.4377,Residential,11.0183,76.997,applicable,1.65,applicable,1.69,applicable,1.94,applicable,3.51,notApplicable,0.0,2680400
"Avinashi Rd, Peelamedu",Coimbatore,Coimbatore,Tamil Nadu,2023,0.121,Agricultural,11.0183,76.997,applicable,0.52,applicable,4.67,notApplicable,0.0,notApplicable,0.0,applicable,2.22,257900
Bypass Rd,Madurai,Madurai,Tamil Nadu,2022,5.8033,Agricultural,9.924,78.135,applicable,4.25,applicable,1.09,applicable,4.11,notApplicable,0.0,applicable,5.98,8476200
Ettayapuram Rd,Thoothukudi,Thoothukudi,Tamil Nadu,2025,0.2277,Conservation,8.813,78.1341,applicable,2.51,applicable,2.72,notApplicable,0.0,notApplicable,0.0,applicable,4.25,194600
"Sathyamangalam Rd, Edayarpalayam",Erode,Erode,Tamil Nadu,2022,0.3783,Conservation,11.349,77.6951,applicable,0.85,applicable,2.6,applicable,2.32,notApplicable,0.0,applicable,1.3,335400
Gandhipuram Cross Cut,Coimbatore,Coimbatore,Tamil Nadu,2023,0.2724,Agricultural,11.0175,76.9725,applicable,4.43,notApplicable,0.0,applicable,0.7,notApplicable,0.0,applicable,4.49,528300
Rajapalayam Rd,Virudhunagar,Virudhunagar,Tamil Nadu,2023,0.0119,Residential,9.4523,77.5533,applicable,3.38,applicable,3.81,applicable,5.96,notApplicable,0.0,notApplicable,0.0,46600
Gandhipuram Cross Cut,Coimbatore,Coimbatore,Tamil Nadu,2024,0.5652,Agricultural,11.0175,76.9725,applicable,0.59,applicable,4.03,applicable,4.05,applicable,5.49,notApplicable,0.0,1002000
"East Coast Rd, Thiruvanmiyur",Chennai,Chennai,Tamil Nadu,2023,0.1314,Agricultural,12.9834,80.259,notApplicable,0.0,applicable,5.81,applicable,3.45,applicable,4.33,applicable,0.43,299300
"Trichy Rd, Singanallur",Coimbatore,Coimbatore,Tamil Nadu,2024,1.0202,Commercial,10.9979,76.9994,applicable,5.3,notApplicable,0.0,applicable,5.36,notApplicable,0.0,applicable,4.93,9695700
"NH 44, Tirunelveli",Tirunelveli,Tirunelveli,Tamil Nadu,2022,2.5268,Commercial,8.7139,77.7567,applicable,3.52,applicable,2.67,notApplicable,0.0,notApplicable,0.0,applicable,2.01,18473300
"Sathyamangalam Rd, Edayarpalayam",Erode,Erode,Tamil Nadu,2022,0.1985,Conservation,11.349,77.6951,applicable,5.86,applicable,1.04,applicable,5.61,applicable,5.52,notApplicable,0.0,148700
"NH 44, Tirunelveli",Tirunelveli,Tirunelveli,Tamil Nadu,2021,0.7183,Conservation,8.7139,77.7567,notApplicable,0.0,applicable,5.39,applicable,5.61,applicable,1.79,notApplicable,0.0,551200
"East Coast Rd, Thiruvanmiyur",Chennai,Chennai,Tamil Nadu,2022,0.4951,Residential,12.9834,80.259,applicable,0.98,applicable,5.11,applicable,2.92,applicable,3.97,notApplicable,0.0,3402200
Bypass Rd,Madurai,Madurai,Tamil Nadu,2024,0.0293,Industrial,9.924,78.135,notApplicable,0.0,notApplicable,0.0,applicable,1.39,notApplicable,0.0,applicable,1.23,261600
"Sathyamangalam Rd, Edayarpalayam",Erode,Erode,Tamil Nadu,2024,0.1063,Conservation,11.349,77.6951,applicable,3.52,notApplicable,0.0,notApplicable,0.0,applicable,3.31,notApplicable,0.0,100000
MTP Rd,Coimbatore,Coimbatore,Tamil Nadu,2025,0.3099,Agricultural,11.0616,76.9366,applicable,3.86,applicable,0.49,notApplicable,0.0,notApplicable,0.0,applicable,1.89,698500
"Trichy Rd, Singanallur",Coimbatore,Coimbatore,Tamil Nadu,2024,0.253,Commercial,10.9979,76.9994,applicable,3.6,applicable,5.39,applicable,3.37,notApplicable,0.0,applicable,2.48,2222100
"Dindigul Rd, Palani",Palani,Dindigul,Tamil Nadu,2024,0.8029,Residential,10.4508,77.5148,applicable,0.73,applicable,4.3,notApplicable,0.0,applicable,3.88,notApplicable,0.0,25043000
MTP Rd,Coimbatore,Coimbatore,Tamil Nadu,2025,1.0709,Conservation,11.0616,76.9366,applicable,4.33,applicable,2.63,applicable,2.0,notApplicable,0.0,applicable,4.66,1113300
Gandhipuram Cross Cut,Coimbatore,Coimbatore,Tamil Nadu,2021,0.1358,Residential,11.0175,76.9725,applicable,1.58,notApplicable,0.0,applicable,3.62,applicable,2.96,notApplicable,0.0,780100
"East Coast Rd, Thiruvanmiyur",Chennai,Chennai,Tamil Nadu,2025,0.4588,Conservation,12.9834,80.259,applicable,4.07,applicable,5.06,notApplicable,0.0,applicable,1.93,notApplicable,0.0,716400
"Dindigul Rd, Palani",Palani,Dindigul,Tamil Nadu,2024,0.2065,Agricultural,10.4508,77.5148,notApplicable,0.0,applicable,2.07,applicable,5.41,applicable,4.96,notApplicable,0.0,415200
Simmakkal,Madurai,Madurai,Tamil Nadu,2021,3.6465,Conservation,9.921,78.1197,applicable,3.85,applicable,5.93,notApplicable,0.0,applicable,3.01,notApplicable,0.0,3192500
Ettayapuram Rd,Thoothukudi,Thoothukudi,Tamil Nadu,2024,1.2881,Commercial,8.813,78.1341,notApplicable,0.0,applicable,4.89,applicable,5.33,notApplicable,0.0,applicable,1.55,9890100
"Avinashi Rd, Peelamedu",Coimbatore,Coimbatore,Tamil Nadu,2021,7.0884,Agricultural,11.0183,76.997,applicable,1.37,applicable,1.83,applicable,4.78,notApplicable,0.0,applicable,1.99,12626700
Alagarkoil Rd,Madurai,Madurai,Tamil Nadu,2021,0.106,Agricultural,9.9677,78.1653,notApplicable,0.0,applicable,2.95,notApplicable,0.0,notApplicable,0.0,applicable,0.41,206400
"100 Feet Rd, Velachery",Chennai,Chennai,Tamil Nadu,2025,0.1354,Industrial,12.9791,80.2209,notApplicable,0.0,applicable,1.41,notApplicable,0.0,applicable,4.18,applicable,4.84,1446900
Alagarkoil Rd,Madurai,Madurai,Tamil Nadu,2022,0.1609,Agricultural,9.9677,78.1653,applicable,4.29,applicable,2.02,applicable,0.38,notApplicable,0.0,notApplicable,0.0,294700
"Sathyamangalam Rd, Edayarpalayam",Erode,Erode,Tamil Nadu,2023,0.0733,Residential,11.349,77.6951,applicable,4.83,applicable,5.45,applicable,1.09,applicable,2.17,applicable,3.0,282100
"Trichy Rd, Singanallur",Coimbatore,Coimbatore,Tamil Nadu,2022,0.1844,Commercial,10.9979,76.9994,applicable,2.0,applicable,0.46,applicable,5.12,notApplicable,0.0,applicable,5.26,1819100
"Dindigul Rd, Palani",Palani,Dindigul,Tamil Nadu,2025,0.4109,Agricultural,10.4508,77.5148,applicable,0.88,applicable,1.07,applicable,1.79,applicable,0.29,applicable,3.81,925800
"Avinashi Rd, Peelamedu",Coimbatore,Coimbatore,Tamil Nadu,2023,0.2449,Conservation,11.0183,76.997,applicable,0.37,applicable,5.44,notApplicable,0.0,notApplicable,0.0,applicable,0.49,340700
"East Coast Rd, Thiruvanmiyur",Chennai,Chennai,Tamil Nadu,2024,7.017,Industrial,12.9834,80.259,applicable,3.29,applicable,5.85,notApplicable,0.0,notApplicable,0.0,applicable,4.58,64810800
"100 Feet Rd, Velachery",Chennai,Chennai,Tamil Nadu,2024,6.599,Agricultural,12.9791,80.2209,applicable,2.47,applicable,4.26,notApplicable,0.0,notApplicable,0.0,notApplicable,0.0,18342700
Ettayapuram Rd,Thoothukudi,Thoothukudi,Tamil Nadu,2024,0.1729,Commercial,8.813,78.1341,applicable,4.34,applicable,0.82,applicable,3.43,notApplicable,0.0,applicable,0.61,1363600
"Sathyamangalam Rd, Edayarpalayam",Erode,Erode,Tamil Nadu,2025,7.8434,Industrial,11.349,77.6951,applicable,3.49,applicable,2.18,notApplicable,0.0,applicable,4.23,notApplicable,0.0,45332900
Gandhipuram Cross Cut,Coimbatore,Coimbatore,Tamil Nadu,2025,0.1271,Agricultural,11.0175,76.9725,notApplicable,0.0,applicable,4.92,notApplicable,0.0,applicable,4.67,applicable,2.4,244300
Gandhipuram Cross Cut,Coimbatore,Coimbatore,Tamil Nadu,2021,0.0405,Agricultural,11.0175,76.9725,notApplicable,0.0,applicable,2.79,applicable,1.39,applicable,5.29,applicable,1.94,68400
Gandhipuram Cross Cut,Coimbatore,Coimbatore,Tamil Nadu,2024,5.4964,Commercial,11.0175,76.9725,notApplicable,0.0,notApplicable,0.0,applicable,0.2,notApplicable,0.0,notApplicable,0.0,83459500
Alagarkoil Rd,Madurai,Madurai,Tamil Nadu,2023,1.5533,Agricultural,9.9677,78.1653,notApplicable,0.0,applicable,1.01,applicable,3.42,applicable,5.09,applicable,2.29,2412900
"Trichy Rd, Singanallur",Coimbatore,Coimbatore,Tamil Nadu,2022,7.3093,Residential,10.9979,76.9994,notApplicable,0.0,applicable,5.38,applicable,4.23,notApplicable,0.0,notApplicable,0.0,47238200
Rajapalayam Rd,Virudhunagar,Virudhunagar,Tamil Nadu,2024,0.3432,Residential,9.4523,77.5533,applicable,1.76,applicable,5.57,applicable,3.54,notApplicable,0.0,notApplicable,0.0,1433100
"Dindigul Rd, Palani",Palani,Dindigul,Tamil Nadu,2024,0.1896,Conservation,10.4508,77.5148,notApplicable,0.0,applicable,3.2,notApplicable,0.0,notApplicable,0.0,applicable,3.24,248400
"Avinashi Rd, Peelamedu",Coimbatore,Coimbatore,Tamil Nadu,2021,1.3694,Industrial,11.0183,76.997,applicable,2.12,applicable,2.25,applicable,5.87,notApplicable,0.0,applicable,1.91,9188700
MTP Rd,Coimbatore,Coimbatore,Tamil Nadu,2023,0.3473,Conservation,11.0616,76.9366,applicable,3.01,applicable,0.94,applicable,0.65,notApplicable,0.0,applicable,4.75,400900
Rajapalayam Rd,Virudhunagar,Virudhunagar,Tamil Nadu,2023,0.155,Commercial,9.4523,77.5533,applicable,1.25,applicable,3.26,applicable,0.39,notApplicable,0.0,applicable,5.91,1142100
Rajapalayam Rd,Virudhunagar,Virudhunagar,Tamil Nadu,2024,0.2945,Residential,9.4523,77.5533,applicable,0.87,applicable,1.17,applicable,2.51,notApplicable,0.0,notApplicable,0.0,1492000
MTP Rd,Coimbatore,Coimbatore,Tamil Nadu,2022,2.8709,Conservation,11.0616,76.9366,applicable,4.16,notApplicable,0.0,applicable,0.44,notApplicable,0.0,notApplicable,0.0,3865900
Gandhipuram Cross Cut,Coimbatore,Coimbatore,Tamil Nadu,2024,0.0955,Commercial,11.0175,76.9725,applicable,4.1,applicable,4.67,applicable,3.22,notApplicable,0.0,applicable,4.13,844200
Alagarkoil Rd,Madurai,Madurai,Tamil Nadu,2021,0.1042,Conservation,9.9677,78.1653,applicable,3.79,applicable,0.53,notApplicable,0.0,applicable,3.65,applicable,5.39,90500
Rajapalayam Rd,Virudhunagar,Virudhunagar,Tamil Nadu,2021,0.3616,Agricultural,9.4523,77.5533,notApplicable,0.0,applicable,3.9,applicable,5.55,applicable,1.8,notApplicable,0.0,436500
Gandhipuram Cross Cut,Coimbatore,Coimbatore,Tamil Nadu,2023,1.6657,Commercial,11.0175,76.9725,notApplicable,0.0,applicable,5.88,notApplicable,0.0,applicable,1.36,applicable,2.48,18295600
"East Coast Rd, Thiruvanmiyur",Chennai,Chennai,Tamil Nadu,2025,1.465,Residential,12.9834,80.259,applicable,5.4,applicable,1.06,applicable,3.91,applicable,5.61,applicable,4.05,9290200
MTP Rd,Coimbatore,Coimbatore,Tamil Nadu,2024,4.9441,Commercial,11.0616,76.9366,applicable,2.43,applicable,4.2,notApplicable,0.0,applicable,4.72,applicable,0.9,49503400
Alagarkoil Rd,Madurai,Madurai,Tamil Nadu,2023,1.9382,Commercial,9.9677,78.1653,applicable,0.43,applicable,2.43,notApplicable,0.0,notApplicable,0.0,applicable,1.31,21726700
"East Coast Rd, Thiruvanmiyur",Chennai,Chennai,Tamil Nadu,2024,0.3715,Commercial,12.9834,80.259,applicable,3.93,notApplicable,0.0,applicable,3.1,applicable,5.8,notApplicable,0.0,4719000
"Dindigul Rd, Palani",Palani,Dindigul,Tamil Nadu,2023,2.7091,Agricultural,10.4508,77.5148,notApplicable,0.0,notApplicable,0.0,applicable,0.62,notApplicable,0.0,applicable,4.47,6392900
"Dindigul Rd, Palani",Palani,Dindigul,Tamil Nadu,2025,0.0164,Industrial,10.4508,77.5148,notApplicable,0.0,notApplicable,0.0,applicable,0.57,notApplicable,0.0,notApplicable,0.0,193600
"East Coast Rd, Thiruvanmiyur",Chennai,Chennai,Tamil Nadu,2025,4.5573,Industrial,12.9834,80.259,applicable,4.8,notApplicable,0.0,applicable,4.63,applicable,3.64,notApplicable,0.0,42030600
"East Coast Rd, Thiruvanmiyur",Chennai,Chennai,Tamil Nadu,2022,0.2088,Commercial,12.9834,80.259,notApplicable,0.0,applicable,4.71,applicable,0.29,notApplicable,0.0,applicable,3.02,2882800
"100 Feet Rd, Velachery",Chennai,Chennai,Tamil Nadu,2025,0.2957,Agricultural,12.9791,80.2209,applicable,3.74,applicable,0.42,applicable,1.24,applicable,3.1,notApplicable,0.0,798300
Gandhipuram Cross Cut,Coimbatore,Coimbatore,Tamil Nadu,2023,0.0686,Commercial,11.0175,76.9725,applicable,3.83,notApplicable,0.0,notApplicable,0.0,notApplicable,0.0,applicable,1.41,807700
"East Coast Rd, Thiruvanmiyur",Chennai,Chennai,Tamil Nadu,2024,1.884,Residential,12.9834,80.259,applicable,0.45,applicable,4.49,applicable,5.56,notApplicable,0.0,notApplicable,0.0,15999300
Ettayapuram Rd,Thoothukudi,Thoothukudi,Tamil Nadu,2024,0.8529,Agricultural,8.813,78.1341,applicable,1.52,applicable,1.58,notApplicable,0.0,applicable,2.59,applicable,1.36,1298300
"East Coast Rd, Thiruvanmiyur",Chennai,Chennai,Tamil Nadu,2025,7.5673,Industrial,12.9834,80.259,applicable,1.76,applicable,2.15,applicable,0.39,applicable,3.5,applicable,1.83,72802600
"Sathyamangalam Rd, Edayarpalayam",Erode,Erode,Tamil Nadu,2024,0.2703,Industrial,11.349,77.6951,applicable,5.2,applicable,1.46,applicable,2.95,applicable,2.88,applicable,0.28,1416200
Simmakkal,Madurai,Madurai,Tamil Nadu,2022,0.3528,Residential,9.921,78.1197,notApplicable,0.0,notApplicable,0.0,applicable,4.45,applicable,3.12,notApplicable,0.0,1949500
Bypass Rd,Madurai,Madurai,Tamil Nadu,2021,2.0745,Industrial,9.924,78.135,notApplicable,0.0,applicable,2.98,applicable,1.97,notApplicable,0.0,applicable,4.28,12856800
MTP Rd,Coimbatore,Coimbatore,Tamil Nadu,2021,0.3123,Conservation,11.0616,76.9366,notApplicable,0.0,applicable,0.61,applicable,5.38,notApplicable,0.0,notApplicable,0.0,409200
"Dindigul Rd, Palani",Palani,Dindigul,Tamil Nadu,2024,0.3943,Commercial,10.4508,77.5148,notApplicable,0.0,applicable,5.68,notApplicable,0.0,notApplicable,0.0,applicable,4.11,11623600
Alagarkoil Rd,Madurai,Madurai,Tamil Nadu,2025,0.2783,Industrial,9.9677,78.1653,applicable,4.56,applicable,5.25,applicable,4.28,notApplicable,0.0,notApplicable,0.0,1852200
Ettayapuram Rd,Thoothukudi,Thoothukudi,Tamil Nadu,2023,0.0594,Residential,8.813,78.1341,applicable,3.29,applicable,4.99,applicable,5.42,notApplicable,0.0,applicable,2.82,212700
Gandhipuram Cross Cut,Coimbatore,Coimbatore,Tamil Nadu,2022,0.6203,Agricultural,11.0175,76.9725,notApplicable,0.0,applicable,1.07,applicable,1.38,applicable,5.72,applicable,0.33,1292200
Gandhipuram Cross Cut,Coimbatore,Coimbatore,Tamil Nadu,2022,0.297,Conservation,11.0175,76.9725,applicable,2.59,notApplicable,0.0,applicable,2.19,notApplicable,0.0,applicable,3.95,319400
Rajapalayam Rd,Virudhunagar,Virudhunagar,Tamil Nadu,2025,0.2564,Conservation,9.4523,77.5533,notApplicable,0.0,applicable,1.06,applicable,1.85,applicable,5.75,notApplicable,0.0,233000
"100 Feet Rd, Velachery",Chennai,Chennai,Tamil Nadu,2023,0.2114,Conservation,12.9791,80.2209,applicable,2.34,applicable,1.39,notApplicable,0.0,notApplicable,0.0,applicable,4.3,326500
Alagarkoil Rd,Madurai,Madurai,Tamil Nadu,2023,0.0728,Residential,9.9677,78.1653,applicable,0.22,applicable,4.48,applicable,5.86,applicable,2.12,applicable,4.29,335200
"Trichy Rd, Singanallur",Coimbatore,Coimbatore,Tamil Nadu,2022,0.1219,Conservation,10.9979,76.9994,notApplicable,0.0,notApplicable,0.0,applicable,2.53,notApplicable,0.0,applicable,5.08,145300
"East Coast Rd, Thiruvanmiyur",Chennai,Chennai,Tamil Nadu,2021,1.2897,Commercial,12.9834,80.259,applicable,5.86,applicable,2.49,notApplicable,0.0,notApplicable,0.0,notApplicable,0.0,17905300
Rajapalayam Rd,Virudhunagar,Virudhunagar,Tamil Nadu,2025,2.8877,Conservation,9.4523,77.5533,applicable,5.27,applicable,0.71,applicable,4.42,applicable,2.78,notApplicable,0.0,2253800
Ettayapuram Rd,Thoothukudi,Thoothukudi,Tamil Nadu,2023,6.3716,Industrial,8.813,78.1341,applicable,5.23,applicable,5.92,applicable,0.58,applicable,5.77,applicable,4.59,27177000
Bypass Rd,Madurai,Madurai,Tamil Nadu,2024,0.3117,Commercial,9.924,78.135,applicable,5.04,applicable,1.96,applicable,3.44,applicable,2.89,notApplicable,0.0,2455500
"Dindigul Rd, Palani",Palani,Dindigul,Tamil Nadu,2023,1.4548,Residential,10.4508,77.5148,applicable,1.81,applicable,5.97,notApplicable,0.0,applicable,0.59,applicable,4.52,44019300
Simmakkal,Madurai,Madurai,Tamil Nadu,2024,0.1464,Commercial,9.921,78.1197,notApplicable,0.0,applicable,0.99,applicable,1.15,applicable,1.78,notApplicable,0.0,1694300
Alagarkoil Rd,Madurai,Madurai,Tamil Nadu,2023,0.3736,Agricultural,9.9677,78.1653,notApplicable,0.0,applicable,5.1,applicable,4.84,applicable,1.77,applicable,4.25,533700
"NH 44, Tirunelveli",Tirunelveli,Tirunelveli,Tamil Nadu,2023,4.2381,Conservation,8.7139,77.7567,applicable,5.02,notApplicable,0.0,applicable,4.81,applicable,3.44,applicable,4.2,2782000
Simmakkal,Madurai,Madurai,Tamil Nadu,2025,0.1083,Conservation,9.921,78.1197,notApplicable,0.0,notApplicable,0.0,applicable,4.94,applicable,5.36,applicable,3.67,106200
Alagarkoil Rd,Madurai,Madurai,Tamil Nadu,2023,0.4351,Residential,9.9677,78.1653,applicable,4.63,applicable,0.85,applicable,0.31,notApplicable,0.0,applicable,3.01,2464100
"Avinashi Rd, Peelamedu",Coimbatore,Coimbatore,Tamil Nadu,2021,0.5889,Agricultural,11.0183,76.997,applicable,3.69,applicable,3.61,applicable,1.36,applicable,4.09,applicable,0.37,926300
MTP Rd,Coimbatore,Coimbatore,Tamil Nadu,2025,0.2062,Commercial,11.0616,76.9366,applicable,4.35,applicable,5.79,notApplicable,0.0,notApplicable,0.0,applicable,1.2,2371400
"Dindigul Rd, Palani",Palani,Dindigul,Tamil Nadu,2022,0.448,Agricultural,10.4508,77.5148,applicable,1.44,notApplicable,0.0,applicable,1.52,applicable,0.85,applicable,5.91,897600
"East Coast Rd, Thiruvanmiyur",Chennai,Chennai,Tamil Nadu,2022,0.0794,Conservation,12.9834,80.259,applicable,5.86,applicable,2.77,applicable,3.41,notApplicable,0.0,applicable,1.89,98000
"Avinashi Rd, Peelamedu",Coimbatore,Coimbatore,Tamil Nadu,2024,0.1415,Agricultural,11.0183,76.997,applicable,4.23,applicable,5.87,notApplicable,0.0,applicable,4.5,applicable,5.38,217400
Alagarkoil Rd,Madurai,Madurai,Tamil Nadu,2023,3.3972,Residential,9.9677,78.1653,notApplicable,0.0,applicable,4.78,notApplicable,0.0,notApplicable,0.0,applicable,3.93,19644400
"Sathyamangalam Rd, Edayarpalayam",Erode,Erode,Tamil Nadu,2024,0.1483,Conservation,11.349,77.6951,applicable,0.51,applicable,0.6,notApplicable,0.0,applicable,4.13,applicable,5.84,137500
Gandhipuram Cross Cut,Coimbatore,Coimbatore,Tamil Nadu,2022,5.9665,Commercial,11.0175,76.9725,notApplicable,0.0,applicable,2.19,notApplicable,0.0,applicable,5.19,applicable,3.37,59231800
"Dindigul Rd, Palani",Palani,Dindigul,Tamil Nadu,2021,0.0637,Industrial,10.4508,77.5148,applicable,2.7,applicable,2.01,notApplicable,0.0,notApplicable,0.0,applicable,2.46,488200
Rajapalayam Rd,Virudhunagar,Virudhunagar,Tamil Nadu,2025,0.106,Industrial,9.4523,77.5533,applicable,5.87,applicable,2.06,notApplicable,0.0,notApplicable,0.0,applicable,0.36,631600
Simmakkal,Madurai,Madurai,Tamil Nadu,2023,5.7509,Commercial,9.921,78.1197,applicable,1.64,applicable,3.96,applicable,3.64,applicable,5.48,applicable,0.58,44890500
Alagarkoil Rd,Madurai,Madurai,Tamil Nadu,2021,4.5348,Residential,9.9677,78.1653,applicable,2.46,applicable,3.52,applicable,4.89,notApplicable,0.0,applicable,0.78,21717900
Alagarkoil Rd,Madurai,Madurai,Tamil Nadu,2025,3.7971,Industrial,9.9677,78.1653,applicable,1.44,applicable,1.74,notApplicable,0.0,applicable,1.92,notApplicable,0.0,31119900
Ettayapuram Rd,Thoothukudi,Thoothukudi,Tamil Nadu,2025,1.7663,Residential,8.813,78.1341,applicable,0.64,applicable,4.98,applicable,3.13,applicable,1.94,applicable,4.05,6865100
Bypass Rd,Madurai,Madurai,Tamil Nadu,2023,0.0975,Industrial,9.924,78.135,applicable,4.98,applicable,5.64,applicable,1.75,applicable,3.9,applicable,4.89,491700
Bypass Rd,Madurai,Madurai,Tamil Nadu,2021,0.7216,Conservation,9.924,78.135,notApplicable,0.0,applicable,5.11,notApplicable,0.0,notApplicable,0.0,applicable,1.75,783100
"100 Feet Rd, Velachery",Chennai,Chennai,Tamil Nadu,2025,0.7249,Commercial,12.9791,80.2209,applicable,1.12,applicable,0.99,applicable,1.7,notApplicable,0.0,applicable,4.86,11093300
"100 Feet Rd, Velachery",Chennai,Chennai,Tamil Nadu,2024,1.8448,Agricultural,12.9791,80.2209,notApplicable,0.0,notApplicable,0.0,applicable,0.72,applicable,5.67,applicable,4.4,4656600
"East Coast Rd, Thiruvanmiyur",Chennai,Chennai,Tamil Nadu,2025,1.7435,Conservation,12.9834,80.259,applicable,5.03,applicable,4.48,applicable,4.87,notApplicable,0.0,applicable,4.51,2219800
"Avinashi Rd, Peelamedu",Coimbatore,Coimbatore,Tamil Nadu,2021,0.0345,Residential,11.0183,76.997,applicable,4.16,applicable,5.79,notApplicable,0.0,applicable,5.3,applicable,5.63,161000
MTP Rd,Coimbatore,Coimbatore,Tamil Nadu,2023,0.013,Commercial,11.0616,76.9366,applicable,5.76,applicable,2.3,applicable,4.91,notApplicable,0.0,applicable,0.91,129000
Simmakkal,Madurai,Madurai,Tamil Nadu,2024,1.8913,Industrial,9.921,78.1197,applicable,5.51,notApplicable,0.0,applicable,3.86,applicable,5.3,notApplicable,0.0,11982900
Bypass Rd,Madurai,Madurai,Tamil Nadu,2023,4.8265,Agricultural,9.924,78.135,notApplicable,0.0,applicable,1.13,applicable,1.71,notApplicable,0.0,applicable,0.58,10153800
MTP Rd,Coimbatore,Coimbatore,Tamil Nadu,2023,5.8496,Conservation,11.0616,76.9366,notApplicable,0.0,applicable,0.68,applicable,1.12,notApplicable,0.0,applicable,3.19,7924000
Simmakkal,Madurai,Madurai,Tamil Nadu,2025,0.4274,Residential,9.921,78.1197,applicable,2.6,applicable,1.25,notApplicable,0.0,notApplicable,0.0,applicable,5.28,2644100
Rajapalayam Rd,Virudhunagar,Virudhunagar,Tamil Nadu,2021,0.1427,Residential,9.4523,77.5533,notApplicable,0.0,applicable,2.69,notApplicable,0.0,applicable,1.71,applicable,0.72,649700
Rajapalayam Rd,Virudhunagar,Virudhunagar,Tamil Nadu,2021,4.7222,Agricultural,9.4523,77.5533,applicable,1.87,applicable,3.07,applicable,0.96,notApplicable,0.0,notApplicable,0.0,6359800
Rajapalayam Rd,Virudhunagar,Virudhunagar,Tamil Nadu,2023,0.1117,Residential,9.4523,77.5533,applicable,4.17,applicable,2.86,notApplicable,0.0,notApplicable,0.0,applicable,0.26,500900
Alagarkoil Rd,Madurai,Madurai,Tamil Nadu,2022,0.1099,Industrial,9.9677,78.1653,applicable,3.72,applicable,4.09,notApplicable,0.0,applicable,4.85,applicable,4.32,575400
"Dindigul Rd, Palani",Palani,Dindigul,Tamil Nadu,2025,0.0968,Commercial,10.4508,77.5148,applicable,0.97,applicable,2.04,applicable,3.28,notApplicable,0.0,notApplicable,0.0,2858200
"Dindigul Rd, Palani",Palani,Dindigul,Tamil Nadu,2024,1.6217,Residential,10.4508,77.5148,notApplicable,0.0,applicable,2.73,notApplicable,0.0,notApplicable,0.0,applicable,1.16,49242400
"100 Feet Rd, Velachery",Chennai,Chennai,Tamil Nadu,2024,0.8448,Conservation,12.9791,80.2209,applicable,2.76,applicable,5.94,applicable,3.45,notApplicable,0.0,applicable,2.86,1015900
MTP Rd,Coimbatore,Coimbatore,Tamil Nadu,2021,0.9262,Residential,11.0616,76.9366,applicable,4.65,applicable,1.25,applicable,5.54,notApplicable,0.0,applicable,1.63,5150000
"East Coast Rd, Thiruvanmiyur",Chennai,Chennai,Tamil Nadu,2021,0.0498,Commercial,12.9834,80.259,notApplicable,0.0,applicable,2.83,applicable,5.74,notApplicable,0.0,applicable,3.65,587100
"Dindigul Rd, Palani",Palani,Dindigul,Tamil Nadu,2024,0.406,Conservation,10.4508,77.5148,applicable,0.61,applicable,5.72,notApplicable,0.0,applicable,2.41,applicable,2.51,472800
Ettayapuram Rd,Thoothukudi,Thoothukudi,Tamil Nadu,2021,0.2229,Industrial,8.813,78.1341,applicable,4.17,applicable,0.96,applicable,4.06,notApplicable,0.0,applicable,5.03,1032100
"Sathyamangalam Rd, Edayarpalayam",Erode,Erode,Tamil Nadu,2024,1.1346,Industrial,11.349,77.6951,applicable,2.89,applicable,1.5,applicable,4.18,applicable,1.1,applicable,3.07,5728200
"NH 44, Tirunelveli",Tirunelveli,Tirunelveli,Tamil Nadu,2023,0.1777,Agricultural,8.7139,77.7567,applicable,3.4,applicable,5.52,applicable,3.18,applicable,3.16,applicable,2.6,172200
MTP Rd,Coimbatore,Coimbatore,Tamil Nadu,2023,2.0976,Conservation,11.0616,76.9366,applicable,1.93,applicable,3.61,applicable,2.84,applicable,4.09,notApplicable,0.0,2064400
"Trichy Rd, Singanallur",Coimbatore,Coimbatore,Tamil Nadu,2022,0.0395,Commercial,10.9979,76.9994,applicable,2.87,applicable,2.55,applicable,4.01,applicable,4.52,applicable,4.41,286400
Simmakkal,Madurai,Madurai,Tamil Nadu,2023,0.1067,Conservation,9.921,78.1197,applicable,5.18,applicable,1.41,applicable,3.96,applicable,3.97,notApplicable,0.0,93500
Gandhipuram Cross Cut,Coimbatore,Coimbatore,Tamil Nadu,2022,0.0221,Conservation,11.0175,76.9725,applicable,5.19,applicable,3.59,notApplicable,0.0,notApplicable,0.0,applicable,1.37,24900
Simmakkal,Madurai,Madurai,Tamil Nadu,2021,4.5907,Industrial,9.921,78.1197,notApplicable,0.0,applicable,3.03,applicable,3.02,notApplicable,0.0,applicable,3.63,26794300
Gandhipuram Cross Cut,Coimbatore,Coimbatore,Tamil Nadu,2022,0.11,Industrial,11.0175,76.9725,applicable,3.95,applicable,2.8,notApplicable,0.0,applicable,2.73,applicable,1.14,745100
"Sathyamangalam Rd, Edayarpalayam",Erode,Erode,Tamil Nadu,2024,4.0349,Commercial,11.349,77.6951,applicable,4.1,applicable,4.46,notApplicable,0.0,notApplicable,0.0,notApplicable,0.0,35771600
Ettayapuram Rd,Thoothukudi,Thoothukudi,Tamil Nadu,2025,0.3917,Residential,8.813,78.1341,applicable,1.96,applicable,1.41,applicable,0.47,applicable,0.31,notApplicable,0.0,2337300
Alagarkoil Rd,Madurai,Madurai,Tamil Nadu,2022,2.382,Residential,9.9677,78.1653,applicable,4.75,applicable,4.66,applicable,4.67,applicable,3.43,notApplicable,0.0,10150400
Simmakkal,Madurai,Madurai,Tamil Nadu,2025,4.627,Conservation,9.921,78.1197,notApplicable,0.0,applicable,5.18,notApplicable,0.0,notApplicable,0.0,applicable,0.79,5946300
"NH 44, Tirunelveli",Tirunelveli,Tirunelveli,Tamil Nadu,2022,1.8665,Agricultural,8.7139,77.7567,notApplicable,0.0,applicable,2.31,applicable,4.95,notApplicable,0.0,applicable,0.91,2666400
Bypass Rd,Madurai,Madurai,Tamil Nadu,2022,0.9301,Agricultural,9.924,78.135,applicable,4.57,applicable,2.65,applicable,1.52,notApplicable,0.0,applicable,4.85,1340400
Bypass Rd,Madurai,Madurai,Tamil Nadu,2025,0.1212,Industrial,9.924,78.135,notApplicable,0.0,applicable,4.68,applicable,2.72,applicable,2.48,applicable,0.42,852600
"100 Feet Rd, Velachery",Chennai,Chennai,Tamil Nadu,2021,1.6986,Conservation,12.9791,80.2209,applicable,2.02,notApplicable,0.0,notApplicable,0.0,notApplicable,0.0,notApplicable,0.0,2990600
Simmakkal,Madurai,Madurai,Tamil Nadu,2025,5.8633,Commercial,9.921,78.1197,applicable,1.95,notApplicable,0.0,notApplicable,0.0,applicable,0.41,applicable,2.14,67558800
MTP Rd,Coimbatore,Coimbatore,Tamil Nadu,2025,0.6392,Residential,11.0616,76.9366,notApplicable,0.0,applicable,1.6,applicable,4.69,notApplicable,0.0,applicable,4.41,4320900
"East Coast Rd, Thiruvanmiyur",Chennai,Chennai,Tamil Nadu,2023,0.0464,Agricultural,12.9834,80.259,applicable,4.53,applicable,3.57,applicable,4.34,applicable,5.64,applicable,4.06,79200
"Avinashi Rd, Peelamedu",Coimbatore,Coimbatore,Tamil Nadu,2023,6.0346,Commercial,11.0183,76.997,applicable,2.3,applicable,0.77,applicable,4.33,notApplicable,0.0,notApplicable,0.0,69557200
"East Coast Rd, Thiruvanmiyur",Chennai,Chennai,Tamil Nadu,2021,2.4684,Agricultural,12.9834,80.259,applicable,2.66,applicable,2.75,applicable,5.6,applicable,3.04,applicable,5.84,4062700
"100 Feet Rd, Velachery",Chennai,Chennai,Tamil Nadu,2022,0.0779,Conservation,12.9791,80.2209,applicable,5.55,applicable,0.89,applicable,5.14,applicable,0.84,applicable,2.34,100300
"NH 44, Tirunelveli",Tirunelveli,Tirunelveli,Tamil Nadu,2021,0.4969,Residential,8.7139,77.7567,applicable,1.45,applicable,4.95,applicable,3.04,notApplicable,0.0,notApplicable,0.0,2103800
Alagarkoil Rd,Madurai,Madurai,Tamil Nadu,2021,7.4017,Agricultural,9.9677,78.1653,applicable,2.87,applicable,2.81,notApplicable,0.0,notApplicable,0.0,applicable,2.8,11134000
Alagarkoil Rd,Madurai,Madurai,Tamil Nadu,2025,0.103,Agricultural,9.9677,78.1653,notApplicable,0.0,notApplicable,0.0,notApplicable,0.0,notApplicable,0.0,notApplicable,0.0,257500
Rajapalayam Rd,Virudhunagar,Virudhunagar,Tamil Nadu,2025,0.1003,Commercial,9.4523,77.5533,notApplicable,0.0,applicable,4.02,notApplicable,0.0,notApplicable,0.0,applicable,3.28,831000
"Trichy Rd, Singanallur",Coimbatore,Coimbatore,Tamil Nadu,2022,1.3693,Residential,10.9979,76.9994,applicable,2.61,applicable,5.19,notApplicable,0.0,applicable,2.04,applicable,1.69,7601700
"East Coast Rd, Thiruvanmiyur",Chennai,Chennai,Tamil Nadu,2022,2.9254,Conservation,12.9834,80.259,applicable,1.93,applicable,0.77,notApplicable,0.0,applicable,1.03,notApplicable,0.0,5187600
"Trichy Rd, Singanallur",Coimbatore,Coimbatore,Tamil Nadu,2021,3.4189,Industrial,10.9979,76.9994,notApplicable,0.0,applicable,0.37,applicable,3.87,notApplicable,0.0,applicable,5.5,26184100
"NH 44, Tirunelveli",Tirunelveli,Tirunelveli,Tamil Nadu,2021,3.8277,Conservation,8.7139,77.7567,applicable,3.33,notApplicable,0.0,applicable,1.18,notApplicable,0.0,applicable,1.62,3221000
"NH 44, Tirunelveli",Tirunelveli,Tirunelveli,Tamil Nadu,2021,0.3126,Industrial,8.7139,77.7567,applicable,2.4,notApplicable,0.0,applicable,2.24,notApplicable,0.0,notApplicable,0.0,1829200
Rajapalayam Rd,Virudhunagar,Virudhunagar,Tamil Nadu,2023,3.8038,Conservation,9.4523,77.5533,applicable,1.42,notApplicable,0.0,notApplicable,0.0,notApplicable,0.0,notApplicable,0.0,3897800
Ettayapuram Rd,Thoothukudi,Thoothukudi,Tamil Nadu,2023,1.5616,Commercial,8.813,78.1341,applicable,3.95,applicable,0.21,applicable,2.96,applicable,5.43,applicable,4.1,9471400
MTP Rd,Coimbatore,Coimbatore,Tamil Nadu,2024,0.0853,Industrial,11.0616,76.9366,notApplicable,0.0,notApplicable,0.0,applicable,2.38,applicable,3.69,notApplicable,0.0,719600
Simmakkal,Madurai,Madurai,Tamil Nadu,2021,0.0748,Agricultural,9.921,78.1197,notApplicable,0.0,applicable,3.83,notApplicable,0.0,applicable,4.89,notApplicable,0.0,126000
"Sathyamangalam Rd, Edayarpalayam",Erode,Erode,Tamil Nadu,2021,0.4666,Commercial,11.349,77.6951,notApplicable,0.0,applicable,1.19,applicable,1.32,applicable,4.49,applicable,4.1,3404100
"100 Feet Rd, Velachery",Chennai,Chennai,Tamil Nadu,2025,0.1728,Agricultural,12.9791,80.2209,notApplicable,0.0,applicable,5.82,applicable,4.13,notApplicable,0.0,applicable,3.76,416100
"Sathyamangalam Rd, Edayarpalayam",Erode,Erode,Tamil Nadu,2024,7.6326,Agricultural,11.349,77.6951,notApplicable,0.0,applicable,3.2,applicable,0.45,notApplicable,0.0,applicable,4.38,11756100
Bypass Rd,Madurai,Madurai,Tamil Nadu,2024,0.0543,Conservation,9.924,78.135,notApplicable,0.0,applicable,1.34,notApplicable,0.0,notApplicable,0.0,notApplicable,0.0,75100
"East Coast Rd, Thiruvanmiyur",Chennai,Chennai,Tamil Nadu,2021,1.3888,Agricultural,12.9834,80.259,notApplicable,0.0,applicable,4.97,applicable,3.21,notApplicable,0.0,notApplicable,0.0,3403600
"East Coast Rd, Thiruvanmiyur",Chennai,Chennai,Tamil Nadu,2025,0.0714,Conservation,12.9834,80.259,notApplicable,0.0,applicable,0.56,notApplicable,0.0,notApplicable,0.0,notApplicable,0.0,158600
"Dindigul Rd, Palani",Palani,Dindigul,Tamil Nadu,2025,1.5163,Commercial,10.4508,77.5148,notApplicable,0.0,applicable,4.77,notApplicable,0.0,applicable,3.82,notApplicable,0.0,47713500
Bypass Rd,Madurai,Madurai,Tamil Nadu,2025,1.5137,Conservation,9.924,78.135,applicable,5.08,applicable,5.45,applicable,0.93,notApplicable,0.0,applicable,3.15,1426600
"Sathyamangalam Rd, Edayarpalayam",Erode,Erode,Tamil Nadu,2024,2.7661,Conservation,11.349,77.6951,applicable,1.04,applicable,2.92,applicable,3.7,notApplicable,0.0,applicable,1.89,2416900
"NH 44, Tirunelveli",Tirunelveli,Tirunelveli,Tamil Nadu,2022,7.1522,Conservation,8.7139,77.7567,applicable,1.3,notApplicable,0.0,notApplicable,0.0,applicable,2.96,applicable,4.21,5706900
MTP Rd,Coimbatore,Coimbatore,Tamil Nadu,2025,0.0893,Commercial,11.0616,76.9366,applicable,1.49,applicable,1.54,applicable,3.82,applicable,1.59,applicable,4.46,903300
Alagarkoil Rd,Madurai,Madurai,Tamil Nadu,2022,0.5101,Industrial,9.9677,78.1653,applicable,4.64,applicable,0.45,applicable,0.37,applicable,1.35,applicable,1.21,3727400
MTP Rd,Coimbatore,Coimbatore,Tamil Nadu,2023,0.794,Residential,11.0616,76.9366,notApplicable,0.0,applicable,0.84,notApplicable,0.0,applicable,5.63,notApplicable,0.0,5859100
"Avinashi Rd, Peelamedu",Coimbatore,Coimbatore,Tamil Nadu,2023,7.9862,Commercial,11.0183,76.997,notApplicable,0.0,applicable,1.31,applicable,2.39,notApplicable,0.0,notApplicable,0.0,101041000
Rajapalayam Rd,Virudhunagar,Virudhunagar,Tamil Nadu,2022,1.381,Industrial,9.4523,77.5533,notApplicable,0.0,applicable,5.14,applicable,5.82,notApplicable,0.0,notApplicable,0.0,7463200
"Avinashi Rd, Peelamedu",Coimbatore,Coimbatore,Tamil Nadu,2024,0.7512,Agricultural,11.0183,76.997,applicable,4.35,applicable,3.07,applicable,1.76,applicable,2.53,applicable,5.54,1126800
"Dindigul Rd, Palani",Palani,Dindigul,Tamil Nadu,2022,3.3116,Residential,10.4508,77.5148,notApplicable,0.0,applicable,0.98,notApplicable,0.0,applicable,0.69,applicable,2.78,101643300
"Sathyamangalam Rd, Edayarpalayam",Erode,Erode,Tamil Nadu,2025,4.2051,Conservation,11.349,77.6951,applicable,2.28,applicable,0.68,applicable,5.09,applicable,3.17,applicable,3.93,3225300
"Avinashi Rd, Peelamedu",Coimbatore,Coimbatore,Tamil Nadu,2021,0.8005,Agricultural,11.0183,76.997,applicable,3.7,applicable,1.0,notApplicable,0.0,notApplicable,0.0,applicable,5.16,1483500
"NH 44, Tirunelveli",Tirunelveli,Tirunelveli,Tamil Nadu,2021,7.9811,Commercial,8.7139,77.7567,notApplicable,0.0,applicable,5.72,applicable,5.22,notApplicable,0.0,notApplicable,0.0,60512000
MTP Rd,Coimbatore,Coimbatore,Tamil Nadu,2024,4.8124,Residential,11.0616,76.9366,applicable,2.62,applicable,2.74,notApplicable,0.0,applicable,5.15,notApplicable,0.0,28582700
"100 Feet Rd, Velachery",Chennai,Chennai,Tamil Nadu,2022,1.2497,Conservation,12.9791,80.2209,applicable,3.32,applicable,2.09,notApplicable,0.0,applicable,0.33,notApplicable,0.0,2009200
"100 Feet Rd, Velachery",Chennai,Chennai,Tamil Nadu,2023,5.4433,Residential,12.9791,80.2209,notApplicable,0.0,applicable,0.83,applicable,3.5,notApplicable,0.0,applicable,2.82,46031100
"East Coast Rd, Thiruvanmiyur",Chennai,Chennai,Tamil Nadu,2021,0.1045,Residential,12.9834,80.259,applicable,4.03,applicable,0.61,notApplicable,0.0,applicable,0.53,applicable,3.21,815200
Simmakkal,Madurai,Madurai,Tamil Nadu,2024,0.032,Industrial,9.921,78.1197,applicable,4.94,notApplicable,0.0,applicable,4.06,notApplicable,0.0,applicable,1.12,222800
"Trichy Rd, Singanallur",Coimbatore,Coimbatore,Tamil Nadu,2022,0.3897,Conservation,10.9979,76.9994,applicable,3.5,notApplicable,0.0,notApplicable,0.0,applicable,3.05,applicable,2.88,391200
"East Coast Rd, Thiruvanmiyur",Chennai,Chennai,Tamil Nadu,2024,0.4449,Commercial,12.9834,80.259,applicable,4.02,applicable,4.25,notApplicable,0.0,applicable,0.75,applicable,4.25,5410100
Simmakkal,Madurai,Madurai,Tamil Nadu,2023,0.3382,Residential,9.921,78.1197,notApplicable,0.0,applicable,4.58,notApplicable,0.0,applicable,3.13,applicable,4.72,1694300
"100 Feet Rd, Velachery",Chennai,Chennai,Tamil Nadu,2022,6.1669,Commercial,12.9791,80.2209,applicable,0.87,applicable,5.52,notApplicable,0.0,applicable,2.1,applicable,4.54,76037300
"East Coast Rd, Thiruvanmiyur",Chennai,Chennai,Tamil Nadu,2025,1.1566,Agricultural,12.9834,80.259,notApplicable,0.0,applicable,3.3,applicable,2.47,applicable,0.65,applicable,4.63,2829100
"100 Feet Rd, Velachery",Chennai,Chennai,Tamil Nadu,2023,5.1938,Industrial,12.9791,80.2209,applicable,5.4,notApplicable,0.0,notApplicable,0.0,notApplicable,0.0,notApplicable,0.0,60844900
"Trichy Rd, Singanallur",Coimbatore,Coimbatore,Tamil Nadu,2021,0.167,Industrial,10.9979,76.9994,applicable,2.16,applicable,1.31,applicable,4.08,applicable,1.48,notApplicable,0.0,1205300
Ettayapuram Rd,Thoothukudi,Thoothukudi,Tamil Nadu,2022,0.3294,Residential,8.813,78.1341,applicable,0.81,notApplicable,0.0,applicable,2.08,applicable,0.29,applicable,3.99,1529100
"Avinashi Rd, Peelamedu",Coimbatore,Coimbatore,Tamil Nadu,2022,0.0192,Industrial,11.0183,76.997,notApplicable,0.0,applicable,4.33,notApplicable,0.0,applicable,4.79,notApplicable,0.0,152700
Rajapalayam Rd,Virudhunagar,Virudhunagar,Tamil Nadu,2023,0.36,Residential,9.4523,77.5533,applicable,3.0,applicable,2.14,notApplicable,0.0,applicable,3.73,notApplicable,0.0,1473800
Bypass Rd,Madurai,Madurai,Tamil Nadu,2022,0.0805,Conservation,9.924,78.135,applicable,2.37,applicable,1.92,notApplicable,0.0,notApplicable,0.0,applicable,1.08,88600
"Dindigul Rd, Palani",Palani,Dindigul,Tamil Nadu,2025,1.816,Residential,10.4508,77.5148,applicable,1.87,applicable,0.34,applicable,5.11,notApplicable,0.0,applicable,2.12,55017500
Gandhipuram Cross Cut,Coimbatore,Coimbatore,Tamil Nadu,2022,0.0951,Residential,11.0175,76.9725,applicable,5.64,applicable,0.93,notApplicable,0.0,applicable,1.21,notApplicable,0.0,655100
Ettayapuram Rd,Thoothukudi,Thoothukudi,Tamil Nadu,2022,0.2992,Residential,8.813,78.1341,applicable,3.89,applicable,1.78,applicable,4.73,applicable,0.66,applicable,5.84,1090200
"100 Feet Rd, Velachery",Chennai,Chennai,Tamil Nadu,2024,2.9353,Industrial,12.9791,80.2209,applicable,3.65,applicable,1.09,notApplicable,0.0,notApplicable,0.0,notApplicable,0.0,35323200
"Trichy Rd, Singanallur",Coimbatore,Coimbatore,Tamil Nadu,2024,1.3432,Industrial,10.9979,76.9994,applicable,3.1,applicable,4.41,applicable,3.05,applicable,5.57,applicable,5.65,7464200
Alagarkoil Rd,Madurai,Madurai,Tamil Nadu,2024,0.0531,Industrial,9.9677,78.1653,applicable,5.5,applicable,4.39,applicable,3.16,applicable,3.03,applicable,4.19,255900
Gandhipuram Cross Cut,Coimbatore,Coimbatore,Tamil Nadu,2024,0.113,Industrial,11.0175,76.9725,applicable,1.67,applicable,3.69,applicable,5.72,applicable,5.08,applicable,0.27,777400
Gandhipuram Cross Cut,Coimbatore,Coimbatore,Tamil Nadu,2024,7.4597,Industrial,11.0175,76.9725,applicable,5.34,applicable,3.6,notApplicable,0.0,notApplicable,0.0,applicable,4.46,54679200
MTP Rd,Coimbatore,Coimbatore,Tamil Nadu,2021,0.4218,Agricultural,11.0616,76.9366,notApplicable,0.0,applicable,0.21,applicable,0.61,notApplicable,0.0,notApplicable,0.0,1072300
"NH 44, Tirunelveli",Tirunelveli,Tirunelveli,Tamil Nadu,2023,0.2097,Industrial,8.7139,77.7567,applicable,1.37,applicable,4.55,applicable,4.89,notApplicable,0.0,applicable,1.31,1127400
Simmakkal,Madurai,Madurai,Tamil Nadu,2024,1.8025,Industrial,9.921,78.1197,applicable,3.01,applicable,4.61,applicable,0.26,applicable,1.74,applicable,5.74,10813900
Ettayapuram Rd,Thoothukudi,Thoothukudi,Tamil Nadu,2021,1.0635,Agricultural,8.813,78.1341,notApplicable,0.0,applicable,5.36,applicable,6.0,applicable,4.94,applicable,5.66,1099200
Bypass Rd,Madurai,Madurai,Tamil Nadu,2021,2.0185,Conservation,9.924,78.135,notApplicable,0.0,notApplicable,0.0,applicable,1.82,notApplicable,0.0,notApplicable,0.0,2470400
Simmakkal,Madurai,Madurai,Tamil Nadu,2023,0.3902,Residential,9.921,78.1197,applicable,5.27,applicable,5.82,notApplicable,0.0,applicable,4.47,applicable,4.13,1681000
"Sathyamangalam Rd, Edayarpalayam",Erode,Erode,Tamil Nadu,2025,7.6489,Industrial,11.349,77.6951,notApplicable,0.0,notApplicable,0.0,notApplicable,0.0,notApplicable,0.0,applicable,1.33,60413200
"NH 44, Tirunelveli",Tirunelveli,Tirunelveli,Tamil Nadu,2025,6.9941,Conservation,8.7139,77.7567,applicable,1.43,applicable,4.57,applicable,4.03,notApplicable,0.0,applicable,0.72,5990200
MTP Rd,Coimbatore,Coimbatore,Tamil Nadu,2022,1.0752,Agricultural,11.0616,76.9366,applicable,3.87,notApplicable,0.0,notApplicable,0.0,notApplicable,0.0,notApplicable,0.0,2400000
Ettayapuram Rd,Thoothukudi,Thoothukudi,Tamil Nadu,2022,5.8639,Commercial,8.813,78.1341,notApplicable,0.0,applicable,5.8,notApplicable,0.0,notApplicable,0.0,notApplicable,0.0,52793400
"Avinashi Rd, Peelamedu",Coimbatore,Coimbatore,Tamil Nadu,2023,0.1807,Residential,11.0183,76.997,notApplicable,0.0,applicable,3.55,applicable,0.21,notApplicable,0.0,notApplicable,0.0,1364500
"NH 44, Tirunelveli",Tirunelveli,Tirunelveli,Tamil Nadu,2024,0.2619,Residential,8.7139,77.7567,applicable,2.87,applicable,1.04,applicable,5.67,applicable,5.06,applicable,3.1,930400
Rajapalayam Rd,Virudhunagar,Virudhunagar,Tamil Nadu,2022,1.7416,Commercial,9.4523,77.5533,applicable,2.97,notApplicable,0.0,applicable,5.01,notApplicable,0.0,notApplicable,0.0,12623900
MTP Rd,Coimbatore,Coimbatore,Tamil Nadu,2021,0.2666,Industrial,11.0616,76.9366,notApplicable,0.0,applicable,2.47,notApplicable,0.0,applicable,5.91,applicable,4.02,1823400
"Dindigul Rd, Palani",Palani,Dindigul,Tamil Nadu,2024,6.5463,Conservation,10.4508,77.5148,applicable,3.38,applicable,0.76,applicable,2.08,notApplicable,0.0,notApplicable,0.0,8949100
Simmakkal,Madurai,Madurai,Tamil Nadu,2023,0.7063,Agricultural,9.921,78.1197,notApplicable,0.0,applicable,2.3,notApplicable,0.0,applicable,5.17,applicable,0.79,1299100
Simmakkal,Madurai,Madurai,Tamil Nadu,2024,0.1431,Residential,9.921,78.1197,applicable,2.16,applicable,2.72,notApplicable,0.0,applicable,1.06,applicable,4.39,750400
"East Coast Rd, Thiruvanmiyur",Chennai,Chennai,Tamil Nadu,2024,5.9168,Residential,12.9834,80.259,notApplicable,0.0,notApplicable,0.0,notApplicable,0.0,applicable,4.95,applicable,2.42,52497700
"Sathyamangalam Rd, Edayarpalayam",Erode,Erode,Tamil Nadu,2021,0.1789,Commercial,11.349,77.6951,applicable,4.81,applicable,1.25,applicable,3.01,applicable,3.94,notApplicable,0.0,1184000
Rajapalayam Rd,Virudhunagar,Virudhunagar,Tamil Nadu,2021,5.2251,Residential,9.4523,77.5533,notApplicable,0.0,applicable,3.03,applicable,3.21,notApplicable,0.0,notApplicable,0.0,22109100
MTP Rd,Coimbatore,Coimbatore,Tamil Nadu,2022,0.4642,Agricultural,11.0616,76.9366,applicable,3.99,applicable,0.71,applicable,1.69,applicable,4.57,applicable,0.69,818600
"Trichy Rd, Singanallur",Coimbatore,Coimbatore,Tamil Nadu,2025,0.034,Commercial,10.9979,76.9994,notApplicable,0.0,applicable,3.55,notApplicable,0.0,notApplicable,0.0,applicable,4.23,401600
Alagarkoil Rd,Madurai,Madurai,Tamil Nadu,2025,0.0815,Conservation,9.9677,78.1653,applicable,1.45,applicable,2.28,notApplicable,0.0,notApplicable,0.0,applicable,0.95,102700
"East Coast Rd, Thiruvanmiyur",Chennai,Chennai,Tamil Nadu,2023,0.745,Conservation,12.9834,80.259,applicable,1.76,notApplicable,0.0,applicable,3.87,applicable,3.94,applicable,4.34,919300
Gandhipuram Cross Cut,Coimbatore,Coimbatore,Tamil Nadu,2025,6.7267,Conservation,11.0175,76.9725,applicable,3.38,applicable,0.58,applicable,3.91,applicable,2.3,applicable,2.13,6907700
Simmakkal,Madurai,Madurai,Tamil Nadu,2023,0.0114,Residential,9.921,78.1197,notApplicable,0.0,applicable,4.88,applicable,0.75,notApplicable,0.0,applicable,2.22,68100
"Trichy Rd, Singanallur",Coimbatore,Coimbatore,Tamil Nadu,2023,7.6791,Conservation,10.9979,76.9994,applicable,5.32,notApplicable,0.0,notApplicable,0.0,notApplicable,0.0,applicable,2.54,9455500
"Trichy Rd, Singanallur",Coimbatore,Coimbatore,Tamil Nadu,2025,0.714,Agricultural,10.9979,76.9994,applicable,3.73,applicable,4.3,notApplicable,0.0,notApplicable,0.0,applicable,1.26,1512500
Ettayapuram Rd,Thoothukudi,Thoothukudi,Tamil Nadu,2025,0.4834,Industrial,8.813,78.1341,applicable,0.72,notApplicable,0.0,notApplicable,0.0,applicable,0.66,applicable,4.43,3378100
"100 Feet Rd, Velachery",Chennai,Chennai,Tamil Nadu,2021,0.0218,Conservation,12.9791,80.2209,notApplicable,0.0,applicable,3.19,applicable,5.99,notApplicable,0.0,applicable,5.35,27800
Bypass Rd,Madurai,Madurai,Tamil Nadu,2025,0.5109,Agricultural,9.924,78.135,applicable,3.26,applicable,3.73,notApplicable,0.0,notApplicable,0.0,notApplicable,0.0,971500
"100 Feet Rd, Velachery",Chennai,Chennai,Tamil Nadu,2022,0.0345,Conservation,12.9791,80.2209,applicable,1.65,applicable,3.33,applicable,4.65,applicable,0.88,notApplicable,0.0,47400
"Trichy Rd, Singanallur",Coimbatore,Coimbatore,Tamil Nadu,2022,0.0103,Commercial,10.9979,76.9994,notApplicable,0.0,notApplicable,0.0,notApplicable,0.0,applicable,2.87,applicable,1.93,116500
Alagarkoil Rd,Madurai,Madurai,Tamil Nadu,2024,0.1855,Residential,9.9677,78.1653,applicable,2.93,notApplicable,0.0,applicable,2.37,notApplicable,0.0,applicable,2.31,1041800
"NH 44, Tirunelveli",Tirunelveli,Tirunelveli,Tamil Nadu,2021,2.8392,Commercial,8.7139,77.7567,applicable,0.98,notApplicable,0.0,notApplicable,0.0,applicable,2.64,applicable,2.12,21987400
Gandhipuram Cross Cut,Coimbatore,Coimbatore,Tamil Nadu,2024,4.9344,Residential,11.0175,76.9725,notApplicable,0.0,applicable,3.11,applicable,5.56,notApplicable,0.0,notApplicable,0.0,34099900
Bypass Rd,Madurai,Madurai,Tamil Nadu,2021,0.1441,Residential,9.924,78.135,notApplicable,0.0,applicable,4.48,notApplicable,0.0,applicable,2.72,notApplicable,0.0,802100
"Sathyamangalam Rd, Edayarpalayam",Erode,Erode,Tamil Nadu,2024,0.0447,Agricultural,11.349,77.6951,notApplicable,0.0,notApplicable,0.0,applicable,4.3,notApplicable,0.0,applicable,4.9,70300
"NH 44, Tirunelveli",Tirunelveli,Tirunelveli,Tamil Nadu,2022,0.0364,Conservation,8.7139,77.7567,applicable,3.78,applicable,0.73,notApplicable,0.0,notApplicable,0.0,applicable,0.5,34900
"Trichy Rd, Singanallur",Coimbatore,Coimbatore,Tamil Nadu,2022,1.2648,Residential,10.9979,76.9994,applicable,5.39,applicable,1.25,notApplicable,0.0,notApplicable,0.0,applicable,0.2,9046500
Alagarkoil Rd,Madurai,Madurai,Tamil Nadu,2023,3.109,Residential,9.9677,78.1653,applicable,5.2,applicable,2.12,applicable,4.5,applicable,2.3,applicable,4.72,12836900
Alagarkoil Rd,Madurai,Madurai,Tamil Nadu,2023,0.0394,Residential,9.9677,78.1653,applicable,2.79,notApplicable,0.0,notApplicable,0.0,notApplicable,0.0,applicable,0.77,261200
Rajapalayam Rd,Virudhunagar,Virudhunagar,Tamil Nadu,2023,0.1115,Commercial,9.4523,77.5533,applicable,5.11,applicable,3.45,notApplicable,0.0,notApplicable,0.0,notApplicable,0.0,841400
Alagarkoil Rd,Madurai,Madurai,Tamil Nadu,2021,0.1375,Industrial,9.9677,78.1653,applicable,0.55,applicable,5.84,notApplicable,0.0,applicable,1.3,notApplicable,0.0,1010000
"Sathyamangalam Rd, Edayarpalayam",Erode,Erode,Tamil Nadu,2025,4.3049,Conservation,11.349,77.6951,applicable,4.24,applicable,5.3,applicable,4.79,applicable,2.84,applicable,4.3,2762100
"Trichy Rd, Singanallur",Coimbatore,Coimbatore,Tamil Nadu,2023,0.3433,Residential,10.9979,76.9994,applicable,5.27,applicable,0.5,notApplicable,0.0,applicable,5.88,applicable,5.94,1926100
"East Coast Rd, Thiruvanmiyur",Chennai,Chennai,Tamil Nadu,2023,0.9868,Agricultural,12.9834,80.259,notApplicable,0.0,applicable,4.93,notApplicable,0.0,applicable,4.98,applicable,1.47,2462400
"100 Feet Rd, Velachery",Chennai,Chennai,Tamil Nadu,2021,0.0852,Commercial,12.9791,80.2209,notApplicable,0.0,applicable,3.71,notApplicable,0.0,applicable,1.4,applicable,2.76,1103500
"Avinashi Rd, Peelamedu",Coimbatore,Coimbatore,Tamil Nadu,2024,4.2118,Conservation,11.0183,76.997,applicable,3.05,applicable,4.43,applicable,3.96,notApplicable,0.0,applicable,0.32,4492600
"100 Feet Rd, Velachery",Chennai,Chennai,Tamil Nadu,2025,4.7301,Industrial,12.9791,80.2209,applicable,2.39,applicable,0.32,notApplicable,0.0,notApplicable,0.0,applicable,4.99,54949300
Gandhipuram Cross Cut,Coimbatore,Coimbatore,Tamil Nadu,2022,0.0448,Agricultural,11.0175,76.9725,notApplicable,0.0,applicable,5.15,notApplicable,0.0,notApplicable,0.0,notApplicable,0.0,101200
"100 Feet Rd, Velachery",Chennai,Chennai,Tamil Nadu,2025,0.4354,Industrial,12.9791,80.2209,applicable,0.8,applicable,1.92,notApplicable,0.0,applicable,3.17,notApplicable,0.0,5092300
"100 Feet Rd, Velachery",Chennai,Chennai,Tamil Nadu,2022,0.2995,Agricultural,12.9791,80.2209,notApplicable,0.0,applicable,3.05,notApplicable,0.0,notApplicable,0.0,notApplicable,0.0,881000
"Avinashi Rd, Peelamedu",Coimbatore,Coimbatore,Tamil Nadu,2023,0.06,Agricultural,11.0183,76.997,notApplicable,0.0,applicable,4.14,applicable,1.07,notApplicable,0.0,applicable,4.07,116600
Simmakkal,Madurai,Madurai,Tamil Nadu,2023,1.2489,Commercial,9.921,78.1197,notApplicable,0.0,applicable,1.06,applicable,4.0,applicable,2.06,notApplicable,0.0,12439600
MTP Rd,Coimbatore,Coimbatore,Tamil Nadu,2021,1.5901,Industrial,11.0616,76.9366,notApplicable,0.0,applicable,4.22,applicable,2.6,applicable,4.8,applicable,2.13,9823600
Gandhipuram Cross Cut,Coimbatore,Coimbatore,Tamil Nadu,2024,0.324,Residential,11.0175,76.9725,applicable,4.54,applicable,4.28,applicable,1.56,notApplicable,0.0,applicable,0.22,2136000
"Dindigul Rd, Palani",Palani,Dindigul,Tamil Nadu,2025,0.6652,Commercial,10.4508,77.5148,notApplicable,0.0,notApplicable,0.0,notApplicable,0.0,applicable,5.15,applicable,5.84,20138800
Simmakkal,Madurai,Madurai,Tamil Nadu,2021,0.1146,Residential,9.921,78.1197,applicable,2.97,applicable,3.64,applicable,1.12,applicable,1.05,applicable,1.02,563800
"Dindigul Rd, Palani",Palani,Dindigul,Tamil Nadu,2024,1.6153,Conservation,10.4508,77.5148,applicable,0.85,applicable,0.55,applicable,3.93,notApplicable,0.0,applicable,3.7,1996100
"100 Feet Rd, Velachery",Chennai,Chennai,Tamil Nadu,2024,1.814,Agricultural,12.9791,80.2209,notApplicable,0.0,applicable,5.84,notApplicable,0.0,applicable,3.22,applicable,5.87,4110000
"Avinashi Rd, Peelamedu",Coimbatore,Coimbatore,Tamil Nadu,2025,0.0178,Industrial,11.0183,76.997,notApplicable,0.0,applicable,1.16,applicable,4.86,notApplicable,0.0,notApplicable,0.0,171000
"Avinashi Rd, Peelamedu",Coimbatore,Coimbatore,Tamil Nadu,2021,0.2769,Commercial,11.0183,76.997,applicable,1.99,applicable,3.4,applicable,3.9,notApplicable,0.0,notApplicable,0.0,2675300
"Trichy Rd, Singanallur",Coimbatore,Coimbatore,Tamil Nadu,2025,1.6853,Agricultural,10.9979,76.9994,applicable,3.1,applicable,2.02,notApplicable,0.0,notApplicable,0.0,notApplicable,0.0,3792400
Alagarkoil Rd,Madurai,Madurai,Tamil Nadu,2021,0.4638,Residential,9.9677,78.1653,applicable,1.14,applicable,4.16,applicable,0.66,notApplicable,0.0,applicable,3.83,2403300
"Avinashi Rd, Peelamedu",Coimbatore,Coimbatore,Tamil Nadu,2022,1.9455,Residential,11.0183,76.997,applicable,0.43,applicable,4.33,applicable,4.16,notApplicable,0.0,notApplicable,0.0,12368300
Rajapalayam Rd,Virudhunagar,Virudhunagar,Tamil Nadu,2021,0.1441,Conservation,9.4523,77.5533,applicable,0.71,notApplicable,0.0,applicable,0.75,notApplicable,0.0,notApplicable,0.0,141900
"Trichy Rd, Singanallur",Coimbatore,Coimbatore,Tamil Nadu,2021,3.0751,Residential,10.9979,76.9994,applicable,1.01,applicable,0.92,applicable,3.5,notApplicable,0.0,applicable,0.43,20706100
Bypass Rd,Madurai,Madurai,Tamil Nadu,2025,1.0501,Industrial,9.924,78.135,applicable,4.16,applicable,3.8,applicable,3.93,applicable,4.5,notApplicable,0.0,5834600
Simmakkal,Madurai,Madurai,Tamil Nadu,2021,0.0316,Conservation,9.921,78.1197,applicable,3.3,notApplicable,0.0,notApplicable,0.0,applicable,4.95,applicable,0.83,30600
"East Coast Rd, Thiruvanmiyur",Chennai,Chennai,Tamil Nadu,2024,7.9786,Industrial,12.9834,80.259,applicable,5.7,applicable,1.04,applicable,1.44,applicable,3.5,applicable,5.93,68375500
"Dindigul Rd, Palani",Palani,Dindigul,Tamil Nadu,2024,2.1377,Commercial,10.4508,77.5148,applicable,1.93,applicable,4.33,applicable,5.25,applicable,3.24,applicable,4.08,69023000
"East Coast Rd, Thiruvanmiyur",Chennai,Chennai,Tamil Nadu,2023,7.6516,Industrial,12.9834,80.259,applicable,4.22,applicable,2.46,applicable,0.26,notApplicable,0.0,applicable,4.74,71681000
"East Coast Rd, Thiruvanmiyur",Chennai,Chennai,Tamil Nadu,2025,1.7353,Conservation,12.9834,80.259,applicable,4.79,notApplicable,0.0,notApplicable,0.0,applicable,4.11,applicable,1.72,2653500
"Sathyamangalam Rd, Edayarpalayam",Erode,Erode,Tamil Nadu,2024,0.3524,Residential,11.349,77.6951,applicable,5.72,applicable,5.84,applicable,3.55,applicable,0.28,applicable,4.92,1330900
"Trichy Rd, Singanallur",Coimbatore,Coimbatore,Tamil Nadu,2021,1.184,Conservation,10.9979,76.9994,notApplicable,0.0,applicable,2.86,notApplicable,0.0,applicable,2.36,notApplicable,0.0,1423000
"100 Feet Rd, Velachery",Chennai,Chennai,Tamil Nadu,2024,1.5328,Conservation,12.9791,80.2209,notApplicable,0.0,notApplicable,0.0,notApplicable,0.0,applicable,5.06,applicable,0.72,2660900
Bypass Rd,Madurai,Madurai,Tamil Nadu,2024,0.115,Agricultural,9.924,78.135,applicable,0.86,notApplicable,0.0,applicable,5.17,notApplicable,0.0,applicable,5.71,200500
Ettayapuram Rd,Thoothukudi,Thoothukudi,Tamil Nadu,2024,1.677,Industrial,8.813,78.1341,notApplicable,0.0,applicable,5.44,applicable,5.47,notApplicable,0.0,applicable,4.11,8490900
Bypass Rd,Madurai,Madurai,Tamil Nadu,2021,1.7612,Agricultural,9.924,78.135,applicable,1.32,notApplicable,0.0,notApplicable,0.0,applicable,3.94,notApplicable,0.0,3199100
Ettayapuram Rd,Thoothukudi,Thoothukudi,Tamil Nadu,2024,1.966,Conservation,8.813,78.1341,applicable,3.86,applicable,4.75,applicable,5.09,notApplicable,0.0,applicable,3.84,1311400
"NH 44, Tirunelveli",Tirunelveli,Tirunelveli,Tamil Nadu,2023,0.1826,Residential,8.7139,77.7567,applicable,4.51,applicable,0.96,notApplicable,0.0,applicable,2.83,applicable,3.86,731500
"Avinashi Rd, Peelamedu",Coimbatore,Coimbatore,Tamil Nadu,2023,6.8426,Residential,11.0183,76.997,notApplicable,0.0,applicable,3.9,applicable,3.56,notApplicable,0.0,applicable,0.8,44077100
Rajapalayam Rd,Virudhunagar,Virudhunagar,Tamil Nadu,2021,0.7709,Agricultural,9.4523,77.5533,notApplicable,0.0,applicable,3.02,applicable,3.83,notApplicable,0.0,applicable,1.42,950000
Alagarkoil Rd,Madurai,Madurai,Tamil Nadu,2022,0.0352,Industrial,9.9677,78.1653,applicable,0.23,applicable,3.23,applicable,1.68,notApplicable,0.0,applicable,0.91,258400
"NH 44, Tirunelveli",Tirunelveli,Tirunelveli,Tamil Nadu,2025,0.2033,Agricultural,8.7139,77.7567,applicable,1.79,applicable,1.36,applicable,0.73,notApplicable,0.0,applicable,4.31,316700
"Sathyamangalam Rd, Edayarpalayam",Erode,Erode,Tamil Nadu,2024,0.7896,Industrial,11.349,77.6951,notApplicable,0.0,applicable,1.39,notApplicable,0.0,notApplicable,0.0,applicable,4.39,5463800
"Sathyamangalam Rd, Edayarpalayam",Erode,Erode,Tamil Nadu,2025,5.6438,Industrial,11.349,77.6951,applicable,5.36,applicable,5.76,notApplicable,0.0,notApplicable,0.0,applicable,1.67,34134300
Rajapalayam Rd,Virudhunagar,Virudhunagar,Tamil Nadu,2023,0.1901,Conservation,9.4523,77.5533,applicable,0.91,applicable,2.05,notApplicable,0.0,applicable,0.26,notApplicable,0.0,186500
"Sathyamangalam Rd, Edayarpalayam",Erode,Erode,Tamil Nadu,2023,0.3466,Conservation,11.349,77.6951,applicable,0.63,applicable,5.38,notApplicable,0.0,notApplicable,0.0,notApplicable,0.0,364400
Ettayapuram Rd,Thoothukudi,Thoothukudi,Tamil Nadu,2023,0.1239,Industrial,8.813,78.1341,notApplicable,0.0,applicable,2.42,applicable,3.54,applicable,1.85,applicable,3.93,607500
"Dindigul Rd, Palani",Palani,Dindigul,Tamil Nadu,2023,0.0283,Industrial,10.4508,77.5148,applicable,1.95,applicable,2.04,applicable,2.21,notApplicable,0.0,applicable,0.66,241700
"Sathyamangalam Rd, Edayarpalayam",Erode,Erode,Tamil Nadu,2021,0.0651,Conservation,11.349,77.6951,notApplicable,0.0,notApplicable,0.0,applicable,1.0,applicable,5.96,notApplicable,0.0,62300
MTP Rd,Coimbatore,Coimbatore,Tamil Nadu,2022,0.0338,Industrial,11.0616,76.9366,notApplicable,0.0,notApplicable,0.0,applicable,5.69,notApplicable,0.0,applicable,0.64,296900
Rajapalayam Rd,Virudhunagar,Virudhunagar,Tamil Nadu,2023,1.3752,Industrial,9.4523,77.5533,notApplicable,0.0,applicable,2.79,notApplicable,0.0,notApplicable,0.0,applicable,0.91,8639000
Rajapalayam Rd,Virudhunagar,Virudhunagar,Tamil Nadu,2024,1.5963,Industrial,9.4523,77.5533,notApplicable,0.0,applicable,3.95,applicable,5.16,notApplicable,0.0,applicable,4.23,7664000
"Sathyamangalam Rd, Edayarpalayam",Erode,Erode,Tamil Nadu,2022,0.0118,Agricultural,11.349,77.6951,applicable,5.68,notApplicable,0.0,notApplicable,0.0,notApplicable,0.0,applicable,4.31,17400
Simmakkal,Madurai,Madurai,Tamil Nadu,2021,0.2266,Conservation,9.921,78.1197,notApplicable,0.0,applicable,5.25,applicable,3.96,applicable,1.05,applicable,5.28,191500
"Avinashi Rd, Peelamedu",Coimbatore,Coimbatore,Tamil Nadu,2024,1.4928,Agricultural,11.0183,76.997,applicable,2.7,applicable,2.14,applicable,2.76,applicable,2.34,applicable,0.48,2597500
Bypass Rd,Madurai,Madurai,Tamil Nadu,2023,5.6447,Residential,9.924,78.135,applicable,5.39,applicable,3.54,applicable,1.58,applicable,3.29,applicable,1.8,25018100
MTP Rd,Coimbatore,Coimbatore,Tamil Nadu,2024,6.1501,Industrial,11.0616,76.9366,applicable,4.46,applicable,0.75,applicable,3.12,applicable,4.26,applicable,2.97,37384300
MTP Rd,Coimbatore,Coimbatore,Tamil Nadu,2022,0.1743,Residential,11.0616,76.9366,notApplicable,0.0,applicable,5.31,applicable,1.19,applicable,4.61,notApplicable,0.0,1060300
Alagarkoil Rd,Madurai,Madurai,Tamil Nadu,2025,0.0101,Industrial,9.9677,78.1653,applicable,1.05,notApplicable,0.0,notApplicable,0.0,notApplicable,0.0,applicable,0.74,93100
MTP Rd,Coimbatore,Coimbatore,Tamil Nadu,2024,1.3186,Commercial,11.0616,76.9366,applicable,4.69,applicable,5.17,applicable,5.43,notApplicable,0.0,notApplicable,0.0,13176700
"East Coast Rd, Thiruvanmiyur",Chennai,Chennai,Tamil Nadu,2025,0.1573,Commercial,12.9834,80.259,applicable,1.4,applicable,0.72,applicable,5.54,notApplicable,0.0,applicable,2.39,2224500
"Trichy Rd, Singanallur",Coimbatore,Coimbatore,Tamil Nadu,2024,0.7624,Conservation,10.9979,76.9994,notApplicable,0.0,applicable,0.44,applicable,3.22,notApplicable,0.0,applicable,2.19,1002800
Bypass Rd,Madurai,Madurai,Tamil Nadu,2025,7.8168,Industrial,9.924,78.135,notApplicable,0.0,applicable,3.44,notApplicable,0.0,notApplicable,0.0,applicable,1.14,65396900
"East Coast Rd, Thiruvanmiyur",Chennai,Chennai,Tamil Nadu,2021,2.7406,Commercial,12.9834,80.259,applicable,2.23,applicable,1.84,notApplicable,0.0,applicable,5.18,applicable,4.06,30926600
"100 Feet Rd, Velachery",Chennai,Chennai,Tamil Nadu,2023,1.1481,Agricultural,12.9791,80.2209,applicable,2.65,applicable,5.81,applicable,0.77,notApplicable,0.0,applicable,1.72,2755200
"Trichy Rd, Singanallur",Coimbatore,Coimbatore,Tamil Nadu,2025,0.4566,Residential,10.9979,76.9994,applicable,5.58,applicable,2.87,applicable,1.26,applicable,4.74,applicable,5.04,2227400
"NH 44, Tirunelveli",Tirunelveli,Tirunelveli,Tamil Nadu,2023,4.1252,Industrial,8.7139,77.7567,applicable,2.64,applicable,4.58,applicable,3.77,notApplicable,0.0,notApplicable,0.0,21164800
"Avinashi Rd, Peelamedu",Coimbatore,Coimbatore,Tamil Nadu,2025,0.0622,Conservation,11.0183,76.997,notApplicable,0.0,applicable,5.27,applicable,2.87,applicable,0.52,notApplicable,0.0,77500
Simmakkal,Madurai,Madurai,Tamil Nadu,2023,0.0932,Agricultural,9.921,78.1197,applicable,3.19,applicable,3.46,applicable,5.81,notApplicable,0.0,notApplicable,0.0,142200
Gandhipuram Cross Cut,Coimbatore,Coimbatore,Tamil Nadu,2023,0.4017,Residential,11.0175,76.9725,applicable,1.38,applicable,2.95,notApplicable,0.0,applicable,5.03,applicable,2.77,2174700
"East Coast Rd, Thiruvanmiyur",Chennai,Chennai,Tamil Nadu,2024,0.8524,Commercial,12.9834,80.259,notApplicable,0.0,applicable,3.89,notApplicable,0.0,notApplicable,0.0,applicable,1.27,14039900
Gandhipuram Cross Cut,Coimbatore,Coimbatore,Tamil Nadu,2022,0.8005,Residential,11.0175,76.9725,applicable,4.25,notApplicable,0.0,applicable,0.82,notApplicable,0.0,applicable,2.62,5022900
"Dindigul Rd, Palani",Palani,Dindigul,Tamil Nadu,2024,2.2045,Commercial,10.4508,77.5148,applicable,1.81,notApplicable,0.0,notApplicable,0.0,applicable,5.89,notApplicable,0.0,74342000
"NH 44, Tirunelveli",Tirunelveli,Tirunelveli,Tamil Nadu,2023,0.3338,Residential,8.7139,77.7567,applicable,1.81,applicable,4.62,applicable,1.96,notApplicable,0.0,notApplicable,0.0,1552600
Simmakkal,Madurai,Madurai,Tamil Nadu,2024,0.7706,Industrial,9.921,78.1197,applicable,2.54,applicable,0.46,notApplicable,0.0,applicable,5.14,applicable,1.12,5441000
"East Coast Rd, Thiruvanmiyur",Chennai,Chennai,Tamil Nadu,2024,0.231,Industrial,12.9834,80.259,applicable,5.55,notApplicable,0.0,notApplicable,0.0,applicable,0.56,notApplicable,0.0,2731200
"Dindigul Rd, Palani",Palani,Dindigul,Tamil Nadu,2024,1.761,Agricultural,10.4508,77.5148,applicable,1.34,applicable,3.05,applicable,4.14,notApplicable,0.0,applicable,1.51,3466800
Bypass Rd,Madurai,Madurai,Tamil Nadu,2022,0.022,Conservation,9.924,78.135,notApplicable,0.0,notApplicable,0.0,applicable,0.62,applicable,1.27,applicable,4.43,24700
Gandhipuram Cross Cut,Coimbatore,Coimbatore,Tamil Nadu,2024,1.7414,Conservation,11.0175,76.9725,applicable,2.38,applicable,0.61,applicable,0.65,applicable,4.74,applicable,1.93,1981200
"Avinashi Rd, Peelamedu",Coimbatore,Coimbatore,Tamil Nadu,2025,1.732,Agricultural,11.0183,76.997,applicable,3.3,applicable,1.6,notApplicable,0.0,applicable,3.2,applicable,3.75,2973600
Rajapalayam Rd,Virudhunagar,Virudhunagar,Tamil Nadu,2025,1.2065,Agricultural,9.4523,77.5533,applicable,0.54,applicable,1.38,applicable,4.94,applicable,2.11,notApplicable,0.0,1772400
"Dindigul Rd, Palani",Palani,Dindigul,Tamil Nadu,2024,0.0202,Residential,10.4508,77.5148,applicable,5.35,applicable,2.98,applicable,0.95,notApplicable,0.0,notApplicable,0.0,562900
"Sathyamangalam Rd, Edayarpalayam",Erode,Erode,Tamil Nadu,2022,0.301,Conservation,11.349,77.6951,applicable,5.19,applicable,4.16,notApplicable,0.0,notApplicable,0.0,applicable,4.48,234700
"Dindigul Rd, Palani",Palani,Dindigul,Tamil Nadu,2024,2.8266,Industrial,10.4508,77.5148,applicable,5.52,applicable,1.58,notApplicable,0.0,applicable,0.73,applicable,0.26,26114500
Ettayapuram Rd,Thoothukudi,Thoothukudi,Tamil Nadu,2025,0.0164,Conservation,8.813,78.1341,applicable,4.0,applicable,1.62,applicable,1.9,applicable,3.72,applicable,2.98,11100
"East Coast Rd, Thiruvanmiyur",Chennai,Chennai,Tamil Nadu,2023,0.2221,Agricultural,12.9834,80.259,applicable,1.62,applicable,5.38,applicable,2.05,notApplicable,0.0,notApplicable,0.0,571300
"East Coast Rd, Thiruvanmiyur",Chennai,Chennai,Tamil Nadu,2023,0.3969,Agricultural,12.9834,80.259,notApplicable,0.0,notApplicable,0.0,applicable,0.91,applicable,4.4,applicable,4.77,966900
"Avinashi Rd, Peelamedu",Coimbatore,Coimbatore,Tamil Nadu,2024,3.6218,Industrial,11.0183,76.997,applicable,0.31,notApplicable,0.0,applicable,2.42,notApplicable,0.0,applicable,2.78,30706200
Bypass Rd,Madurai,Madurai,Tamil Nadu,2024,0.0845,Residential,9.924,78.135,notApplicable,0.0,applicable,4.57,applicable,1.46,notApplicable,0.0,applicable,0.36,557200
Rajapalayam Rd,Virudhunagar,Virudhunagar,Tamil Nadu,2024,6.8444,Industrial,9.4523,77.5533,notApplicable,0.0,notApplicable,0.0,applicable,2.66,notApplicable,0.0,applicable,4.37,39457200
"Trichy Rd, Singanallur",Coimbatore,Coimbatore,Tamil Nadu,2024,0.8573,Residential,10.9979,76.9994,notApplicable,0.0,notApplicable,0.0,applicable,2.16,applicable,2.49,applicable,3.77,5301600
Gandhipuram Cross Cut,Coimbatore,Coimbatore,Tamil Nadu,2025,0.2574,Commercial,11.0175,76.9725,applicable,3.9,applicable,3.43,applicable,2.57,applicable,3.56,applicable,0.66,2362900
"NH 44, Tirunelveli",Tirunelveli,Tirunelveli,Tamil Nadu,2021,3.5572,Commercial,8.7139,77.7567,applicable,0.86,applicable,0.42,applicable,4.17,notApplicable,0.0,applicable,5.19,26222200
"Dindigul Rd, Palani",Palani,Dindigul,Tamil Nadu,2022,0.8886,Conservation,10.4508,77.5148,applicable,0.86,applicable,0.65,applicable,1.38,applicable,3.51,applicable,5.01,999400
"East Coast Rd, Thiruvanmiyur",Chennai,Chennai,Tamil Nadu,2023,4.0099,Industrial,12.9834,80.259,notApplicable,0.0,applicable,2.34,notApplicable,0.0,applicable,1.89,applicable,1.07,44620600
"East Coast Rd, Thiruvanmiyur",Chennai,Chennai,Tamil Nadu,2022,1.6713,Conservation,12.9834,80.259,notApplicable,0.0,applicable,4.62,applicable,3.97,notApplicable,0.0,applicable,5.74,2211700
"Avinashi Rd, Peelamedu",Coimbatore,Coimbatore,Tamil Nadu,2025,0.1497,Conservation,11.0183,76.997,notApplicable,0.0,applicable,2.76,applicable,1.76,applicable,5.05,applicable,1.9,164200
"Avinashi Rd, Peelamedu",Coimbatore,Coimbatore,Tamil Nadu,2022,3.4463,Commercial,11.0183,76.997,applicable,3.71,applicable,2.8,applicable,2.63,notApplicable,0.0,applicable,3.5,29156700
"100 Feet Rd, Velachery",Chennai,Chennai,Tamil Nadu,2022,1.3771,Conservation,12.9791,80.2209,notApplicable,0.0,applicable,1.06,applicable,3.07,applicable,5.31,applicable,1.35,1899400
"Sathyamangalam Rd, Edayarpalayam",Erode,Erode,Tamil Nadu,2022,0.0269,Agricultural,11.349,77.6951,applicable,0.97,applicable,5.23,applicable,5.53,notApplicable,0.0,notApplicable,0.0,39400
Alagarkoil Rd,Madurai,Madurai,Tamil Nadu,2024,0.9401,Residential,9.9677,78.1653,applicable,2.26,applicable,2.8,notApplicable,0.0,applicable,2.57,notApplicable,0.0,5245900
Simmakkal,Madurai,Madurai,Tamil Nadu,2023,0.1161,Industrial,9.921,78.1197,applicable,2.06,applicable,1.22,applicable,4.39,notApplicable,0.0,applicable,1.82,783300
"Avinashi Rd, Peelamedu",Coimbatore,Coimbatore,Tamil Nadu,2024,5.479,Commercial,11.0183,76.997,applicable,5.68,applicable,5.32,notApplicable,0.0,notApplicable,0.0,applicable,4.44,54255900
"Trichy Rd, Singanallur",Coimbatore,Coimbatore,Tamil Nadu,2025,3.7271,Conservation,10.9979,76.9994,applicable,4.57,notApplicable,0.0,applicable,5.56,notApplicable,0.0,notApplicable,0.0,4760800
"100 Feet Rd, Velachery",Chennai,Chennai,Tamil Nadu,2022,0.0873,Agricultural,12.9791,80.2209,notApplicable,0.0,applicable,0.35,notApplicable,0.0,applicable,1.38,notApplicable,0.0,281400
Rajapalayam Rd,Virudhunagar,Virudhunagar,Tamil Nadu,2024,0.0829,Industrial,9.4523,77.5533,applicable,4.44,applicable,0.88,applicable,2.25,notApplicable,0.0,notApplicable,0.0,467500
Ettayapuram Rd,Thoothukudi,Thoothukudi,Tamil Nadu,2021,0.0558,Residential,8.813,78.1341,notApplicable,0.0,applicable,4.81,notApplicable,0.0,applicable,2.04,notApplicable,0.0,264100
Gandhipuram Cross Cut,Coimbatore,Coimbatore,Tamil Nadu,2021,0.3552,Agricultural,11.0175,76.9725,applicable,1.35,applicable,5.28,notApplicable,0.0,notApplicable,0.0,applicable,5.71,646100
MTP Rd,Coimbatore,Coimbatore,Tamil Nadu,2021,0.0708,Residential,11.0616,76.9366,applicable,3.01,applicable,4.01,applicable,1.24,notApplicable,0.0,applicable,1.94,387200
"Trichy Rd, Singanallur",Coimbatore,Coimbatore,Tamil Nadu,2024,0.1215,Industrial,10.9979,76.9994,applicable,2.79,notApplicable,0.0,notApplicable,0.0,notApplicable,0.0,applicable,1.63,1084100
"100 Feet Rd, Velachery",Chennai,Chennai,Tamil Nadu,2023,2.7683,Industrial,12.9791,80.2209,notApplicable,0.0,notApplicable,0.0,notApplicable,0.0,notApplicable,0.0,applicable,1.75,34583400
Simmakkal,Madurai,Madurai,Tamil Nadu,2021,4.4674,Industrial,9.921,78.1197,applicable,3.89,applicable,0.46,applicable,2.8,applicable,1.48,applicable,5.28,24751300
Ettayapuram Rd,Thoothukudi,Thoothukudi,Tamil Nadu,2025,0.0955,Agricultural,8.813,78.1341,notApplicable,0.0,applicable,3.41,notApplicable,0.0,notApplicable,0.0,notApplicable,0.0,172100
"NH 44, Tirunelveli",Tirunelveli,Tirunelveli,Tamil Nadu,2023,0.4948,Residential,8.7139,77.7567,applicable,1.64,applicable,0.28,applicable,5.1,applicable,4.58,applicable,3.25,1910300
Ettayapuram Rd,Thoothukudi,Thoothukudi,Tamil Nadu,2021,0.2555,Industrial,8.813,78.1341,applicable,4.95,applicable,5.28,notApplicable,0.0,applicable,5.2,applicable,0.64,1203000
MTP Rd,Coimbatore,Coimbatore,Tamil Nadu,2021,2.9111,Industrial,11.0616,76.9366,applicable,0.34,applicable,1.79,applicable,1.38,applicable,1.73,applicable,4.01,21095300
"Trichy Rd, Singanallur",Coimbatore,Coimbatore,Tamil Nadu,2021,0.2922,Industrial,10.9979,76.9994,applicable,4.34,notApplicable,0.0,notApplicable,0.0,notApplicable,0.0,notApplicable,0.0,2533400
Rajapalayam Rd,Virudhunagar,Virudhunagar,Tamil Nadu,2024,1.2152,Agricultural,9.4523,77.5533,applicable,5.22,notApplicable,0.0,notApplicable,0.0,applicable,3.04,applicable,1.65,1551000
Rajapalayam Rd,Virudhunagar,Virudhunagar,Tamil Nadu,2025,0.8486,Industrial,9.4523,77.5533,applicable,3.67,applicable,5.25,notApplicable,0.0,applicable,1.76,applicable,1.41,4373600
"Sathyamangalam Rd, Edayarpalayam",Erode,Erode,Tamil Nadu,2024,0.0538,Conservation,11.349,77.6951,notApplicable,0.0,applicable,3.22,applicable,0.9,applicable,1.34,applicable,5.24,46300
Bypass Rd,Madurai,Madurai,Tamil Nadu,2022,7.2453,Industrial,9.924,78.135,applicable,4.12,applicable,3.23,applicable,3.77,applicable,2.36,notApplicable,0.0,39242700
"100 Feet Rd, Velachery",Chennai,Chennai,Tamil Nadu,2025,1.928,Commercial,12.9791,80.2209,applicable,5.58,applicable,1.15,applicable,4.35,notApplicable,0.0,notApplicable,0.0,27897800
Alagarkoil Rd,Madurai,Madurai,Tamil Nadu,2022,0.1735,Industrial,9.9677,78.1653,applicable,3.65,applicable,0.59,applicable,3.89,applicable,5.32,applicable,2.2,925500
"Avinashi Rd, Peelamedu",Coimbatore,Coimbatore,Tamil Nadu,2023,3.8345,Commercial,11.0183,76.997,notApplicable,0.0,applicable,0.8,notApplicable,0.0,applicable,1.46,applicable,1.23,50532200
"100 Feet Rd, Velachery",Chennai,Chennai,Tamil Nadu,2025,1.3635,Conservation,12.9791,80.2209,notApplicable,0.0,applicable,0.22,notApplicable,0.0,notApplicable,0.0,applicable,1.54,2779700
Ettayapuram Rd,Thoothukudi,Thoothukudi,Tamil Nadu,2022,0.0301,Conservation,8.813,78.1341,applicable,4.61,notApplicable,0.0,applicable,1.6,applicable,2.48,applicable,4.69,21100
Alagarkoil Rd,Madurai,Madurai,Tamil Nadu,2025,0.1774,Commercial,9.9677,78.1653,notApplicable,0.0,notApplicable,0.0,notApplicable,0.0,notApplicable,0.0,applicable,3.04,2127400
Gandhipuram Cross Cut,Coimbatore,Coimbatore,Tamil Nadu,2025,7.1968,Agricultural,11.0175,76.9725,notApplicable,0.0,applicable,5.54,applicable,1.31,notApplicable,0.0,notApplicable,0.0,16814400
MTP Rd,Coimbatore,Coimbatore,Tamil Nadu,2022,0.0719,Agricultural,11.0616,76.9366,notApplicable,0.0,notApplicable,0.0,applicable,3.95,applicable,3.92,applicable,2.51,125200
MTP Rd,Coimbatore,Coimbatore,Tamil Nadu,2023,7.1791,Commercial,11.0616,76.9366,notApplicable,0.0,applicable,4.55,applicable,4.88,applicable,0.42,notApplicable,0.0,78511200
MTP Rd,Coimbatore,Coimbatore,Tamil Nadu,2022,0.1319,Residential,11.0616,76.9366,applicable,5.14,applicable,4.0,applicable,4.48,notApplicable,0.0,applicable,2.13,668500
Alagarkoil Rd,Madurai,Madurai,Tamil Nadu,2025,5.987,Residential,9.9677,78.1653,notApplicable,0.0,applicable,4.43,applicable,0.69,notApplicable,0.0,applicable,2.77,36021700
"Avinashi Rd, Peelamedu",Coimbatore,Coimbatore,Tamil Nadu,2024,1.7568,Conservation,11.0183,76.997,applicable,5.6,applicable,0.71,applicable,5.52,notApplicable,0.0,applicable,1.26,2016100
Alagarkoil Rd,Madurai,Madurai,Tamil Nadu,2021,0.1173,Conservation,9.9677,78.1653,notApplicable,0.0,notApplicable,0.0,applicable,5.21,notApplicable,0.0,notApplicable,0.0,134200
MTP Rd,Coimbatore,Coimbatore,Tamil Nadu,2023,0.767,Residential,11.0616,76.9366,applicable,1.7,notApplicable,0.0,applicable,2.75,applicable,0.74,notApplicable,0.0,5292400
Alagarkoil Rd,Madurai,Madurai,Tamil Nadu,2025,2.2204,Commercial,9.9677,78.1653,applicable,4.16,applicable,1.87,notApplicable,0.0,applicable,2.18,applicable,5.82,19386900
MTP Rd,Coimbatore,Coimbatore,Tamil Nadu,2021,0.0819,Commercial,11.0616,76.9366,applicable,3.47,applicable,4.02,applicable,5.43,applicable,2.07,applicable,0.81,666300
"Dindigul Rd, Palani",Palani,Dindigul,Tamil Nadu,2024,1.8545,Residential,10.4508,77.5148,applicable,2.85,applicable,3.54,applicable,2.72,applicable,2.52,notApplicable,0.0,52515900
Alagarkoil Rd,Madurai,Madurai,Tamil Nadu,2023,0.2904,Conservation,9.9677,78.1653,notApplicable,0.0,notApplicable,0.0,applicable,5.73,applicable,2.52,notApplicable,0.0,308400
"NH 44, Tirunelveli",Tirunelveli,Tirunelveli,Tamil Nadu,2023,0.4878,Residential,8.7139,77.7567,applicable,4.64,applicable,4.85,notApplicable,0.0,notApplicable,0.0,applicable,2.86,1997200
"Dindigul Rd, Palani",Palani,Dindigul,Tamil Nadu,2022,0.2554,Residential,10.4508,77.5148,applicable,0.23,applicable,1.12,applicable,0.78,notApplicable,0.0,notApplicable,0.0,7646100
"Avinashi Rd, Peelamedu",Coimbatore,Coimbatore,Tamil Nadu,2024,0.3972,Industrial,11.0183,76.997,applicable,4.11,notApplicable,0.0,applicable,5.26,applicable,3.66,applicable,3.3,2420200
Gandhipuram Cross Cut,Coimbatore,Coimbatore,Tamil Nadu,2021,1.6518,Conservation,11.0175,76.9725,applicable,1.53,applicable,3.1,applicable,0.46,applicable,1.95,applicable,0.74,1849700
"100 Feet Rd, Velachery",Chennai,Chennai,Tamil Nadu,2022,2.209,Industrial,12.9791,80.2209,applicable,2.21,applicable,4.45,applicable,4.0,applicable,2.55,notApplicable,0.0,18070300
"100 Feet Rd, Velachery",Chennai,Chennai,Tamil Nadu,2022,4.9168,Commercial,12.9791,80.2209,applicable,4.88,applicable,5.47,applicable,3.11,notApplicable,0.0,applicable,4.73,51390800
Simmakkal,Madurai,Madurai,Tamil Nadu,2023,0.0256,Conservation,9.921,78.1197,applicable,4.91,applicable,4.42,notApplicable,0.0,notApplicable,0.0,applicable,2.84,23600
"Trichy Rd, Singanallur",Coimbatore,Coimbatore,Tamil Nadu,2021,0.5751,Agricultural,10.9979,76.9994,applicable,1.24,applicable,2.27,applicable,0.3,notApplicable,0.0,applicable,2.08,1160700
Rajapalayam Rd,Virudhunagar,Virudhunagar,Tamil Nadu,2023,0.1125,Agricultural,9.4523,77.5533,applicable,2.86,applicable,3.78,applicable,5.53,notApplicable,0.0,applicable,5.44,119300
Simmakkal,Madurai,Madurai,Tamil Nadu,2025,0.0742,Conservation,9.921,78.1197,applicable,2.65,notApplicable,0.0,applicable,0.33,notApplicable,0.0,notApplicable,0.0,100500
"Trichy Rd, Singanallur",Coimbatore,Coimbatore,Tamil Nadu,2024,0.4278,Agricultural,10.9979,76.9994,applicable,1.79,applicable,4.2,applicable,1.28,applicable,3.11,notApplicable,0.0,769800
Bypass Rd,Madurai,Madurai,Tamil Nadu,2023,0.2925,Residential,9.924,78.135,applicable,1.5,applicable,4.31,notApplicable,0.0,notApplicable,0.0,applicable,1.48,1750500
MTP Rd,Coimbatore,Coimbatore,Tamil Nadu,2024,0.0923,Conservation,11.0616,76.9366,applicable,3.09,applicable,3.29,notApplicable,0.0,applicable,1.19,notApplicable,0.0,110100
Bypass Rd,Madurai,Madurai,Tamil Nadu,2025,0.371,Agricultural,9.924,78.135,notApplicable,0.0,applicable,2.91,applicable,1.1,notApplicable,0.0,applicable,3.59,683700
Rajapalayam Rd,Virudhunagar,Virudhunagar,Tamil Nadu,2024,5.3386,Industrial,9.4523,77.5533,notApplicable,0.0,applicable,0.92,applicable,2.5,applicable,1.43,notApplicable,0.0,32412700
"Trichy Rd, Singanallur",Coimbatore,Coimbatore,Tamil Nadu,2022,1.9683,Residential,10.9979,76.9994,notApplicable,0.0,applicable,0.81,applicable,5.33,applicable,5.77,applicable,4.62,10639100
"NH 44, Tirunelveli",Tirunelveli,Tirunelveli,Tamil Nadu,2024,3.7177,Conservation,8.7139,77.7567,applicable,4.63,notApplicable,0.0,applicable,4.01,applicable,4.16,notApplicable,0.0,2786000
Rajapalayam Rd,Virudhunagar,Virudhunagar,Tamil Nadu,2024,0.0674,Industrial,9.4523,77.5533,applicable,3.5,applicable,2.94,notApplicable,0.0,applicable,0.73,applicable,2.35,343300
Ettayapuram Rd,Thoothukudi,Thoothukudi,Tamil Nadu,2025,0.2176,Industrial,8.813,78.1341,applicable,5.39,notApplicable,0.0,notApplicable,0.0,applicable,1.4,applicable,2.87,1236400
Rajapalayam Rd,Virudhunagar,Virudhunagar,Tamil Nadu,2022,1.2503,Industrial,9.4523,77.5533,notApplicable,0.0,notApplicable,0.0,applicable,4.54,notApplicable,0.0,applicable,4.16,6568100
"NH 44, Tirunelveli",Tirunelveli,Tirunelveli,Tamil Nadu,2024,0.0199,Industrial,8.7139,77.7567,notApplicable,0.0,applicable,5.0,notApplicable,0.0,notApplicable,0.0,applicable,0.55,139200
Simmakkal,Madurai,Madurai,Tamil Nadu,2023,0.0659,Agricultural,9.921,78.1197,applicable,4.39,notApplicable,0.0,notApplicable,0.0,notApplicable,0.0,notApplicable,0.0,132600
Gandhipuram Cross Cut,Coimbatore,Coimbatore,Tamil Nadu,2022,0.1378,Commercial,11.0175,76.9725,applicable,4.2,applicable,2.12,notApplicable,0.0,notApplicable,0.0,applicable,2.81,1370200
"Trichy Rd, Singanallur",Coimbatore,Coimbatore,Tamil Nadu,2021,0.9326,Conservation,10.9979,76.9994,applicable,1.97,applicable,4.34,applicable,4.11,notApplicable,0.0,applicable,1.1,947100
"100 Feet Rd, Velachery",Chennai,Chennai,Tamil Nadu,2025,0.2845,Residential,12.9791,80.2209,applicable,5.25,applicable,3.2,applicable,2.97,applicable,5.42,applicable,5.84,1666700
Rajapalayam Rd,Virudhunagar,Virudhunagar,Tamil Nadu,2023,5.8903,Conservation,9.4523,77.5533,applicable,1.99,notApplicable,0.0,applicable,1.5,notApplicable,0.0,applicable,1.81,5167900
Ettayapuram Rd,Thoothukudi,Thoothukudi,Tamil Nadu,2022,0.3108,Agricultural,8.813,78.1341,notApplicable,0.0,applicable,3.14,applicable,1.77,notApplicable,0.0,notApplicable,0.0,477500
Simmakkal,Madurai,Madurai,Tamil Nadu,2021,1.3501,Conservation,9.921,78.1197,notApplicable,0.0,applicable,4.36,notApplicable,0.0,notApplicable,0.0,applicable,1.23,1507000
"Trichy Rd, Singanallur",Coimbatore,Coimbatore,Tamil Nadu,2023,0.2165,Conservation,10.9979,76.9994,applicable,2.89,applicable,3.31,applicable,4.73,notApplicable,0.0,applicable,2.05,211100
"Avinashi Rd, Peelamedu",Coimbatore,Coimbatore,Tamil Nadu,2021,5.5363,Industrial,11.0183,76.997,applicable,2.77,applicable,3.93,applicable,3.62,notApplicable,0.0,notApplicable,0.0,37216600
Ettayapuram Rd,Thoothukudi,Thoothukudi,Tamil Nadu,2021,0.9061,Industrial,8.813,78.1341,applicable,1.64,applicable,1.8,notApplicable,0.0,applicable,3.46,notApplicable,0.0,5003100
"Sathyamangalam Rd, Edayarpalayam",Erode,Erode,Tamil Nadu,2022,0.2617,Agricultural,11.349,77.6951,applicable,2.19,applicable,4.18,notApplicable,0.0,applicable,4.97,notApplicable,0.0,353800
"East Coast Rd, Thiruvanmiyur",Chennai,Chennai,Tamil Nadu,2022,1.6496,Residential,12.9834,80.259,notApplicable,0.0,applicable,2.5,notApplicable,0.0,applicable,1.2,applicable,1.12,14864500
Alagarkoil Rd,Madurai,Madurai,Tamil Nadu,2024,1.6696,Conservation,9.9677,78.1653,applicable,2.25,notApplicable,0.0,applicable,4.52,applicable,2.81,applicable,2.67,1449100
Bypass Rd,Madurai,Madurai,Tamil Nadu,2024,2.8396,Agricultural,9.924,78.135,notApplicable,0.0,applicable,1.91,notApplicable,0.0,applicable,2.37,notApplicable,0.0,5698500
Ettayapuram Rd,Thoothukudi,Thoothukudi,Tamil Nadu,2023,5.7053,Industrial,8.813,78.1341,notApplicable,0.0,applicable,4.38,applicable,2.93,applicable,5.83,applicable,0.47,29015400
MTP Rd,Coimbatore,Coimbatore,Tamil Nadu,2022,1.0625,Industrial,11.0616,76.9366,applicable,4.55,applicable,2.08,notApplicable,0.0,applicable,4.7,applicable,2.6,6734100
"100 Feet Rd, Velachery",Chennai,Chennai,Tamil Nadu,2023,1.1574,Conservation,12.9791,80.2209,applicable,5.25,notApplicable,0.0,notApplicable,0.0,applicable,4.26,notApplicable,0.0,1785900
Simmakkal,Madurai,Madurai,Tamil Nadu,2024,0.9819,Commercial,9.921,78.1197,applicable,0.33,applicable,0.89,notApplicable,0.0,applicable,2.58,notApplicable,0.0,11382600
"Sathyamangalam Rd, Edayarpalayam",Erode,Erode,Tamil Nadu,2025,0.0184,Agricultural,11.349,77.6951,notApplicable,0.0,notApplicable,0.0,applicable,2.14,notApplicable,0.0,applicable,0.59,34200
"East Coast Rd, Thiruvanmiyur",Chennai,Chennai,Tamil Nadu,2021,2.5264,Conservation,12.9834,80.259,applicable,1.81,notApplicable,0.0,notApplicable,0.0,notApplicable,0.0,applicable,2.82,3941200
MTP Rd,Coimbatore,Coimbatore,Tamil Nadu,2023,5.1663,Residential,11.0616,76.9366,notApplicable,0.0,applicable,0.25,applicable,2.07,notApplicable,0.0,applicable,1.07,40806500
Rajapalayam Rd,Virudhunagar,Virudhunagar,Tamil Nadu,2025,1.6549,Commercial,9.4523,77.5533,notApplicable,0.0,applicable,1.99,applicable,0.79,applicable,3.29,applicable,5.68,11520900
"100 Feet Rd, Velachery",Chennai,Chennai,Tamil Nadu,2023,0.2646,Conservation,12.9791,80.2209,applicable,4.68,applicable,0.36,notApplicable,0.0,applicable,5.29,notApplicable,0.0,419600
"East Coast Rd, Thiruvanmiyur",Chennai,Chennai,Tamil Nadu,2021,4.2825,Industrial,12.9834,80.259,applicable,5.82,applicable,3.14,notApplicable,0.0,notApplicable,0.0,applicable,3.55,36357000
"100 Feet Rd, Velachery",Chennai,Chennai,Tamil Nadu,2021,7.9721,Residential,12.9791,80.2209,applicable,0.85,notApplicable,0.0,notApplicable,0.0,applicable,2.85,applicable,0.24,71292200
Bypass Rd,Madurai,Madurai,Tamil Nadu,2023,0.598,Agricultural,9.924,78.135,applicable,0.29,applicable,5.79,notApplicable,0.0,notApplicable,0.0,notApplicable,0.0,1249000
Alagarkoil Rd,Madurai,Madurai,Tamil Nadu,2022,0.2121,Agricultural,9.9677,78.1653,applicable,4.03,applicable,2.36,applicable,2.61,notApplicable,0.0,notApplicable,0.0,336100
"100 Feet Rd, Velachery",Chennai,Chennai,Tamil Nadu,2025,0.1451,Residential,12.9791,80.2209,notApplicable,0.0,applicable,5.08,applicable,3.81,applicable,0.37,applicable,0.35,1251700
"Sathyamangalam Rd, Edayarpalayam",Erode,Erode,Tamil Nadu,2022,0.1663,Agricultural,11.349,77.6951,applicable,0.85,applicable,2.96,notApplicable,0.0,applicable,5.9,notApplicable,0.0,245400
"NH 44, Tirunelveli",Tirunelveli,Tirunelveli,Tamil Nadu,2022,0.5011,Industrial,8.7139,77.7567,applicable,2.97,applicable,4.54,applicable,5.14,notApplicable,0.0,notApplicable,0.0,2454500
"Avinashi Rd, Peelamedu",Coimbatore,Coimbatore,Tamil Nadu,2022,6.4591,Conservation,11.0183,76.997,applicable,1.95,applicable,4.32,applicable,2.88,applicable,3.63,notApplicable,0.0,6129100
"Trichy Rd, Singanallur",Coimbatore,Coimbatore,Tamil Nadu,2023,0.0691,Residential,10.9979,76.9994,notApplicable,0.0,applicable,0.28,notApplicable,0.0,notApplicable,0.0,notApplicable,0.0,613400
Simmakkal,Madurai,Madurai,Tamil Nadu,2022,0.1541,Residential,9.921,78.1197,applicable,3.8,notApplicable,0.0,applicable,3.37,applicable,0.88,applicable,1.82,773500
Alagarkoil Rd,Madurai,Madurai,Tamil Nadu,2022,0.0457,Commercial,9.9677,78.1653,applicable,3.93,applicable,5.8,applicable,0.93,applicable,1.52,applicable,2.85,345600
"NH 44, Tirunelveli",Tirunelveli,Tirunelveli,Tamil Nadu,2022,0.1323,Commercial,8.7139,77.7567,notApplicable,0.0,notApplicable,0.0,applicable,3.16,notApplicable,0.0,notApplicable,0.0,1161500
Gandhipuram Cross Cut,Coimbatore,Coimbatore,Tamil Nadu,2021,0.0378,Residential,11.0175,76.9725,notApplicable,0.0,applicable,2.37,applicable,0.78,notApplicable,0.0,applicable,1.16,264700
Rajapalayam Rd,Virudhunagar,Virudhunagar,Tamil Nadu,2022,0.0857,Residential,9.4523,77.5533,notApplicable,0.0,notApplicable,0.0,applicable,5.38,notApplicable,0.0,notApplicable,0.0,422600
"100 Feet Rd, Velachery",Chennai,Chennai,Tamil Nadu,2021,0.0205,Commercial,12.9791,80.2209,applicable,4.88,applicable,5.72,applicable,1.61,notApplicable,0.0,notApplicable,0.0,258900
Gandhipuram Cross Cut,Coimbatore,Coimbatore,Tamil Nadu,2024,1.0256,Industrial,11.0175,76.9725,applicable,1.39,applicable,1.03,notApplicable,0.0,notApplicable,0.0,applicable,1.8,9604600
Gandhipuram Cross Cut,Coimbatore,Coimbatore,Tamil Nadu,2025,4.8267,Agricultural,11.0175,76.9725,applicable,5.88,applicable,5.48,notApplicable,0.0,applicable,2.18,applicable,1.78,9022200
Bypass Rd,Madurai,Madurai,Tamil Nadu,2021,6.2586,Commercial,9.924,78.135,notApplicable,0.0,applicable,3.67,applicable,2.3,notApplicable,0.0,applicable,5.24,52295900
Simmakkal,Madurai,Madurai,Tamil Nadu,2024,1.6549,Industrial,9.921,78.1197,notApplicable,0.0,applicable,2.27,applicable,0.27,notApplicable,0.0,applicable,4.34,12733700
Rajapalayam Rd,Virudhunagar,Virudhunagar,Tamil Nadu,2022,6.6855,Industrial,9.4523,77.5533,applicable,2.42,notApplicable,0.0,applicable,3.69,notApplicable,0.0,notApplicable,0.0,36448700
Ettayapuram Rd,Thoothukudi,Thoothukudi,Tamil Nadu,2025,5.4807,Agricultural,8.813,78.1341,notApplicable,0.0,applicable,2.87,applicable,5.21,notApplicable,0.0,applicable,0.42,8443600
Ettayapuram Rd,Thoothukudi,Thoothukudi,Tamil Nadu,2021,1.4458,Industrial,8.813,78.1341,notApplicable,0.0,notApplicable,0.0,notApplicable,0.0,notApplicable,0.0,applicable,4.95,9025300
"Avinashi Rd, Peelamedu",Coimbatore,Coimbatore,Tamil Nadu,2024,0.2636,Commercial,11.0183,76.997,applicable,2.22,applicable,4.93,applicable,5.1,applicable,5.17,applicable,2.14,2171100
MTP Rd,Coimbatore,Coimbatore,Tamil Nadu,2023,1.5829,Residential,11.0616,76.9366,applicable,3.02,applicable,2.15,notApplicable,0.0,applicable,2.74,notApplicable,0.0,9588900
"100 Feet Rd, Velachery",Chennai,Chennai,Tamil Nadu,2023,0.9658,Residential,12.9791,80.2209,notApplicable,0.0,applicable,0.73,applicable,3.67,notApplicable,0.0,applicable,5.29,7975800
"Trichy Rd, Singanallur",Coimbatore,Coimbatore,Tamil Nadu,2023,1.8819,Residential,10.9979,76.9994,applicable,1.63,notApplicable,0.0,applicable,1.1,applicable,5.96,notApplicable,0.0,12448800
"Avinashi Rd, Peelamedu",Coimbatore,Coimbatore,Tamil Nadu,2022,1.7173,Residential,11.0183,76.997,applicable,3.4,applicable,3.49,notApplicable,0.0,notApplicable,0.0,applicable,2.59,9827900
Rajapalayam Rd,Virudhunagar,Virudhunagar,Tamil Nadu,2025,1.6202,Industrial,9.4523,77.5533,notApplicable,0.0,applicable,2.06,applicable,2.27,notApplicable,0.0,notApplicable,0.0,10741300
"100 Feet Rd, Velachery",Chennai,Chennai,Tamil Nadu,2022,7.5049,Commercial,12.9791,80.2209,applicable,4.27,applicable,5.86,notApplicable,0.0,applicable,4.96,applicable,1.5,84632000
Simmakkal,Madurai,Madurai,Tamil Nadu,2024,0.324,Agricultural,9.921,78.1197,applicable,4.3,applicable,0.57,notApplicable,0.0,notApplicable,0.0,applicable,2.26,630000
"Trichy Rd, Singanallur",Coimbatore,Coimbatore,Tamil Nadu,2023,0.4047,Conservation,10.9979,76.9994,notApplicable,0.0,applicable,2.12,applicable,3.51,notApplicable,0.0,applicable,5.28,456400
"100 Feet Rd, Velachery",Chennai,Chennai,Tamil Nadu,2025,1.4144,Conservation,12.9791,80.2209,applicable,1.14,applicable,1.33,applicable,5.88,applicable,4.69,applicable,5.94,1885800
"Dindigul Rd, Palani",Palani,Dindigul,Tamil Nadu,2021,6.2056,Industrial,10.4508,77.5148,notApplicable,0.0,applicable,2.0,applicable,1.23,notApplicable,0.0,applicable,2.7,50925300
"East Coast Rd, Thiruvanmiyur",Chennai,Chennai,Tamil Nadu,2023,1.9785,Residential,12.9834,80.259,applicable,3.43,applicable,4.16,applicable,0.75,notApplicable,0.0,applicable,0.21,16811300
"Dindigul Rd, Palani",Palani,Dindigul,Tamil Nadu,2023,0.0639,Agricultural,10.4508,77.5148,notApplicable,0.0,applicable,2.2,notApplicable,0.0,applicable,5.26,applicable,5.49,122800
Rajapalayam Rd,Virudhunagar,Virudhunagar,Tamil Nadu,2024,2.8931,Residential,9.4523,77.5533,applicable,4.88,applicable,2.01,applicable,1.89,notApplicable,0.0,notApplicable,0.0,12919100
"100 Feet Rd, Velachery",Chennai,Chennai,Tamil Nadu,2025,0.7897,Conservation,12.9791,80.2209,notApplicable,0.0,notApplicable,0.0,applicable,0.88,applicable,3.42,applicable,2.16,1292200
"Avinashi Rd, Peelamedu",Coimbatore,Coimbatore,Tamil Nadu,2022,7.8941,Industrial,11.0183,76.997,notApplicable,0.0,notApplicable,0.0,notApplicable,0.0,notApplicable,0.0,applicable,3.22,70718900
Alagarkoil Rd,Madurai,Madurai,Tamil Nadu,2025,0.3362,Conservation,9.9677,78.1653,applicable,2.54,applicable,2.39,notApplicable,0.0,applicable,3.04,applicable,3.05,299800
"Sathyamangalam Rd, Edayarpalayam",Erode,Erode,Tamil Nadu,2024,0.0528,Conservation,11.349,77.6951,applicable,5.42,applicable,3.35,notApplicable,0.0,applicable,3.92,applicable,4.49,37700
"Dindigul Rd, Palani",Palani,Dindigul,Tamil Nadu,2024,6.9524,Commercial,10.4508,77.5148,notApplicable,0.0,applicable,5.48,applicable,0.77,applicable,5.71,applicable,5.38,199404400
"Avinashi Rd, Peelamedu",Coimbatore,Coimbatore,Tamil Nadu,2022,0.09,Industrial,11.0183,76.997,notApplicable,0.0,applicable,5.91,applicable,5.93,notApplicable,0.0,notApplicable,0.0,714400
Alagarkoil Rd,Madurai,Madurai,Tamil Nadu,2021,3.5491,Industrial,9.9677,78.1653,applicable,3.99,applicable,5.5,notApplicable,0.0,applicable,2.57,notApplicable,0.0,21238800
Simmakkal,Madurai,Madurai,Tamil Nadu,2024,0.0489,Industrial,9.921,78.1197,applicable,1.49,applicable,3.9,notApplicable,0.0,applicable,0.87,applicable,5.43,329800
"100 Feet Rd, Velachery",Chennai,Chennai,Tamil Nadu,2023,6.2901,Conservation,12.9791,80.2209,applicable,2.49,applicable,5.34,notApplicable,0.0,applicable,1.37,notApplicable,0.0,9434400
Simmakkal,Madurai,Madurai,Tamil Nadu,2022,0.4984,Industrial,9.921,78.1197,applicable,2.73,applicable,2.35,applicable,4.48,notApplicable,0.0,applicable,2.76,2789100
Gandhipuram Cross Cut,Coimbatore,Coimbatore,Tamil Nadu,2022,0.4037,Conservation,11.0175,76.9725,applicable,3.94,notApplicable,0.0,notApplicable,0.0,applicable,2.47,applicable,1.09,463800
"East Coast Rd, Thiruvanmiyur",Chennai,Chennai,Tamil Nadu,2022,2.1519,Residential,12.9834,80.259,applicable,5.79,applicable,0.53,applicable,4.17,notApplicable,0.0,applicable,2.58,15544100
Rajapalayam Rd,Virudhunagar,Virudhunagar,Tamil Nadu,2023,3.402,Residential,9.4523,77.5533,applicable,4.62,applicable,0.4,applicable,3.36,notApplicable,0.0,notApplicable,0.0,14959500
Simmakkal,Madurai,Madurai,Tamil Nadu,2025,0.2489,Industrial,9.921,78.1197,applicable,5.53,applicable,1.09,applicable,3.31,notApplicable,0.0,applicable,2.29,1590900
Gandhipuram Cross Cut,Coimbatore,Coimbatore,Tamil Nadu,2024,1.0521,Residential,11.0175,76.9725,applicable,2.53,applicable,5.07,notApplicable,0.0,notApplicable,0.0,applicable,2.25,6792300
Bypass Rd,Madurai,Madurai,Tamil Nadu,2024,1.0827,Industrial,9.924,78.135,applicable,3.5,applicable,5.7,applicable,4.43,applicable,4.75,notApplicable,0.0,5918500
"Sathyamangalam Rd, Edayarpalayam",Erode,Erode,Tamil Nadu,2024,4.8214,Conservation,11.349,77.6951,applicable,1.46,notApplicable,0.0,notApplicable,0.0,notApplicable,0.0,applicable,3.4,4816700
Bypass Rd,Madurai,Madurai,Tamil Nadu,2024,0.305,Conservation,9.924,78.135,applicable,4.73,applicable,1.35,applicable,2.59,applicable,2.92,applicable,5.23,241200
"Sathyamangalam Rd, Edayarpalayam",Erode,Erode,Tamil Nadu,2025,0.1406,Commercial,11.349,77.6951,notApplicable,0.0,applicable,5.15,applicable,2.02,notApplicable,0.0,applicable,5.43,1129900
"100 Feet Rd, Velachery",Chennai,Chennai,Tamil Nadu,2023,5.5007,Residential,12.9791,80.2209,applicable,5.42,applicable,1.08,applicable,2.61,applicable,3.29,applicable,3.79,33865400
"NH 44, Tirunelveli",Tirunelveli,Tirunelveli,Tamil Nadu,2023,0.4663,Industrial,8.7139,77.7567,notApplicable,0.0,applicable,2.97,applicable,4.65,notApplicable,0.0,applicable,3.6,2408100
Alagarkoil Rd,Madurai,Madurai,Tamil Nadu,2025,0.5298,Industrial,9.9677,78.1653,notApplicable,0.0,notApplicable,0.0,notApplicable,0.0,applicable,1.94,applicable,2.48,4188200
Ettayapuram Rd,Thoothukudi,Thoothukudi,Tamil Nadu,2023,4.1283,Residential,8.813,78.1341,applicable,1.31,notApplicable,0.0,applicable,1.83,applicable,3.22,notApplicable,0.0,19889600
"Sathyamangalam Rd, Edayarpalayam",Erode,Erode,Tamil Nadu,2022,4.6936,Commercial,11.349,77.6951,applicable,2.13,applicable,0.38,notApplicable,0.0,notApplicable,0.0,applicable,5.26,40987200
"Dindigul Rd, Palani",Palani,Dindigul,Tamil Nadu,2021,1.2052,Conservation,10.4508,77.5148,applicable,2.56,applicable,2.18,notApplicable,0.0,notApplicable,0.0,notApplicable,0.0,1548400
MTP Rd,Coimbatore,Coimbatore,Tamil Nadu,2025,0.037,Commercial,11.0616,76.9366,notApplicable,0.0,notApplicable,0.0,notApplicable,0.0,notApplicable,0.0,applicable,0.95,564000
"Avinashi Rd, Peelamedu",Coimbatore,Coimbatore,Tamil Nadu,2022,0.0623,Agricultural,11.0183,76.997,applicable,1.11,applicable,3.83,notApplicable,0.0,notApplicable,0.0,applicable,5.25,118100
Simmakkal,Madurai,Madurai,Tamil Nadu,2021,0.0958,Commercial,9.921,78.1197,applicable,1.42,applicable,4.36,applicable,2.44,applicable,3.83,applicable,1.32,714600
MTP Rd,Coimbatore,Coimbatore,Tamil Nadu,2025,0.1089,Industrial,11.0616,76.9366,applicable,5.29,applicable,3.54,applicable,1.3,notApplicable,0.0,applicable,0.92,880800
"Avinashi Rd, Peelamedu",Coimbatore,Coimbatore,Tamil Nadu,2023,1.092,Residential,11.0183,76.997,applicable,4.47,applicable,3.28,applicable,4.0,applicable,5.82,notApplicable,0.0,5349700
Ettayapuram Rd,Thoothukudi,Thoothukudi,Tamil Nadu,2021,2.3624,Residential,8.813,78.1341,applicable,0.71,applicable,3.61,notApplicable,0.0,applicable,5.51,notApplicable,0.0,10401000
Gandhipuram Cross Cut,Coimbatore,Coimbatore,Tamil Nadu,2021,4.1487,Conservation,11.0175,76.9725,applicable,1.52,applicable,1.19,applicable,4.21,notApplicable,0.0,notApplicable,0.0,4964500
"Sathyamangalam Rd, Edayarpalayam",Erode,Erode,Tamil Nadu,2024,2.8525,Commercial,11.349,77.6951,applicable,3.87,applicable,2.52,applicable,0.28,applicable,4.79,notApplicable,0.0,22451100
"100 Feet Rd, Velachery",Chennai,Chennai,Tamil Nadu,2025,0.5246,Residential,12.9791,80.2209,applicable,3.39,applicable,1.52,applicable,3.02,applicable,4.4,notApplicable,0.0,3795900
Simmakkal,Madurai,Madurai,Tamil Nadu,2024,1.9422,Residential,9.921,78.1197,notApplicable,0.0,applicable,1.46,applicable,3.04,notApplicable,0.0,applicable,5.75,11028100
Alagarkoil Rd,Madurai,Madurai,Tamil Nadu,2025,0.6941,Commercial,9.9677,78.1653,notApplicable,0.0,notApplicable,0.0,applicable,2.79,notApplicable,0.0,applicable,2.62,7163400
Alagarkoil Rd,Madurai,Madurai,Tamil Nadu,2023,1.2143,Residential,9.9677,78.1653,applicable,3.87,applicable,5.83,applicable,1.53,applicable,3.64,applicable,1.57,5452000
"Sathyamangalam Rd, Edayarpalayam",Erode,Erode,Tamil Nadu,2024,0.2597,Conservation,11.349,77.6951,applicable,5.76,applicable,1.74,applicable,2.81,notApplicable,0.0,notApplicable,0.0,236000
Ettayapuram Rd,Thoothukudi,Thoothukudi,Tamil Nadu,2022,0.0609,Commercial,8.813,78.1341,applicable,2.06,notApplicable,0.0,applicable,5.91,applicable,3.71,applicable,3.31,371800
Gandhipuram Cross Cut,Coimbatore,Coimbatore,Tamil Nadu,2025,0.5908,Residential,11.0175,76.9725,applicable,1.38,applicable,1.92,notApplicable,0.0,notApplicable,0.0,applicable,0.37,4845700
Bypass Rd,Madurai,Madurai,Tamil Nadu,2023,0.4684,Agricultural,9.924,78.135,applicable,4.3,applicable,2.83,applicable,1.14,applicable,0.95,applicable,5.75,671900
Simmakkal,Madurai,Madurai,Tamil Nadu,2025,0.0768,Commercial,9.921,78.1197,applicable,0.4,applicable,1.84,applicable,3.48,applicable,3.5,notApplicable,0.0,756200
"Dindigul Rd, Palani",Palani,Dindigul,Tamil Nadu,2024,0.1738,Residential,10.4508,77.5148,applicable,0.6,applicable,2.52,applicable,0.56,applicable,2.61,applicable,4.78,5244300
"East Coast Rd, Thiruvanmiyur",Chennai,Chennai,Tamil Nadu,2024,0.0323,Residential,12.9834,80.259,applicable,0.45,applicable,1.47,applicable,1.55,notApplicable,0.0,applicable,1.09,324600
"NH 44, Tirunelveli",Tirunelveli,Tirunelveli,Tamil Nadu,2023,1.0937,Commercial,8.7139,77.7567,applicable,3.62,applicable,1.41,notApplicable,0.0,notApplicable,0.0,applicable,3.58,8169500
MTP Rd,Coimbatore,Coimbatore,Tamil Nadu,2025,0.3282,Agricultural,11.0616,76.9366,applicable,3.16,notApplicable,0.0,notApplicable,0.0,applicable,1.13,applicable,1.37,733300
Alagarkoil Rd,Madurai,Madurai,Tamil Nadu,2023,4.7099,Residential,9.9677,78.1653,applicable,0.44,applicable,4.87,applicable,4.51,applicable,5.27,applicable,1.36,22438900
MTP Rd,Coimbatore,Coimbatore,Tamil Nadu,2022,0.4363,Commercial,11.0616,76.9366,applicable,1.46,notApplicable,0.0,applicable,1.25,notApplicable,0.0,applicable,2.14,5083100
MTP Rd,Coimbatore,Coimbatore,Tamil Nadu,2023,7.5249,Industrial,11.0616,76.9366,applicable,3.77,applicable,5.33,notApplicable,0.0,notApplicable,0.0,applicable,5.15,53142000
Simmakkal,Madurai,Madurai,Tamil Nadu,2023,0.2562,Agricultural,9.921,78.1197,applicable,2.36,applicable,1.82,notApplicable,0.0,notApplicable,0.0,notApplicable,0.0,510700
"Trichy Rd, Singanallur",Coimbatore,Coimbatore,Tamil Nadu,2021,0.242,Agricultural,10.9979,76.9994,applicable,5.61,applicable,1.21,notApplicable,0.0,notApplicable,0.0,notApplicable,0.0,512100
MTP Rd,Coimbatore,Coimbatore,Tamil Nadu,2024,3.6204,Residential,11.0616,76.9366,applicable,0.42,applicable,2.71,applicable,2.9,applicable,1.22,applicable,0.28,24585500
Gandhipuram Cross Cut,Coimbatore,Coimbatore,Tamil Nadu,2023,0.804,Agricultural,11.0175,76.9725,notApplicable,0.0,applicable,0.46,notApplicable,0.0,notApplicable,0.0,notApplicable,0.0,2170000
Simmakkal,Madurai,Madurai,Tamil Nadu,2025,0.1433,Industrial,9.921,78.1197,applicable,2.36,applicable,5.43,applicable,4.41,notApplicable,0.0,applicable,3.34,830700
Gandhipuram Cross Cut,Coimbatore,Coimbatore,Tamil Nadu,2024,1.2012,Commercial,11.0175,76.9725,applicable,5.78,applicable,0.7,notApplicable,0.0,notApplicable,0.0,applicable,1.67,14325100
Alagarkoil Rd,Madurai,Madurai,Tamil Nadu,2024,0.4516,Industrial,9.9677,78.1653,applicable,1.01,applicable,4.93,notApplicable,0.0,applicable,1.39,notApplicable,0.0,3550700
"East Coast Rd, Thiruvanmiyur",Chennai,Chennai,Tamil Nadu,2021,1.2794,Industrial,12.9834,80.259,notApplicable,0.0,applicable,2.14,applicable,0.88,applicable,4.44,notApplicable,0.0,12834200
"NH 44, Tirunelveli",Tirunelveli,Tirunelveli,Tamil Nadu,2025,0.102,Industrial,8.7139,77.7567,applicable,4.35,applicable,5.38,applicable,5.82,notApplicable,0.0,notApplicable,0.0,557200
"Sathyamangalam Rd, Edayarpalayam",Erode,Erode,Tamil Nadu,2021,0.2573,Residential,11.349,77.6951,applicable,0.9,applicable,1.28,notApplicable,0.0,applicable,4.7,applicable,0.61,1287400
"East Coast Rd, Thiruvanmiyur",Chennai,Chennai,Tamil Nadu,2023,1.3963,Industrial,12.9834,80.259,applicable,0.44,applicable,3.05,applicable,0.38,applicable,2.05,applicable,0.38,15350400
Simmakkal,Madurai,Madurai,Tamil Nadu,2025,7.2838,Industrial,9.921,78.1197,notApplicable,0.0,applicable,1.66,notApplicable,0.0,notApplicable,0.0,applicable,0.73,66010700
Simmakkal,Madurai,Madurai,Tamil Nadu,2024,1.4054,Agricultural,9.921,78.1197,applicable,0.26,applicable,0.94,notApplicable,0.0,applicable,5.2,applicable,4.73,2579800
"Sathyamangalam Rd, Edayarpalayam",Erode,Erode,Tamil Nadu,2025,0.0354,Agricultural,11.349,77.6951,applicable,5.15,applicable,0.43,applicable,3.69,applicable,2.68,applicable,4.18,45400
"East Coast Rd, Thiruvanmiyur",Chennai,Chennai,Tamil Nadu,2024,0.152,Residential,12.9834,80.259,notApplicable,0.0,applicable,5.1,applicable,1.53,applicable,2.78,applicable,4.26,1113500
"East Coast Rd, Thiruvanmiyur",Chennai,Chennai,Tamil Nadu,2022,2.1421,Residential,12.9834,80.259,applicable,3.88,applicable,0.82,applicable,2.95,notApplicable,0.0,applicable,1.82,15961800
Bypass Rd,Madurai,Madurai,Tamil Nadu,2021,0.4572,Agricultural,9.924,78.135,notApplicable,0.0,notApplicable,0.0,applicable,4.05,applicable,2.79,applicable,5.98,662900
"Trichy Rd, Singanallur",Coimbatore,Coimbatore,Tamil Nadu,2021,0.1459,Industrial,10.9979,76.9994,applicable,0.55,applicable,4.77,applicable,0.85,notApplicable,0.0,applicable,4.06,1079700
"Dindigul Rd, Palani",Palani,Dindigul,Tamil Nadu,2022,3.2814,Commercial,10.4508,77.5148,applicable,5.18,applicable,0.61,applicable,4.07,notApplicable,0.0,applicable,5.18,106097300
"Sathyamangalam Rd, Edayarpalayam",Erode,Erode,Tamil Nadu,2021,1.6301,Conservation,11.349,77.6951,notApplicable,0.0,notApplicable,0.0,applicable,2.06,notApplicable,0.0,applicable,2.49,1517800
MTP Rd,Coimbatore,Coimbatore,Tamil Nadu,2024,7.445,Commercial,11.0616,76.9366,applicable,1.11,applicable,3.67,notApplicable,0.0,notApplicable,0.0,notApplicable,0.0,93845600
Ettayapuram Rd,Thoothukudi,Thoothukudi,Tamil Nadu,2024,0.2961,Agricultural,8.813,78.1341,notApplicable,0.0,applicable,5.92,applicable,2.18,applicable,5.05,applicable,3.71,357700
Simmakkal,Madurai,Madurai,Tamil Nadu,2025,0.4151,Industrial,9.921,78.1197,applicable,3.86,applicable,1.66,applicable,1.76,applicable,1.77,applicable,1.88,2692500
Alagarkoil Rd,Madurai,Madurai,Tamil Nadu,2022,6.9544,Commercial,9.9677,78.1653,applicable,4.76,applicable,4.85,notApplicable,0.0,applicable,4.19,applicable,1.3,54942600
MTP Rd,Coimbatore,Coimbatore,Tamil Nadu,2025,1.3726,Conservation,11.0616,76.9366,applicable,3.96,applicable,3.08,notApplicable,0.0,notApplicable,0.0,applicable,1.62,1651800
"Trichy Rd, Singanallur",Coimbatore,Coimbatore,Tamil Nadu,2024,3.5152,Conservation,10.9979,76.9994,notApplicable,0.0,notApplicable,0.0,applicable,5.58,applicable,2.84,notApplicable,0.0,4477000
Rajapalayam Rd,Virudhunagar,Virudhunagar,Tamil Nadu,2025,4.5662,Commercial,9.4523,77.5533,applicable,2.3,applicable,4.85,applicable,0.52,applicable,5.11,applicable,1.81,30440200
"Trichy Rd, Singanallur",Coimbatore,Coimbatore,Tamil Nadu,2021,0.1396,Residential,10.9979,76.9994,applicable,1.54,applicable,3.79,notApplicable,0.0,applicable,3.51,applicable,1.75,759200
Simmakkal,Madurai,Madurai,Tamil Nadu,2022,3.0311,Residential,9.921,78.1197,applicable,5.88,applicable,1.76,notApplicable,0.0,applicable,3.02,notApplicable,0.0,15760800
Simmakkal,Madurai,Madurai,Tamil Nadu,2022,1.8378,Industrial,9.921,78.1197,applicable,2.44,applicable,1.44,applicable,0.78,notApplicable,0.0,applicable,0.68,13916900
"Sathyamangalam Rd, Edayarpalayam",Erode,Erode,Tamil Nadu,2024,0.4127,Residential,11.349,77.6951,notApplicable,0.0,applicable,3.09,notApplicable,0.0,notApplicable,0.0,applicable,3.77,2167000
Rajapalayam Rd,Virudhunagar,Virudhunagar,Tamil Nadu,2023,0.1771,Residential,9.4523,77.5533,notApplicable,0.0,applicable,1.89,applicable,1.54,applicable,3.68,applicable,2.92,679700
Rajapalayam Rd,Virudhunagar,Virudhunagar,Tamil Nadu,2021,4.0711,Residential,9.4523,77.5533,applicable,2.22,applicable,1.76,applicable,5.49,applicable,1.71,applicable,1.12,14987600
Rajapalayam Rd,Virudhunagar,Virudhunagar,Tamil Nadu,2025,0.0843,Conservation,9.4523,77.5533,notApplicable,0.0,applicable,0.49,notApplicable,0.0,applicable,0.66,applicable,5.61,83100
"Trichy Rd, Singanallur",Coimbatore,Coimbatore,Tamil Nadu,2024,0.049,Residential,10.9979,76.9994,applicable,5.73,applicable,5.66,applicable,1.22,notApplicable,0.0,notApplicable,0.0,318800
Bypass Rd,Madurai,Madurai,Tamil Nadu,2022,0.0124,Residential,9.924,78.135,applicable,2.34,applicable,1.24,applicable,3.3,notApplicable,0.0,applicable,1.28,66600
Alagarkoil Rd,Madurai,Madurai,Tamil Nadu,2023,0.1573,Residential,9.9677,78.1653,applicable,2.33,applicable,4.74,notApplicable,0.0,applicable,2.88,applicable,2.84,729000
MTP Rd,Coimbatore,Coimbatore,Tamil Nadu,2022,0.0996,Residential,11.0616,76.9366,applicable,4.41,applicable,5.35,applicable,2.91,notApplicable,0.0,applicable,3.95,481300
Ettayapuram Rd,Thoothukudi,Thoothukudi,Tamil Nadu,2025,5.1408,Conservation,8.813,78.1341,applicable,5.97,notApplicable,0.0,applicable,5.08,applicable,0.87,applicable,5.44,3911800
"Trichy Rd, Singanallur",Coimbatore,Coimbatore,Tamil Nadu,2021,0.2195,Commercial,10.9979,76.9994,applicable,2.5,applicable,1.03,notApplicable,0.0,applicable,5.42,notApplicable,0.0,2299500
"Trichy Rd, Singanallur",Coimbatore,Coimbatore,Tamil Nadu,2024,4.7798,Industrial,10.9979,76.9994,notApplicable,0.0,applicable,2.37,applicable,2.23,notApplicable,0.0,applicable,5.47,38257300
Simmakkal,Madurai,Madurai,Tamil Nadu,2021,4.8626,Industrial,9.921,78.1197,applicable,0.79,applicable,4.52,applicable,3.46,notApplicable,0.0,applicable,0.55,31766500
Gandhipuram Cross Cut,Coimbatore,Coimbatore,Tamil Nadu,2023,1.6978,Conservation,11.0175,76.9725,applicable,3.03,applicable,4.63,applicable,0.41,applicable,4.72,applicable,4.43,1549800
"East Coast Rd, Thiruvanmiyur",Chennai,Chennai,Tamil Nadu,2024,0.4,Residential,12.9834,80.259,applicable,0.44,notApplicable,0.0,applicable,1.96,applicable,5.73,applicable,1.33,3440900
Bypass Rd,Madurai,Madurai,Tamil Nadu,2024,0.0866,Residential,9.924,78.135,applicable,5.51,applicable,1.16,notApplicable,0.0,notApplicable,0.0,applicable,4.1,485600
Gandhipuram Cross Cut,Coimbatore,Coimbatore,Tamil Nadu,2023,1.7759,Industrial,11.0175,76.9725,applicable,2.09,applicable,1.1,notApplicable,0.0,notApplicable,0.0,applicable,4.16,14743500
"NH 44, Tirunelveli",Tirunelveli,Tirunelveli,Tamil Nadu,2025,1.7224,Commercial,8.7139,77.7567,applicable,5.72,applicable,1.94,applicable,5.21,notApplicable,0.0,applicable,0.82,12813400
"Avinashi Rd, Peelamedu",Coimbatore,Coimbatore,Tamil Nadu,2022,0.6479,Residential,11.0183,76.997,applicable,3.81,applicable,5.7,applicable,4.04,applicable,4.69,applicable,5.57,2671300
Bypass Rd,Madurai,Madurai,Tamil Nadu,2022,1.0007,Industrial,9.924,78.135,applicable,2.55,notApplicable,0.0,applicable,5.13,notApplicable,0.0,applicable,1.86,6481200
"100 Feet Rd, Velachery",Chennai,Chennai,Tamil Nadu,2022,0.0937,Commercial,12.9791,80.2209,notApplicable,0.0,applicable,5.83,applicable,4.89,applicable,3.96,applicable,5.95,965900
"100 Feet Rd, Velachery",Chennai,Chennai,Tamil Nadu,2022,1.5181,Agricultural,12.9791,80.2209,applicable,5.98,applicable,0.68,applicable,0.43,applicable,0.2,applicable,5.55,3810200
Bypass Rd,Madurai,Madurai,Tamil Nadu,2021,1.7553,Industrial,9.924,78.135,applicable,3.19,applicable,3.08,notApplicable,0.0,applicable,1.5,notApplicable,0.0,11149000
Bypass Rd,Madurai,Madurai,Tamil Nadu,2022,1.0381,Commercial,9.924,78.135,applicable,5.11,notApplicable,0.0,applicable,4.06,notApplicable,0.0,notApplicable,0.0,9666900
"Sathyamangalam Rd, Edayarpalayam",Erode,Erode,Tamil Nadu,2022,2.8861,Residential,11.349,77.6951,applicable,1.59,applicable,2.99,applicable,2.58,applicable,5.59,applicable,4.08,10162600
MTP Rd,Coimbatore,Coimbatore,Tamil Nadu,2023,0.2234,Conservation,11.0616,76.9366,applicable,2.46,applicable,4.91,applicable,2.89,notApplicable,0.0,notApplicable,0.0,249000
Ettayapuram Rd,Thoothukudi,Thoothukudi,Tamil Nadu,2024,1.95,Commercial,8.813,78.1341,notApplicable,0.0,applicable,1.15,notApplicable,0.0,applicable,1.65,notApplicable,0.0,18856200
Alagarkoil Rd,Madurai,Madurai,Tamil Nadu,2021,0.234,Residential,9.9677,78.1653,notApplicable,0.0,applicable,4.84,notApplicable,0.0,notApplicable,0.0,notApplicable,0.0,1479000
"Dindigul Rd, Palani",Palani,Dindigul,Tamil Nadu,2024,0.8026,Agricultural,10.4508,77.5148,applicable,2.72,notApplicable,0.0,notApplicable,0.0,notApplicable,0.0,applicable,5.71,1766000
"Sathyamangalam Rd, Edayarpalayam",Erode,Erode,Tamil Nadu,2025,0.0506,Conservation,11.349,77.6951,applicable,5.59,applicable,5.5,notApplicable,0.0,applicable,3.73,notApplicable,0.0,42000
Alagarkoil Rd,Madurai,Madurai,Tamil Nadu,2022,0.2551,Conservation,9.9677,78.1653,applicable,1.49,applicable,4.96,applicable,1.59,applicable,0.21,applicable,0.48,269400
Ettayapuram Rd,Thoothukudi,Thoothukudi,Tamil Nadu,2025,1.1251,Commercial,8.813,78.1341,notApplicable,0.0,applicable,3.4,applicable,4.72,notApplicable,0.0,applicable,5.16,8525700
Bypass Rd,Madurai,Madurai,Tamil Nadu,2023,0.5213,Conservation,9.924,78.135,applicable,1.7,notApplicable,0.0,applicable,4.01,applicable,4.1,notApplicable,0.0,509500
Bypass Rd,Madurai,Madurai,Tamil Nadu,2022,0.0606,Residential,9.924,78.135,applicable,0.58,applicable,4.67,applicable,4.6,notApplicable,0.0,notApplicable,0.0,336600
"100 Feet Rd, Velachery",Chennai,Chennai,Tamil Nadu,2024,0.0573,Agricultural,12.9791,80.2209,applicable,1.22,applicable,4.88,notApplicable,0.0,applicable,3.36,applicable,1.65,133200
Rajapalayam Rd,Virudhunagar,Virudhunagar,Tamil Nadu,2021,0.2697,Agricultural,9.4523,77.5533,applicable,4.8,notApplicable,0.0,notApplicable,0.0,applicable,2.71,notApplicable,0.0,350400
Ettayapuram Rd,Thoothukudi,Thoothukudi,Tamil Nadu,2022,0.0335,Industrial,8.813,78.1341,notApplicable,0.0,applicable,3.43,notApplicable,0.0,notApplicable,0.0,notApplicable,0.0,219400
Alagarkoil Rd,Madurai,Madurai,Tamil Nadu,2022,0.136,Commercial,9.9677,78.1653,notApplicable,0.0,notApplicable,0.0,notApplicable,0.0,applicable,5.82,notApplicable,0.0,1479900
"East Coast Rd, Thiruvanmiyur",Chennai,Chennai,Tamil Nadu,2021,2.8146,Residential,12.9834,80.259,applicable,4.76,applicable,3.9,notApplicable,0.0,applicable,1.63,notApplicable,0.0,20979300
Bypass Rd,Madurai,Madurai,Tamil Nadu,2021,0.1692,Commercial,9.924,78.135,applicable,5.89,notApplicable,0.0,notApplicable,0.0,applicable,5.86,notApplicable,0.0,1538400
"Sathyamangalam Rd, Edayarpalayam",Erode,Erode,Tamil Nadu,2023,0.067,Commercial,11.349,77.6951,notApplicable,0.0,notApplicable,0.0,notApplicable,0.0,notApplicable,0.0,applicable,0.75,722100
Alagarkoil Rd,Madurai,Madurai,Tamil Nadu,2021,1.7006,Commercial,9.9677,78.1653,applicable,4.33,applicable,5.62,notApplicable,0.0,notApplicable,0.0,applicable,5.25,13648000
"NH 44, Tirunelveli",Tirunelveli,Tirunelveli,Tamil Nadu,2021,7.513,Commercial,8.7139,77.7567,applicable,5.68,applicable,0.22,notApplicable,0.0,applicable,5.37,applicable,0.45,57146800
Bypass Rd,Madurai,Madurai,Tamil Nadu,2021,0.047,Conservation,9.924,78.135,applicable,4.91,applicable,2.93,notApplicable,0.0,notApplicable,0.0,applicable,4.43,41300
MTP Rd,Coimbatore,Coimbatore,Tamil Nadu,2022,0.1519,Conservation,11.0616,76.9366,applicable,4.99,applicable,1.9,applicable,0.99,notApplicable,0.0,applicable,5.85,160200
Rajapalayam Rd,Virudhunagar,Virudhunagar,Tamil Nadu,2023,4.5213,Commercial,9.4523,77.5533,applicable,3.54,applicable,4.92,applicable,3.57,notApplicable,0.0,applicable,5.81,25486600
MTP Rd,Coimbatore,Coimbatore,Tamil Nadu,2022,0.4107,Agricultural,11.0616,76.9366,notApplicable,0.0,applicable,0.84,applicable,4.24,applicable,2.6,applicable,2.18,733500
"100 Feet Rd, Velachery",Chennai,Chennai,Tamil Nadu,2023,6.0819,Agricultural,12.9791,80.2209,applicable,4.06,notApplicable,0.0,applicable,5.69,applicable,1.61,applicable,3.04,12474000
"Dindigul Rd, Palani",Palani,Dindigul,Tamil Nadu,2021,7.0021,Commercial,10.4508,77.5148,applicable,1.23,applicable,4.66,applicable,2.94,applicable,4.62,applicable,0.58,207236600
"Avinashi Rd, Peelamedu",Coimbatore,Coimbatore,Tamil Nadu,2022,0.2465,Industrial,11.0183,76.997,applicable,2.43,applicable,5.92,applicable,3.4,notApplicable,0.0,applicable,3.92,1496400
"Trichy Rd, Singanallur",Coimbatore,Coimbatore,Tamil Nadu,2025,1.793,Commercial,10.9979,76.9994,notApplicable,0.0,applicable,1.84,applicable,4.9,notApplicable,0.0,applicable,4.59,19799000
"NH 44, Tirunelveli",Tirunelveli,Tirunelveli,Tamil Nadu,2025,0.1219,Conservation,8.7139,77.7567,applicable,2.18,applicable,2.99,notApplicable,0.0,notApplicable,0.0,applicable,1.29,114800
MTP Rd,Coimbatore,Coimbatore,Tamil Nadu,2023,0.7992,Industrial,11.0616,76.9366,applicable,2.15,applicable,2.93,applicable,1.6,applicable,2.13,applicable,1.52,5584400
"Dindigul Rd, Palani",Palani,Dindigul,Tamil Nadu,2021,2.2633,Agricultural,10.4508,77.5148,applicable,2.76,notApplicable,0.0,applicable,0.99,notApplicable,0.0,notApplicable,0.0,5014300
"Avinashi Rd, Peelamedu",Coimbatore,Coimbatore,Tamil Nadu,2021,1.3812,Commercial,11.0183,76.997,applicable,3.75,notApplicable,0.0,notApplicable,0.0,applicable,0.74,notApplicable,0.0,16167300
Rajapalayam Rd,Virudhunagar,Virudhunagar,Tamil Nadu,2022,0.0162,Conservation,9.4523,77.5533,notApplicable,0.0,applicable,0.78,notApplicable,0.0,notApplicable,0.0,notApplicable,0.0,17000
"Avinashi Rd, Peelamedu",Coimbatore,Coimbatore,Tamil Nadu,2023,0.3937,Conservation,11.0183,76.997,applicable,1.2,applicable,1.11,notApplicable,0.0,applicable,4.48,applicable,4.45,436600
"Avinashi Rd, Peelamedu",Coimbatore,Coimbatore,Tamil Nadu,2022,0.0513,Residential,11.0183,76.997,applicable,1.94,notApplicable,0.0,applicable,4.18,notApplicable,0.0,notApplicable,0.0,340400
"East Coast Rd, Thiruvanmiyur",Chennai,Chennai,Tamil Nadu,2024,3.0506,Residential,12.9834,80.259,applicable,1.53,applicable,4.91,applicable,1.74,applicable,3.22,applicable,3.42,20250800
Rajapalayam Rd,Virudhunagar,Virudhunagar,Tamil Nadu,2023,0.2051,Conservation,9.4523,77.5533,notApplicable,0.0,applicable,1.71,notApplicable,0.0,notApplicable,0.0,applicable,1.44,201200
Ettayapuram Rd,Thoothukudi,Thoothukudi,Tamil Nadu,2022,0.0668,Agricultural,8.813,78.1341,notApplicable,0.0,applicable,5.17,applicable,3.45,notApplicable,0.0,applicable,2.49,84900
MTP Rd,Coimbatore,Coimbatore,Tamil Nadu,2021,0.0825,Residential,11.0616,76.9366,applicable,2.17,applicable,3.32,notApplicable,0.0,applicable,1.71,applicable,2.13,456600
"100 Feet Rd, Velachery",Chennai,Chennai,Tamil Nadu,2024,0.0787,Agricultural,12.9791,80.2209,applicable,4.48,applicable,2.07,applicable,1.15,notApplicable,0.0,applicable,1.8,201100
"Dindigul Rd, Palani",Palani,Dindigul,Tamil Nadu,2021,0.1192,Agricultural,10.4508,77.5148,applicable,4.19,applicable,2.99,notApplicable,0.0,notApplicable,0.0,applicable,4.87,205700
"NH 44, Tirunelveli",Tirunelveli,Tirunelveli,Tamil Nadu,2021,1.4073,Commercial,8.7139,77.7567,applicable,1.89,applicable,1.12,notApplicable,0.0,notApplicable,0.0,applicable,3.37,10932600
Gandhipuram Cross Cut,Coimbatore,Coimbatore,Tamil Nadu,2025,0.3219,Conservation,11.0175,76.9725,notApplicable,0.0,applicable,0.43,notApplicable,0.0,applicable,2.72,applicable,0.35,488600
"Dindigul Rd, Palani",Palani,Dindigul,Tamil Nadu,2022,0.633,Commercial,10.4508,77.5148,applicable,1.76,applicable,1.52,applicable,2.07,applicable,4.04,applicable,2.32,20524200
Bypass Rd,Madurai,Madurai,Tamil Nadu,2025,3.2475,Agricultural,9.924,78.135,applicable,4.68,applicable,4.72,applicable,5.73,applicable,5.17,notApplicable,0.0,4603200
"100 Feet Rd, Velachery",Chennai,Chennai,Tamil Nadu,2021,0.0475,Agricultural,12.9791,80.2209,notApplicable,0.0,notApplicable,0.0,notApplicable,0.0,applicable,5.78,notApplicable,0.0,131800
"NH 44, Tirunelveli",Tirunelveli,Tirunelveli,Tamil Nadu,2024,0.2372,Industrial,8.7139,77.7567,applicable,4.24,applicable,3.79,applicable,1.91,applicable,1.19,applicable,3.51,1099400
MTP Rd,Coimbatore,Coimbatore,Tamil Nadu,2024,0.1572,Commercial,11.0616,76.9366,applicable,4.71,applicable,0.68,applicable,5.27,applicable,4.97,applicable,1.89,1455100
Bypass Rd,Madurai,Madurai,Tamil Nadu,2023,0.2808,Residential,9.924,78.135,applicable,1.9,applicable,5.76,notApplicable,0.0,applicable,5.49,applicable,0.33,1481800
Bypass Rd,Madurai,Madurai,Tamil Nadu,2024,0.1209,Commercial,9.924,78.135,notApplicable,0.0,applicable,1.24,applicable,5.9,notApplicable,0.0,applicable,2.12,1259400
"Sathyamangalam Rd, Edayarpalayam",Erode,Erode,Tamil Nadu,2021,0.9345,Conservation,11.349,77.6951,applicable,5.01,notApplicable,0.0,applicable,1.69,notApplicable,0.0,applicable,2.03,789600
Bypass Rd,Madurai,Madurai,Tamil Nadu,2022,4.7285,Residential,9.924,78.135,notApplicable,0.0,applicable,3.64,applicable,3.86,notApplicable,0.0,applicable,1.35,25198900
Bypass Rd,Madurai,Madurai,Tamil Nadu,2022,0.0155,Commercial,9.924,78.135,notApplicable,0.0,applicable,2.46,applicable,2.88,notApplicable,0.0,applicable,3.1,132900
"NH 44, Tirunelveli",Tirunelveli,Tirunelveli,Tamil Nadu,2021,0.0115,Conservation,8.7139,77.7567,applicable,3.24,applicable,0.28,applicable,4.19,notApplicable,0.0,notApplicable,0.0,9600
Gandhipuram Cross Cut,Coimbatore,Coimbatore,Tamil Nadu,2023,7.7622,Industrial,11.0175,76.9725,notApplicable,0.0,notApplicable,0.0,notApplicable,0.0,applicable,2.21,applicable,5.34,63663200
Rajapalayam Rd,Virudhunagar,Virudhunagar,Tamil Nadu,2021,1.3625,Agricultural,9.4523,77.5533,applicable,4.59,applicable,2.56,applicable,1.19,notApplicable,0.0,applicable,4.39,1509700
Rajapalayam Rd,Virudhunagar,Virudhunagar,Tamil Nadu,2025,0.0307,Conservation,9.4523,77.5533,applicable,3.21,notApplicable,0.0,notApplicable,0.0,notApplicable,0.0,applicable,2.56,27500
Simmakkal,Madurai,Madurai,Tamil Nadu,2021,4.373,Commercial,9.921,78.1197,notApplicable,0.0,applicable,2.67,applicable,5.11,applicable,5.65,notApplicable,0.0,35776300
Simmakkal,Madurai,Madurai,Tamil Nadu,2025,0.1339,Agricultural,9.921,78.1197,applicable,5.73,applicable,4.65,applicable,1.67,notApplicable,0.0,applicable,2.18,207300
Bypass Rd,Madurai,Madurai,Tamil Nadu,2025,7.0846,Conservation,9.924,78.135,notApplicable,0.0,applicable,1.73,applicable,4.55,applicable,0.43,applicable,1.6,8281300
"Dindigul Rd, Palani",Palani,Dindigul,Tamil Nadu,2024,0.2699,Conservation,10.4508,77.5148,applicable,0.79,applicable,2.35,notApplicable,0.0,notApplicable,0.0,applicable,4.21,347600
Simmakkal,Madurai,Madurai,Tamil Nadu,2025,1.5613,Agricultural,9.921,78.1197,applicable,4.88,notApplicable,0.0,notApplicable,0.0,applicable,2.54,applicable,3.67,2585500
Gandhipuram Cross Cut,Coimbatore,Coimbatore,Tamil Nadu,2025,3.7785,Industrial,11.0175,76.9725,applicable,3.89,applicable,3.5,applicable,1.05,notApplicable,0.0,applicable,3.48,26689500
Ettayapuram Rd,Thoothukudi,Thoothukudi,Tamil Nadu,2023,0.4273,Conservation,8.813,78.1341,applicable,4.7,notApplicable,0.0,notApplicable,0.0,applicable,2.69,notApplicable,0.0,375200
"Dindigul Rd, Palani",Palani,Dindigul,Tamil Nadu,2025,0.108,Industrial,10.4508,77.5148,applicable,1.45,applicable,3.46,notApplicable,0.0,notApplicable,0.0,applicable,5.97,892800
Rajapalayam Rd,Virudhunagar,Virudhunagar,Tamil Nadu,2023,0.3608,Residential,9.4523,77.5533,applicable,0.22,applicable,2.2,applicable,2.56,notApplicable,0.0,applicable,4.05,1544000
MTP Rd,Coimbatore,Coimbatore,Tamil Nadu,2025,6.7045,Conservation,11.0616,76.9366,applicable,4.74,applicable,2.42,notApplicable,0.0,applicable,2.39,applicable,2.56,6890700
Simmakkal,Madurai,Madurai,Tamil Nadu,2021,0.4331,Residential,9.921,78.1197,notApplicable,0.0,notApplicable,0.0,applicable,0.9,applicable,5.09,notApplicable,0.0,2614300
Bypass Rd,Madurai,Madurai,Tamil Nadu,2022,0.0437,Conservation,9.924,78.135,notApplicable,0.0,notApplicable,0.0,applicable,4.07,notApplicable,0.0,applicable,3.18,44700
Bypass Rd,Madurai,Madurai,Tamil Nadu,2021,0.0263,Agricultural,9.924,78.135,applicable,0.48,notApplicable,0.0,applicable,0.58,notApplicable,0.0,notApplicable,0.0,57000
Rajapalayam Rd,Virudhunagar,Virudhunagar,Tamil Nadu,2021,3.9284,Commercial,9.4523,77.5533,applicable,2.77,applicable,2.58,notApplicable,0.0,applicable,1.03,applicable,4.43,24442700
"Trichy Rd, Singanallur",Coimbatore,Coimbatore,Tamil Nadu,2021,0.1354,Commercial,10.9979,76.9994,notApplicable,0.0,applicable,4.09,applicable,3.66,applicable,2.2,notApplicable,0.0,1292900
"East Coast Rd, Thiruvanmiyur",Chennai,Chennai,Tamil Nadu,2024,0.1392,Industrial,12.9834,80.259,notApplicable,0.0,applicable,0.59,applicable,1.33,notApplicable,0.0,applicable,1.38,1743000
"100 Feet Rd, Velachery",Chennai,Chennai,Tamil Nadu,2023,0.1101,Commercial,12.9791,80.2209,applicable,5.46,notApplicable,0.0,applicable,4.13,applicable,0.66,notApplicable,0.0,1501800
Bypass Rd,Madurai,Madurai,Tamil Nadu,2022,0.2333,Agricultural,9.924,78.135,applicable,2.8,applicable,5.37,notApplicable,0.0,applicable,3.36,applicable,1.98,326100
MTP Rd,Coimbatore,Coimbatore,Tamil Nadu,2025,0.0552,Residential,11.0616,76.9366,applicable,5.03,applicable,2.51,applicable,3.3,applicable,5.58,applicable,5.45,261200
"Sathyamangalam Rd, Edayarpalayam",Erode,Erode,Tamil Nadu,2022,5.8344,Conservation,11.349,77.6951,notApplicable,0.0,applicable,3.21,notApplicable,0.0,applicable,5.85,applicable,1.2,5029400
MTP Rd,Coimbatore,Coimbatore,Tamil Nadu,2025,0.4153,Industrial,11.0616,76.9366,notApplicable,0.0,notApplicable,0.0,applicable,0.37,notApplicable,0.0,applicable,1.53,4463100
MTP Rd,Coimbatore,Coimbatore,Tamil Nadu,2024,0.12,Agricultural,11.0616,76.9366,applicable,2.55,applicable,4.72,applicable,1.05,notApplicable,0.0,applicable,4.8,213200
"Dindigul Rd, Palani",Palani,Dindigul,Tamil Nadu,2025,0.7564,Industrial,10.4508,77.5148,applicable,0.29,applicable,2.14,notApplicable,0.0,notApplicable,0.0,applicable,5.94,7340100
Gandhipuram Cross Cut,Coimbatore,Coimbatore,Tamil Nadu,2024,0.4064,Commercial,11.0175,76.9725,applicable,3.65,applicable,0.43,applicable,3.63,applicable,4.68,applicable,1.76,3724200
Rajapalayam Rd,Virudhunagar,Virudhunagar,Tamil Nadu,2023,0.1197,Conservation,9.4523,77.5533,notApplicable,0.0,applicable,5.08,notApplicable,0.0,notApplicable,0.0,applicable,2.71,101600
MTP Rd,Coimbatore,Coimbatore,Tamil Nadu,2025,0.1457,Commercial,11.0616,76.9366,applicable,4.9,applicable,5.49,applicable,4.23,notApplicable,0.0,applicable,2.76,1293200
"100 Feet Rd, Velachery",Chennai,Chennai,Tamil Nadu,2025,0.2867,Residential,12.9791,80.2209,applicable,0.57,applicable,3.84,applicable,5.85,notApplicable,0.0,notApplicable,0.0,2530600
"NH 44, Tirunelveli",Tirunelveli,Tirunelveli,Tamil Nadu,2024,4.6188,Industrial,8.7139,77.7567,notApplicable,0.0,applicable,3.06,notApplicable,0.0,applicable,4.55,applicable,4.79,24084400
Gandhipuram Cross Cut,Coimbatore,Coimbatore,Tamil Nadu,2021,0.0658,Conservation,11.0175,76.9725,applicable,2.46,notApplicable,0.0,notApplicable,0.0,notApplicable,0.0,notApplicable,0.0,88300
Alagarkoil Rd,Madurai,Madurai,Tamil Nadu,2025,0.3856,Industrial,9.9677,78.1653,notApplicable,0.0,applicable,2.48,applicable,3.64,applicable,1.34,notApplicable,0.0,2821500
Simmakkal,Madurai,Madurai,Tamil Nadu,2023,1.9275,Conservation,9.921,78.1197,notApplicable,0.0,notApplicable,0.0,applicable,5.43,notApplicable,0.0,applicable,3.52,1996100
Bypass Rd,Madurai,Madurai,Tamil Nadu,2023,0.9918,Residential,9.924,78.135,notApplicable,0.0,notApplicable,0.0,applicable,5.82,notApplicable,0.0,applicable,1.2,6351300
"Avinashi Rd, Peelamedu",Coimbatore,Coimbatore,Tamil Nadu,2023,0.0842,Residential,11.0183,76.997,applicable,1.72,applicable,2.44,applicable,5.13,notApplicable,0.0,applicable,2.08,489600
Ettayapuram Rd,Thoothukudi,Thoothukudi,Tamil Nadu,2023,0.1255,Industrial,8.813,78.1341,notApplicable,0.0,notApplicable,0.0,notApplicable,0.0,applicable,5.5,notApplicable,0.0,833500
"100 Feet Rd, Velachery",Chennai,Chennai,Tamil Nadu,2022,0.083,Agricultural,12.9791,80.2209,applicable,0.82,applicable,5.0,applicable,1.37,applicable,1.46,applicable,1.21,203100
"Avinashi Rd, Peelamedu",Coimbatore,Coimbatore,Tamil Nadu,2024,6.7928,Industrial,11.0183,76.997,notApplicable,0.0,applicable,4.24,notApplicable,0.0,applicable,3.93,notApplicable,0.0,55484600
Ettayapuram Rd,Thoothukudi,Thoothukudi,Tamil Nadu,2021,0.1187,Agricultural,8.813,78.1341,applicable,4.6,applicable,0.24,applicable,2.29,notApplicable,0.0,notApplicable,0.0,171600
"NH 44, Tirunelveli",Tirunelveli,Tirunelveli,Tamil Nadu,2025,0.7442,Conservation,8.7139,77.7567,applicable,5.21,notApplicable,0.0,notApplicable,0.0,applicable,3.58,notApplicable,0.0,672300
Ettayapuram Rd,Thoothukudi,Thoothukudi,Tamil Nadu,2025,0.7514,Industrial,8.813,78.1341,applicable,4.45,notApplicable,0.0,notApplicable,0.0,applicable,2.65,applicable,2.31,4298800
Ettayapuram Rd,Thoothukudi,Thoothukudi,Tamil Nadu,2023,0.0349,Conservation,8.813,78.1341,notApplicable,0.0,applicable,5.32,applicable,0.45,applicable,4.85,notApplicable,0.0,30300
"Avinashi Rd, Peelamedu",Coimbatore,Coimbatore,Tamil Nadu,2022,0.0202,Conservation,11.0183,76.997,notApplicable,0.0,notApplicable,0.0,applicable,0.4,applicable,1.38,applicable,3.87,25700
"100 Feet Rd, Velachery",Chennai,Chennai,Tamil Nadu,2023,4.2984,Agricultural,12.9791,80.2209,applicable,5.41,notApplicable,0.0,notApplicable,0.0,notApplicable,0.0,applicable,4.78,11046200
"Trichy Rd, Singanallur",Coimbatore,Coimbatore,Tamil Nadu,2022,0.1954,Industrial,10.9979,76.9994,notApplicable,0.0,applicable,4.92,notApplicable,0.0,applicable,4.3,applicable,4.88,1324700
"100 Feet Rd, Velachery",Chennai,Chennai,Tamil Nadu,2021,1.818,Residential,12.9791,80.2209,applicable,2.61,applicable,3.04,notApplicable,0.0,notApplicable,0.0,applicable,1.38,14050400
Alagarkoil Rd,Madurai,Madurai,Tamil Nadu,2025,2.5226,Agricultural,9.9677,78.1653,applicable,5.85,applicable,3.46,applicable,1.74,applicable,0.99,applicable,1.1,4145800
"Dindigul Rd, Palani",Palani,Dindigul,Tamil Nadu,2022,6.0187,Commercial,10.4508,77.5148,applicable,5.24,applicable,4.37,applicable,5.77,applicable,3.94,applicable,1.22,173508000
"Sathyamangalam Rd, Edayarpalayam",Erode,Erode,Tamil Nadu,2025,1.935,Residential,11.349,77.6951,applicable,2.59,applicable,1.19,notApplicable,0.0,notApplicable,0.0,applicable,0.78,11312100
Alagarkoil Rd,Madurai,Madurai,Tamil Nadu,2021,0.2327,Conservation,9.9677,78.1653,applicable,3.33,applicable,2.06,notApplicable,0.0,notApplicable,0.0,notApplicable,0.0,248200
"Trichy Rd, Singanallur",Coimbatore,Coimbatore,Tamil Nadu,2021,0.3756,Industrial,10.9979,76.9994,applicable,5.22,applicable,3.55,applicable,5.73,applicable,3.09,applicable,4.35,1866500
"Sathyamangalam Rd, Edayarpalayam",Erode,Erode,Tamil Nadu,2025,0.0714,Conservation,11.349,77.6951,applicable,4.37,applicable,1.44,applicable,4.31,notApplicable,0.0,notApplicable,0.0,67500
"100 Feet Rd, Velachery",Chennai,Chennai,Tamil Nadu,2025,0.1424,Conservation,12.9791,80.2209,applicable,1.29,applicable,0.42,notApplicable,0.0,notApplicable,0.0,applicable,0.46,301400
"Sathyamangalam Rd, Edayarpalayam",Erode,Erode,Tamil Nadu,2024,0.3271,Conservation,11.349,77.6951,applicable,1.57,applicable,3.3,notApplicable,0.0,notApplicable,0.0,applicable,5.56,297100
Ettayapuram Rd,Thoothukudi,Thoothukudi,Tamil Nadu,2022,0.0124,Agricultural,8.813,78.1341,notApplicable,0.0,notApplicable,0.0,applicable,5.04,applicable,1.15,applicable,1.42,18200
Simmakkal,Madurai,Madurai,Tamil Nadu,2021,0.7512,Agricultural,9.921,78.1197,applicable,3.17,applicable,0.53,applicable,4.97,applicable,5.49,notApplicable,0.0,1086800
"Sathyamangalam Rd, Edayarpalayam",Erode,Erode,Tamil Nadu,2022,2.691,Agricultural,11.349,77.6951,applicable,4.18,applicable,4.26,applicable,2.87,applicable,2.91,applicable,4.03,2628100
Rajapalayam Rd,Virudhunagar,Virudhunagar,Tamil Nadu,2021,0.0258,Agricultural,9.4523,77.5533,applicable,3.27,applicable,2.74,applicable,1.64,applicable,5.57,notApplicable,0.0,27600
"Avinashi Rd, Peelamedu",Coimbatore,Coimbatore,Tamil Nadu,2023,0.301,Agricultural,11.0183,76.997,applicable,4.63,notApplicable,0.0,notApplicable,0.0,notApplicable,0.0,applicable,1.84,630600
"Trichy Rd, Singanallur",Coimbatore,Coimbatore,Tamil Nadu,2025,0.1056,Agricultural,10.9979,76.9994,applicable,0.3,applicable,4.97,applicable,1.32,notApplicable,0.0,applicable,5.11,223800
Alagarkoil Rd,Madurai,Madurai,Tamil Nadu,2021,0.5019,Industrial,9.9677,78.1653,applicable,5.82,applicable,0.89,applicable,1.8,applicable,2.66,applicable,2.28,2808400
Alagarkoil Rd,Madurai,Madurai,Tamil Nadu,2023,0.1168,Industrial,9.9677,78.1653,notApplicable,0.0,applicable,2.65,applicable,2.3,notApplicable,0.0,notApplicable,0.0,875300
"Avinashi Rd, Peelamedu",Coimbatore,Coimbatore,Tamil Nadu,2024,0.0489,Conservation,11.0183,76.997,applicable,1.83,notApplicable,0.0,applicable,3.97,applicable,5.43,applicable,2.19,49800
Simmakkal,Madurai,Madurai,Tamil Nadu,2021,0.0411,Residential,9.921,78.1197,applicable,4.66,applicable,2.82,notApplicable,0.0,notApplicable,0.0,applicable,2.65,201000
Rajapalayam Rd,Virudhunagar,Virudhunagar,Tamil Nadu,2023,4.2318,Agricultural,9.4523,77.5533,notApplicable,0.0,notApplicable,0.0,applicable,4.9,notApplicable,0.0,applicable,2.88,5662100
"Dindigul Rd, Palani",Palani,Dindigul,Tamil Nadu,2021,0.1177,Conservation,10.4508,77.5148,notApplicable,0.0,applicable,1.8,applicable,5.67,applicable,3.04,applicable,2.66,115100
"Dindigul Rd, Palani",Palani,Dindigul,Tamil Nadu,2021,0.1237,Conservation,10.4508,77.5148,notApplicable,0.0,applicable,3.15,applicable,2.57,applicable,0.79,applicable,0.51,147200
Alagarkoil Rd,Madurai,Madurai,Tamil Nadu,2021,7.7233,Agricultural,9.9677,78.1653,applicable,3.48,notApplicable,0.0,applicable,1.25,notApplicable,0.0,applicable,3.28,12199500
Alagarkoil Rd,Madurai,Madurai,Tamil Nadu,2024,0.1085,Industrial,9.9677,78.1653,applicable,1.11,notApplicable,0.0,notApplicable,0.0,notApplicable,0.0,applicable,4.9,889900
"Trichy Rd, Singanallur",Coimbatore,Coimbatore,Tamil Nadu,2024,0.2021,Industrial,10.9979,76.9994,notApplicable,0.0,applicable,2.54,applicable,2.67,applicable,2.0,notApplicable,0.0,1604600
Rajapalayam Rd,Virudhunagar,Virudhunagar,Tamil Nadu,2021,0.1213,Agricultural,9.4523,77.5533,notApplicable,0.0,applicable,4.66,notApplicable,0.0,applicable,3.4,applicable,4.96,136800
MTP Rd,Coimbatore,Coimbatore,Tamil Nadu,2025,0.2373,Commercial,11.0616,76.9366,applicable,5.01,applicable,4.97,applicable,5.59,notApplicable,0.0,applicable,2.49,2177700
"Sathyamangalam Rd, Edayarpalayam",Erode,Erode,Tamil Nadu,2021,6.882,Residential,11.349,77.6951,applicable,1.06,applicable,3.01,applicable,5.72,notApplicable,0.0,notApplicable,0.0,31402400
Rajapalayam Rd,Virudhunagar,Virudhunagar,Tamil Nadu,2022,0.9835,Commercial,9.4523,77.5533,applicable,4.33,notApplicable,0.0,notApplicable,0.0,applicable,5.48,applicable,1.16,6823900
Gandhipuram Cross Cut,Coimbatore,Coimbatore,Tamil Nadu,2021,0.1678,Residential,11.0175,76.9725,applicable,3.86,applicable,4.03,notApplicable,0.0,notApplicable,0.0,applicable,1.71,972900
"NH 44, Tirunelveli",Tirunelveli,Tirunelveli,Tamil Nadu,2022,5.0777,Agricultural,8.7139,77.7567,notApplicable,0.0,notApplicable,0.0,applicable,5.05,applicable,3.12,applicable,3.61,6103300
Gandhipuram Cross Cut,Coimbatore,Coimbatore,Tamil Nadu,2021,1.9558,Conservation,11.0175,76.9725,applicable,2.27,applicable,3.18,notApplicable,0.0,applicable,5.58,notApplicable,0.0,2029300
"Sathyamangalam Rd, Edayarpalayam",Erode,Erode,Tamil Nadu,2023,0.7589,Conservation,11.349,77.6951,applicable,1.24,applicable,1.3,applicable,3.47,notApplicable,0.0,notApplicable,0.0,732700
Bypass Rd,Madurai,Madurai,Tamil Nadu,2021,1.2495,Agricultural,9.924,78.135,notApplicable,0.0,applicable,4.41,applicable,2.47,notApplicable,0.0,applicable,5.67,1880100
Simmakkal,Madurai,Madurai,Tamil Nadu,2021,0.0474,Industrial,9.921,78.1197,notApplicable,0.0,applicable,3.93,applicable,1.23,applicable,1.85,notApplicable,0.0,326100
MTP Rd,Coimbatore,Coimbatore,Tamil Nadu,2025,6.6742,Conservation,11.0616,76.9366,applicable,3.91,notApplicable,0.0,notApplicable,0.0,notApplicable,0.0,applicable,5.33,8681700
MTP Rd,Coimbatore,Coimbatore,Tamil Nadu,2025,7.6133,Commercial,11.0616,76.9366,applicable,3.45,applicable,0.79,applicable,1.03,applicable,5.89,applicable,2.26,78091000
Simmakkal,Madurai,Madurai,Tamil Nadu,2023,0.1938,Industrial,9.921,78.1197,applicable,2.73,applicable,5.91,notApplicable,0.0,applicable,2.49,applicable,1.08,1231100
"NH 44, Tirunelveli",Tirunelveli,Tirunelveli,Tamil Nadu,2025,1.4349,Industrial,8.7139,77.7567,applicable,1.64,notApplicable,0.0,applicable,4.03,notApplicable,0.0,notApplicable,0.0,9716800
Gandhipuram Cross Cut,Coimbatore,Coimbatore,Tamil Nadu,2022,0.1101,Residential,11.0175,76.9725,applicable,0.75,notApplicable,0.0,applicable,2.13,applicable,5.01,applicable,0.33,710800
"Trichy Rd, Singanallur",Coimbatore,Coimbatore,Tamil Nadu,2024,0.0303,Commercial,10.9979,76.9994,notApplicable,0.0,applicable,5.1,applicable,2.93,notApplicable,0.0,applicable,4.49,309000
MTP Rd,Coimbatore,Coimbatore,Tamil Nadu,2025,0.0277,Agricultural,11.0616,76.9366,applicable,3.4,notApplicable,0.0,notApplicable,0.0,notApplicable,0.0,applicable,0.76,64000
"Trichy Rd, Singanallur",Coimbatore,Coimbatore,Tamil Nadu,2025,0.1866,Industrial,10.9979,76.9994,notApplicable,0.0,applicable,3.32,notApplicable,0.0,notApplicable,0.0,applicable,4.87,1571900
Rajapalayam Rd,Virudhunagar,Virudhunagar,Tamil Nadu,2025,0.0869,Industrial,9.4523,77.5533,applicable,0.92,applicable,0.98,notApplicable,0.0,notApplicable,0.0,applicable,3.67,538600
Simmakkal,Madurai,Madurai,Tamil Nadu,2023,0.0445,Industrial,9.921,78.1197,applicable,3.32,applicable,4.67,notApplicable,0.0,applicable,4.88,notApplicable,0.0,272300
Alagarkoil Rd,Madurai,Madurai,Tamil Nadu,2024,0.65,Residential,9.9677,78.1653,applicable,3.98,applicable,1.95,applicable,0.99,applicable,3.28,applicable,3.57,2936100
"Trichy Rd, Singanallur",Coimbatore,Coimbatore,Tamil Nadu,2024,7.1694,Industrial,10.9979,76.9994,applicable,4.96,applicable,5.6,applicable,2.03,applicable,5.22,applicable,3.04,40922200
"NH 44, Tirunelveli",Tirunelveli,Tirunelveli,Tamil Nadu,2025,0.4835,Agricultural,8.7139,77.7567,notApplicable,0.0,notApplicable,0.0,applicable,2.34,applicable,4.83,notApplicable,0.0,781300
Ettayapuram Rd,Thoothukudi,Thoothukudi,Tamil Nadu,2022,0.9338,Residential,8.813,78.1341,applicable,2.67,applicable,5.16,notApplicable,0.0,applicable,0.89,notApplicable,0.0,4247600
"100 Feet Rd, Velachery",Chennai,Chennai,Tamil Nadu,2024,0.3174,Industrial,12.9791,80.2209,notApplicable,0.0,applicable,4.31,applicable,0.78,applicable,2.36,applicable,5.84,2983600
"Trichy Rd, Singanallur",Coimbatore,Coimbatore,Tamil Nadu,2025,0.0995,Conservation,10.9979,76.9994,applicable,3.44,applicable,1.34,notApplicable,0.0,applicable,0.66,applicable,3.55,123100
Alagarkoil Rd,Madurai,Madurai,Tamil Nadu,2021,0.7024,Industrial,9.9677,78.1653,notApplicable,0.0,applicable,1.15,applicable,1.38,applicable,1.66,applicable,4.47,4650300
Alagarkoil Rd,Madurai,Madurai,Tamil Nadu,2024,0.0584,Residential,9.9677,78.1653,applicable,5.7,applicable,1.21,notApplicable,0.0,applicable,0.94,notApplicable,0.0,377600
MTP Rd,Coimbatore,Coimbatore,Tamil Nadu,2025,1.6954,Residential,11.0616,76.9366,applicable,3.98,applicable,2.16,applicable,1.04,applicable,1.34,applicable,5.3,9576300
"Avinashi Rd, Peelamedu",Coimbatore,Coimbatore,Tamil Nadu,2024,6.3858,Residential,11.0183,76.997,applicable,4.69,applicable,4.63,notApplicable,0.0,applicable,1.61,applicable,1.9,37693500
MTP Rd,Coimbatore,Coimbatore,Tamil Nadu,2024,0.2171,Residential,11.0616,76.9366,notApplicable,0.0,notApplicable,0.0,applicable,4.85,applicable,0.59,applicable,4.75,1465400
Simmakkal,Madurai,Madurai,Tamil Nadu,2023,0.3724,Agricultural,9.921,78.1197,applicable,2.12,applicable,1.53,notApplicable,0.0,applicable,1.97,notApplicable,0.0,685800
Simmakkal,Madurai,Madurai,Tamil Nadu,2025,0.0197,Agricultural,9.921,78.1197,notApplicable,0.0,applicable,5.74,applicable,1.72,applicable,2.68,notApplicable,0.0,36100
"Avinashi Rd, Peelamedu",Coimbatore,Coimbatore,Tamil Nadu,2023,0.1064,Conservation,11.0183,76.997,applicable,1.6,applicable,3.66,notApplicable,0.0,notApplicable,0.0,applicable,1.05,135200
"NH 44, Tirunelveli",Tirunelveli,Tirunelveli,Tamil Nadu,2023,5.4074,Conservation,8.7139,77.7567,notApplicable,0.0,applicable,3.67,notApplicable,0.0,notApplicable,0.0,notApplicable,0.0,5432300
Alagarkoil Rd,Madurai,Madurai,Tamil Nadu,2025,0.4431,Industrial,9.9677,78.1653,applicable,3.33,applicable,5.79,notApplicable,0.0,notApplicable,0.0,notApplicable,0.0,3394900
"100 Feet Rd, Velachery",Chennai,Chennai,Tamil Nadu,2022,0.4411,Commercial,12.9791,80.2209,applicable,3.95,applicable,3.39,notApplicable,0.0,applicable,0.37,applicable,5.54,5266500
Rajapalayam Rd,Virudhunagar,Virudhunagar,Tamil Nadu,2022,0.3301,Residential,9.4523,77.5533,applicable,5.36,applicable,0.29,notApplicable,0.0,applicable,4.21,applicable,2.44,1290100
"East Coast Rd, Thiruvanmiyur",Chennai,Chennai,Tamil Nadu,2021,5.3487,Agricultural,12.9834,80.259,notApplicable,0.0,applicable,2.43,applicable,0.74,notApplicable,0.0,applicable,0.56,15200400
"NH 44, Tirunelveli",Tirunelveli,Tirunelveli,Tamil Nadu,2023,0.101,Commercial,8.7139,77.7567,notApplicable,0.0,applicable,1.0,notApplicable,0.0,notApplicable,0.0,applicable,2.03,955700
Rajapalayam Rd,Virudhunagar,Virudhunagar,Tamil Nadu,2021,2.1014,Commercial,9.4523,77.5533,notApplicable,0.0,applicable,4.5,notApplicable,0.0,applicable,2.4,applicable,5.04,13491600
MTP Rd,Coimbatore,Coimbatore,Tamil Nadu,2024,0.0706,Agricultural,11.0616,76.9366,applicable,0.72,applicable,5.08,notApplicable,0.0,applicable,5.96,applicable,1.5,134700
Ettayapuram Rd,Thoothukudi,Thoothukudi,Tamil Nadu,2025,1.7269,Industrial,8.813,78.1341,notApplicable,0.0,applicable,4.61,applicable,2.69,applicable,3.38,notApplicable,0.0,9266500
"100 Feet Rd, Velachery",Chennai,Chennai,Tamil Nadu,2025,4.3305,Industrial,12.9791,80.2209,notApplicable,0.0,applicable,3.88,applicable,0.89,notApplicable,0.0,applicable,3.27,46889100
Gandhipuram Cross Cut,Coimbatore,Coimbatore,Tamil Nadu,2025,1.7043,Industrial,11.0175,76.9725,applicable,1.57,applicable,0.33,applicable,0.7,applicable,2.7,applicable,4.27,14226600
"Sathyamangalam Rd, Edayarpalayam",Erode,Erode,Tamil Nadu,2025,0.0883,Conservation,11.349,77.6951,applicable,1.01,applicable,0.62,notApplicable,0.0,notApplicable,0.0,applicable,2.87,94800
Alagarkoil Rd,Madurai,Madurai,Tamil Nadu,2024,6.4877,Agricultural,9.9677,78.1653,applicable,5.04,applicable,3.4,notApplicable,0.0,applicable,1.83,applicable,3.73,9596500
"100 Feet Rd, Velachery",Chennai,Chennai,Tamil Nadu,2023,0.0348,Industrial,12.9791,80.2209,applicable,4.44,notApplicable,0.0,notApplicable,0.0,notApplicable,0.0,applicable,1.75,375600
Simmakkal,Madurai,Madurai,Tamil Nadu,2023,2.2722,Conservation,9.921,78.1197,notApplicable,0.0,applicable,2.33,notApplicable,0.0,applicable,5.02,notApplicable,0.0,2550900
"Dindigul Rd, Palani",Palani,Dindigul,Tamil Nadu,2021,1.5562,Agricultural,10.4508,77.5148,notApplicable,0.0,applicable,2.93,applicable,1.23,applicable,1.15,notApplicable,0.0,3299000
Alagarkoil Rd,Madurai,Madurai,Tamil Nadu,2021,0.3199,Commercial,9.9677,78.1653,applicable,0.62,applicable,5.66,applicable,3.35,applicable,5.6,notApplicable,0.0,2533800
"Dindigul Rd, Palani",Palani,Dindigul,Tamil Nadu,2021,0.0182,Industrial,10.4508,77.5148,applicable,5.34,applicable,0.83,notApplicable,0.0,notApplicable,0.0,notApplicable,0.0,163500
"East Coast Rd, Thiruvanmiyur",Chennai,Chennai,Tamil Nadu,2022,4.1764,Commercial,12.9834,80.259,applicable,2.7,applicable,2.02,applicable,0.29,applicable,5.75,applicable,1.69,50765500
Gandhipuram Cross Cut,Coimbatore,Coimbatore,Tamil Nadu,2025,0.2593,Agricultural,11.0175,76.9725,notApplicable,0.0,applicable,3.52,applicable,5.22,applicable,2.59,applicable,0.96,469900
"Sathyamangalam Rd, Edayarpalayam",Erode,Erode,Tamil Nadu,2024,0.1808,Agricultural,11.349,77.6951,notApplicable,0.0,applicable,4.67,applicable,4.69,notApplicable,0.0,applicable,0.41,283500
"100 Feet Rd, Velachery",Chennai,Chennai,Tamil Nadu,2025,1.5269,Commercial,12.9791,80.2209,applicable,4.63,notApplicable,0.0,notApplicable,0.0,applicable,4.98,applicable,2.16,21175700
Bypass Rd,Madurai,Madurai,Tamil Nadu,2021,2.2335,Conservation,9.924,78.135,applicable,1.94,applicable,3.34,applicable,1.33,notApplicable,0.0,applicable,1.96,2095900
Ettayapuram Rd,Thoothukudi,Thoothukudi,Tamil Nadu,2024,7.0989,Residential,8.813,78.1341,notApplicable,0.0,applicable,5.58,applicable,4.29,applicable,2.48,notApplicable,0.0,30854500
Alagarkoil Rd,Madurai,Madurai,Tamil Nadu,2021,0.061,Commercial,9.9677,78.1653,applicable,3.06,applicable,4.26,applicable,4.44,notApplicable,0.0,applicable,4.06,423800
"Avinashi Rd, Peelamedu",Coimbatore,Coimbatore,Tamil Nadu,2021,0.1495,Agricultural,11.0183,76.997,applicable,4.18,notApplicable,0.0,notApplicable,0.0,applicable,1.23,applicable,3.88,268600
Rajapalayam Rd,Virudhunagar,Virudhunagar,Tamil Nadu,2022,0.472,Commercial,9.4523,77.5533,notApplicable,0.0,notApplicable,0.0,notApplicable,0.0,applicable,4.75,notApplicable,0.0,3971600
Alagarkoil Rd,Madurai,Madurai,Tamil Nadu,2021,0.0321,Agricultural,9.9677,78.1653,applicable,2.21,applicable,4.83,notApplicable,0.0,notApplicable,0.0,notApplicable,0.0,56600
Rajapalayam Rd,Virudhunagar,Virudhunagar,Tamil Nadu,2024,3.6951,Commercial,9.4523,77.5533,applicable,0.49,applicable,2.25,applicable,4.51,applicable,4.11,applicable,3.93,22935500
Gandhipuram Cross Cut,Coimbatore,Coimbatore,Tamil Nadu,2021,1.9361,Agricultural,11.0175,76.9725,notApplicable,0.0,applicable,2.22,notApplicable,0.0,notApplicable,0.0,applicable,5.64,3877000
Bypass Rd,Madurai,Madurai,Tamil Nadu,2025,0.9263,Agricultural,9.924,78.135,applicable,3.77,notApplicable,0.0,notApplicable,0.0,notApplicable,0.0,applicable,5.37,1771300
Alagarkoil Rd,Madurai,Madurai,Tamil Nadu,2022,2.2742,Commercial,9.9677,78.1653,applicable,3.94,applicable,2.51,notApplicable,0.0,notApplicable,0.0,applicable,2.69,19851700
Simmakkal,Madurai,Madurai,Tamil Nadu,2021,0.2854,Conservation,9.921,78.1197,notApplicable,0.0,applicable,1.46,notApplicable,0.0,applicable,1.32,notApplicable,0.0,345700
"Trichy Rd, Singanallur",Coimbatore,Coimbatore,Tamil Nadu,2023,0.1572,Conservation,10.9979,76.9994,applicable,3.06,applicable,5.92,applicable,2.02,applicable,0.95,applicable,2.47,150600
"Sathyamangalam Rd, Edayarpalayam",Erode,Erode,Tamil Nadu,2023,0.1714,Conservation,11.349,77.6951,applicable,4.77,applicable,3.51,applicable,3.93,applicable,5.38,applicable,5.07,101200
"Avinashi Rd, Peelamedu",Coimbatore,Coimbatore,Tamil Nadu,2025,0.0878,Agricultural,11.0183,76.997,applicable,1.83,applicable,4.13,applicable,5.75,applicable,5.56,notApplicable,0.0,150400
Ettayapuram Rd,Thoothukudi,Thoothukudi,Tamil Nadu,2025,0.3401,Conservation,8.813,78.1341,applicable,0.47,applicable,5.73,applicable,1.59,applicable,4.09,applicable,5.32,259700
MTP Rd,Coimbatore,Coimbatore,Tamil Nadu,2024,4.7717,Residential,11.0616,76.9366,notApplicable,0.0,applicable,4.85,applicable,5.08,notApplicable,0.0,applicable,1.51,30908100
"Dindigul Rd, Palani",Palani,Dindigul,Tamil Nadu,2022,0.4851,Residential,10.4508,77.5148,applicable,3.04,notApplicable,0.0,applicable,0.22,applicable,2.32,applicable,0.75,13499900
Bypass Rd,Madurai,Madurai,Tamil Nadu,2025,0.6223,Residential,9.924,78.135,applicable,2.41,applicable,3.2,notApplicable,0.0,applicable,4.31,applicable,4.55,3018600
"Avinashi Rd, Peelamedu",Coimbatore,Coimbatore,Tamil Nadu,2025,2.403,Industrial,11.0183,76.997,applicable,3.15,applicable,2.12,notApplicable,0.0,applicable,5.32,applicable,5.22,16436600
"NH 44, Tirunelveli",Tirunelveli,Tirunelveli,Tamil Nadu,2022,0.3169,Residential,8.7139,77.7567,applicable,4.04,applicable,1.1,notApplicable,0.0,notApplicable,0.0,applicable,1.66,1512400
"Sathyamangalam Rd, Edayarpalayam",Erode,Erode,Tamil Nadu,2022,0.1124,Commercial,11.349,77.6951,applicable,0.26,notApplicable,0.0,applicable,0.93,notApplicable,0.0,applicable,3.84,1016100
"Dindigul Rd, Palani",Palani,Dindigul,Tamil Nadu,2021,0.4,Residential,10.4508,77.5148,notApplicable,0.0,applicable,1.61,notApplicable,0.0,applicable,4.36,notApplicable,0.0,12660200
"100 Feet Rd, Velachery",Chennai,Chennai,Tamil Nadu,2021,0.0685,Conservation,12.9791,80.2209,applicable,5.0,notApplicable,0.0,applicable,2.85,notApplicable,0.0,applicable,2.26,90100
"East Coast Rd, Thiruvanmiyur",Chennai,Chennai,Tamil Nadu,2025,0.0414,Conservation,12.9834,80.259,applicable,2.39,notApplicable,0.0,notApplicable,0.0,notApplicable,0.0,applicable,3.73,71100
"100 Feet Rd, Velachery",Chennai,Chennai,Tamil Nadu,2025,0.5438,Conservation,12.9791,80.2209,applicable,1.38,applicable,0.89,applicable,3.02,notApplicable,0.0,notApplicable,0.0,955000
Alagarkoil Rd,Madurai,Madurai,Tamil Nadu,2025,7.8183,Industrial,9.9677,78.1653,applicable,5.59,applicable,0.69,notApplicable,0.0,applicable,3.17,notApplicable,0.0,57612600
Alagarkoil Rd,Madurai,Madurai,Tamil Nadu,2023,0.0914,Agricultural,9.9677,78.1653,applicable,1.29,applicable,1.5,notApplicable,0.0,notApplicable,0.0,applicable,2.62,169900
Gandhipuram Cross Cut,Coimbatore,Coimbatore,Tamil Nadu,2024,4.312,Conservation,11.0175,76.9725,notApplicable,0.0,applicable,2.58,applicable,1.0,applicable,5.01,applicable,2.19,4898500
MTP Rd,Coimbatore,Coimbatore,Tamil Nadu,2023,0.1043,Commercial,11.0616,76.9366,applicable,4.49,applicable,5.6,notApplicable,0.0,notApplicable,0.0,applicable,1.06,1112300
"Trichy Rd, Singanallur",Coimbatore,Coimbatore,Tamil Nadu,2025,0.2831,Agricultural,10.9979,76.9994,notApplicable,0.0,applicable,5.76,notApplicable,0.0,applicable,5.36,applicable,4.07,520700
"Avinashi Rd, Peelamedu",Coimbatore,Coimbatore,Tamil Nadu,2022,0.2208,Residential,11.0183,76.997,applicable,0.36,applicable,5.88,applicable,1.75,notApplicable,0.0,applicable,5.21,1323000
Bypass Rd,Madurai,Madurai,Tamil Nadu,2023,1.1021,Conservation,9.924,78.135,notApplicable,0.0,notApplicable,0.0,notApplicable,0.0,applicable,5.81,applicable,2.73,1180000
Simmakkal,Madurai,Madurai,Tamil Nadu,2024,0.0641,Commercial,9.921,78.1197,applicable,0.33,notApplicable,0.0,applicable,4.25,applicable,0.25,applicable,2.13,686000
Rajapalayam Rd,Virudhunagar,Virudhunagar,Tamil Nadu,2025,1.6406,Commercial,9.4523,77.5533,notApplicable,0.0,applicable,0.85,applicable,5.55,applicable,0.28,applicable,5.25,12684700
"Avinashi Rd, Peelamedu",Coimbatore,Coimbatore,Tamil Nadu,2025,1.0772,Commercial,11.0183,76.997,applicable,4.8,applicable,1.11,applicable,2.61,notApplicable,0.0,applicable,0.87,12424700
"Trichy Rd, Singanallur",Coimbatore,Coimbatore,Tamil Nadu,2021,0.0734,Residential,10.9979,76.9994,notApplicable,0.0,applicable,0.91,applicable,5.65,notApplicable,0.0,applicable,4.97,444200
"100 Feet Rd, Velachery",Chennai,Chennai,Tamil Nadu,2021,0.6386,Agricultural,12.9791,80.2209,applicable,1.22,applicable,5.36,notApplicable,0.0,notApplicable,0.0,notApplicable,0.0,1728900
"Sathyamangalam Rd, Edayarpalayam",Erode,Erode,Tamil Nadu,2023,2.2917,Commercial,11.349,77.6951,applicable,4.21,notApplicable,0.0,notApplicable,0.0,notApplicable,0.0,applicable,2.58,19428700
MTP Rd,Coimbatore,Coimbatore,Tamil Nadu,2022,0.6981,Residential,11.0616,76.9366,applicable,5.0,applicable,5.57,applicable,3.85,applicable,2.27,applicable,1.08,3366000
"NH 44, Tirunelveli",Tirunelveli,Tirunelveli,Tamil Nadu,2021,0.1399,Agricultural,8.7139,77.7567,applicable,0.58,notApplicable,0.0,applicable,1.28,notApplicable,0.0,notApplicable,0.0,238000
Simmakkal,Madurai,Madurai,Tamil Nadu,2021,0.0696,Residential,9.921,78.1197,notApplicable,0.0,applicable,3.07,applicable,1.15,notApplicable,0.0,applicable,0.4,422000
Bypass Rd,Madurai,Madurai,Tamil Nadu,2023,0.0591,Conservation,9.924,78.135,applicable,2.2,applicable,4.37,notApplicable,0.0,notApplicable,0.0,notApplicable,0.0,67500
Alagarkoil Rd,Madurai,Madurai,Tamil Nadu,2022,0.2028,Residential,9.9677,78.1653,applicable,2.31,applicable,2.95,applicable,4.22,notApplicable,0.0,applicable,5.39,900800
Ettayapuram Rd,Thoothukudi,Thoothukudi,Tamil Nadu,2022,0.0281,Commercial,8.813,78.1341,applicable,1.29,applicable,3.72,applicable,4.77,notApplicable,0.0,applicable,0.9,203500
"100 Feet Rd, Velachery",Chennai,Chennai,Tamil Nadu,2024,0.687,Residential,12.9791,80.2209,applicable,4.13,notApplicable,0.0,notApplicable,0.0,applicable,3.87,notApplicable,0.0,5749600
"East Coast Rd, Thiruvanmiyur",Chennai,Chennai,Tamil Nadu,2024,3.5496,Industrial,12.9834,80.259,applicable,5.83,applicable,1.46,notApplicable,0.0,applicable,4.21,applicable,1.09,35356400
MTP Rd,Coimbatore,Coimbatore,Tamil Nadu,2021,0.9381,Conservation,11.0616,76.9366,applicable,5.95,applicable,3.86,notApplicable,0.0,applicable,1.27,notApplicable,0.0,1028300
Alagarkoil Rd,Madurai,Madurai,Tamil Nadu,2021,0.4374,Industrial,9.9677,78.1653,applicable,4.39,applicable,5.21,applicable,1.62,notApplicable,0.0,applicable,5.16,2389600
"Dindigul Rd, Palani",Palani,Dindigul,Tamil Nadu,2024,3.4179,Commercial,10.4508,77.5148,applicable,3.46,applicable,1.06,applicable,5.35,applicable,0.62,applicable,4.69,108691600
"NH 44, Tirunelveli",Tirunelveli,Tirunelveli,Tamil Nadu,2024,0.0421,Commercial,8.7139,77.7567,applicable,0.62,applicable,1.21,applicable,3.83,applicable,0.59,applicable,0.7,378400
"Trichy Rd, Singanallur",Coimbatore,Coimbatore,Tamil Nadu,2021,0.0893,Agricultural,10.9979,76.9994,applicable,3.63,applicable,2.81,applicable,3.08,applicable,4.87,notApplicable,0.0,129600
Ettayapuram Rd,Thoothukudi,Thoothukudi,Tamil Nadu,2022,0.0125,Agricultural,8.813,78.1341,applicable,1.98,applicable,5.66,applicable,3.52,notApplicable,0.0,applicable,4.56,14100
Rajapalayam Rd,Virudhunagar,Virudhunagar,Tamil Nadu,2024,5.3984,Industrial,9.4523,77.5533,applicable,3.69,applicable,4.67,applicable,0.96,applicable,3.98,applicable,4.11,21692300
Alagarkoil Rd,Madurai,Madurai,Tamil Nadu,2025,0.3163,Conservation,9.9677,78.1653,notApplicable,0.0,applicable,0.87,notApplicable,0.0,notApplicable,0.0,applicable,0.73,465600
Alagarkoil Rd,Madurai,Madurai,Tamil Nadu,2022,1.5876,Commercial,9.9677,78.1653,applicable,5.08,applicable,4.69,applicable,3.02,applicable,2.39,applicable,5.96,10198100
"Sathyamangalam Rd, Edayarpalayam",Erode,Erode,Tamil Nadu,2024,7.809,Commercial,11.349,77.6951,applicable,3.52,applicable,3.64,notApplicable,0.0,applicable,5.56,applicable,5.33,49919400
Simmakkal,Madurai,Madurai,Tamil Nadu,2024,1.9859,Residential,9.921,78.1197,applicable,0.42,applicable,4.49,applicable,5.86,notApplicable,0.0,applicable,3.48,10301400
"Sathyamangalam Rd, Edayarpalayam",Erode,Erode,Tamil Nadu,2021,2.8241,Industrial,11.349,77.6951,applicable,1.24,applicable,2.23,notApplicable,0.0,notApplicable,0.0,notApplicable,0.0,18960900
"100 Feet Rd, Velachery",Chennai,Chennai,Tamil Nadu,2024,0.8522,Industrial,12.9791,80.2209,applicable,2.15,notApplicable,0.0,notApplicable,0.0,notApplicable,0.0,applicable,2.48,9892600
Bypass Rd,Madurai,Madurai,Tamil Nadu,2022,0.8926,Industrial,9.924,78.135,notApplicable,0.0,applicable,3.75,applicable,2.49,applicable,5.58,notApplicable,0.0,5536600
Ettayapuram Rd,Thoothukudi,Thoothukudi,Tamil Nadu,2022,0.8877,Conservation,8.813,78.1341,applicable,4.12,notApplicable,0.0,notApplicable,0.0,applicable,4.01,applicable,3.46,638400
"Dindigul Rd, Palani",Palani,Dindigul,Tamil Nadu,2023,0.1949,Conservation,10.4508,77.5148,notApplicable,0.0,applicable,5.18,applicable,1.76,notApplicable,0.0,applicable,1.65,243900
"Dindigul Rd, Palani",Palani,Dindigul,Tamil Nadu,2024,0.0281,Conservation,10.4508,77.5148,applicable,4.32,applicable,2.59,notApplicable,0.0,applicable,2.15,applicable,4.84,28900
Ettayapuram Rd,Thoothukudi,Thoothukudi,Tamil Nadu,2021,0.9172,Residential,8.813,78.1341,applicable,0.36,applicable,5.4,notApplicable,0.0,applicable,5.27,applicable,0.82,4015900
"Avinashi Rd, Peelamedu",Coimbatore,Coimbatore,Tamil Nadu,2023,0.4525,Industrial,11.0183,76.997,applicable,5.65,applicable,5.83,notApplicable,0.0,applicable,0.66,applicable,3.53,3100000
"East Coast Rd, Thiruvanmiyur",Chennai,Chennai,Tamil Nadu,2023,0.2162,Commercial,12.9834,80.259,applicable,1.92,applicable,1.26,applicable,5.01,applicable,1.11,notApplicable,0.0,3036600
"100 Feet Rd, Velachery",Chennai,Chennai,Tamil Nadu,2022,0.0373,Agricultural,12.9791,80.2209,applicable,4.22,applicable,4.85,applicable,2.5,notApplicable,0.0,applicable,4.97,73100
"Dindigul Rd, Palani",Palani,Dindigul,Tamil Nadu,2023,0.1095,Conservation,10.4508,77.5148,applicable,5.36,notApplicable,0.0,applicable,0.57,notApplicable,0.0,applicable,1.73,147500
"Trichy Rd, Singanallur",Coimbatore,Coimbatore,Tamil Nadu,2023,0.0182,Residential,10.9979,76.9994,applicable,1.25,notApplicable,0.0,notApplicable,0.0,applicable,4.56,applicable,4.43,113600
Ettayapuram Rd,Thoothukudi,Thoothukudi,Tamil Nadu,2022,0.0381,Residential,8.813,78.1341,applicable,5.29,applicable,1.53,applicable,1.47,notApplicable,0.0,applicable,1.67,168200
"East Coast Rd, Thiruvanmiyur",Chennai,Chennai,Tamil Nadu,2024,4.6252,Agricultural,12.9834,80.259,applicable,5.41,applicable,0.53,notApplicable,0.0,notApplicable,0.0,applicable,1.81,13018900
"Dindigul Rd, Palani",Palani,Dindigul,Tamil Nadu,2022,3.5499,Agricultural,10.4508,77.5148,applicable,0.47,applicable,3.33,applicable,2.86,notApplicable,0.0,notApplicable,0.0,7366700
Ettayapuram Rd,Thoothukudi,Thoothukudi,Tamil Nadu,2021,0.4012,Conservation,8.813,78.1341,applicable,5.51,notApplicable,0.0,applicable,1.7,notApplicable,0.0,notApplicable,0.0,350500
"Sathyamangalam Rd, Edayarpalayam",Erode,Erode,Tamil Nadu,2024,0.0999,Agricultural,11.349,77.6951,applicable,2.44,notApplicable,0.0,notApplicable,0.0,applicable,3.91,applicable,1.52,154300
"Sathyamangalam Rd, Edayarpalayam",Erode,Erode,Tamil Nadu,2024,0.2688,Residential,11.349,77.6951,applicable,2.49,applicable,3.3,notApplicable,0.0,notApplicable,0.0,applicable,4.33,1264200
MTP Rd,Coimbatore,Coimbatore,Tamil Nadu,2022,0.078,Residential,11.0616,76.9366,notApplicable,0.0,applicable,2.86,applicable,3.18,notApplicable,0.0,applicable,1.57,471800
MTP Rd,Coimbatore,Coimbatore,Tamil Nadu,2024,0.123,Conservation,11.0616,76.9366,applicable,3.85,applicable,1.51,notApplicable,0.0,applicable,1.08,applicable,0.8,162000
Rajapalayam Rd,Virudhunagar,Virudhunagar,Tamil Nadu,2023,6.5859,Commercial,9.4523,77.5533,applicable,1.65,applicable,3.43,notApplicable,0.0,notApplicable,0.0,notApplicable,0.0,53311000
"Dindigul Rd, Palani",Palani,Dindigul,Tamil Nadu,2023,0.7642,Commercial,10.4508,77.5148,applicable,4.47,applicable,4.22,notApplicable,0.0,applicable,4.94,applicable,1.37,22719900
Simmakkal,Madurai,Madurai,Tamil Nadu,2023,1.2629,Agricultural,9.921,78.1197,applicable,4.16,applicable,4.64,notApplicable,0.0,applicable,4.17,applicable,0.61,1948200
Alagarkoil Rd,Madurai,Madurai,Tamil Nadu,2024,0.3684,Residential,9.9677,78.1653,applicable,2.82,notApplicable,0.0,notApplicable,0.0,applicable,3.09,applicable,2.05,1958200
Alagarkoil Rd,Madurai,Madurai,Tamil Nadu,2022,0.1782,Conservation,9.9677,78.1653,notApplicable,0.0,applicable,1.08,notApplicable,0.0,notApplicable,0.0,notApplicable,0.0,237400
"East Coast Rd, Thiruvanmiyur",Chennai,Chennai,Tamil Nadu,2024,6.5447,Commercial,12.9834,80.259,applicable,1.2,applicable,3.81,notApplicable,0.0,notApplicable,0.0,applicable,1.92,99364800
"100 Feet Rd, Velachery",Chennai,Chennai,Tamil Nadu,2024,0.8888,Agricultural,12.9791,80.2209,applicable,0.43,applicable,1.78,applicable,3.3,notApplicable,0.0,notApplicable,0.0,2585900
MTP Rd,Coimbatore,Coimbatore,Tamil Nadu,2021,0.1793,Residential,11.0616,76.9366,notApplicable,0.0,applicable,4.33,applicable,3.32,notApplicable,0.0,notApplicable,0.0,1115700
"NH 44, Tirunelveli",Tirunelveli,Tirunelveli,Tamil Nadu,2025,0.0799,Industrial,8.7139,77.7567,applicable,4.55,applicable,5.06,applicable,4.11,applicable,0.45,notApplicable,0.0,422100
Rajapalayam Rd,Virudhunagar,Virudhunagar,Tamil Nadu,2024,0.8668,Conservation,9.4523,77.5533,notApplicable,0.0,notApplicable,0.0,notApplicable,0.0,applicable,4.54,notApplicable,0.0,848200
"East Coast Rd, Thiruvanmiyur",Chennai,Chennai,Tamil Nadu,2024,0.2262,Conservation,12.9834,80.259,notApplicable,0.0,applicable,1.97,applicable,0.57,applicable,1.85,applicable,3.75,352400
Ettayapuram Rd,Thoothukudi,Thoothukudi,Tamil Nadu,2023,0.1126,Agricultural,8.813,78.1341,applicable,3.73,notApplicable,0.0,applicable,5.87,notApplicable,0.0,applicable,1.81,150700
"East Coast Rd, Thiruvanmiyur",Chennai,Chennai,Tamil Nadu,2025,2.3421,Residential,12.9834,80.259,applicable,0.23,applicable,5.63,notApplicable,0.0,applicable,4.54,applicable,3.33,17818300
Bypass Rd,Madurai,Madurai,Tamil Nadu,2021,0.3711,Residential,9.924,78.135,notApplicable,0.0,notApplicable,0.0,applicable,4.2,applicable,5.56,applicable,5.09,1727300
Gandhipuram Cross Cut,Coimbatore,Coimbatore,Tamil Nadu,2025,4.5932,Conservation,11.0175,76.9725,notApplicable,0.0,notApplicable,0.0,notApplicable,0.0,applicable,5.36,applicable,5.32,5798900
Bypass Rd,Madurai,Madurai,Tamil Nadu,2022,0.124,Residential,9.924,78.135,notApplicable,0.0,notApplicable,0.0,notApplicable,0.0,notApplicable,0.0,notApplicable,0.0,907500
"Sathyamangalam Rd, Edayarpalayam",Erode,Erode,Tamil Nadu,2022,0.0708,Agricultural,11.349,77.6951,applicable,3.73,applicable,0.78,notApplicable,0.0,applicable,3.34,applicable,3.15,90800
Alagarkoil Rd,Madurai,Madurai,Tamil Nadu,2024,0.1132,Residential,9.9677,78.1653,applicable,4.58,notApplicable,0.0,applicable,4.4,applicable,4.99,applicable,1.17,555000
"NH 44, Tirunelveli",Tirunelveli,Tirunelveli,Tamil Nadu,2021,0.4346,Conservation,8.7139,77.7567,applicable,0.84,applicable,5.83,applicable,2.63,applicable,5.15,applicable,3.93,268600
"Trichy Rd, Singanallur",Coimbatore,Coimbatore,Tamil Nadu,2024,0.3864,Commercial,10.9979,76.9994,notApplicable,0.0,applicable,4.63,notApplicable,0.0,notApplicable,0.0,applicable,3.75,4399500
Simmakkal,Madurai,Madurai,Tamil Nadu,2022,0.2214,Agricultural,9.921,78.1197,applicable,4.63,applicable,4.48,applicable,5.34,applicable,3.56,applicable,3.73,249100
Gandhipuram Cross Cut,Coimbatore,Coimbatore,Tamil Nadu,2022,0.1171,Industrial,11.0175,76.9725,notApplicable,0.0,applicable,4.73,applicable,2.85,applicable,4.18,applicable,3.09,699500
Gandhipuram Cross Cut,Coimbatore,Coimbatore,Tamil Nadu,2025,1.9304,Conservation,11.0175,76.9725,applicable,2.19,applicable,2.51,applicable,3.57,applicable,4.89,notApplicable,0.0,1950800
Bypass Rd,Madurai,Madurai,Tamil Nadu,2025,0.2428,Commercial,9.924,78.135,applicable,0.89,applicable,5.35,applicable,0.38,applicable,2.51,notApplicable,0.0,2604900
"Dindigul Rd, Palani",Palani,Dindigul,Tamil Nadu,2024,0.3606,Industrial,10.4508,77.5148,applicable,3.43,notApplicable,0.0,applicable,3.33,applicable,3.42,applicable,5.27,2343200
Alagarkoil Rd,Madurai,Madurai,Tamil Nadu,2023,5.57,Industrial,9.9677,78.1653,applicable,5.22,notApplicable,0.0,notApplicable,0.0,notApplicable,0.0,applicable,0.28,46014000
"Sathyamangalam Rd, Edayarpalayam",Erode,Erode,Tamil Nadu,2021,6.3212,Commercial,11.349,77.6951,applicable,5.48,notApplicable,0.0,notApplicable,0.0,applicable,5.71,applicable,2.45,44392200
"Trichy Rd, Singanallur",Coimbatore,Coimbatore,Tamil Nadu,2022,1.4974,Conservation,10.9979,76.9994,applicable,0.31,applicable,0.89,applicable,2.94,applicable,2.6,notApplicable,0.0,1781500
"Dindigul Rd, Palani",Palani,Dindigul,Tamil Nadu,2021,0.0983,Agricultural,10.4508,77.5148,applicable,3.65,notApplicable,0.0,applicable,0.45,notApplicable,0.0,applicable,3.01,191300
Bypass Rd,Madurai,Madurai,Tamil Nadu,2024,0.281,Conservation,9.924,78.135,notApplicable,0.0,applicable,5.26,applicable,0.99,applicable,5.61,applicable,4.66,255100
Simmakkal,Madurai,Madurai,Tamil Nadu,2021,0.8232,Residential,9.921,78.1197,applicable,3.34,applicable,4.17,applicable,2.09,applicable,3.66,applicable,3.68,3081600
"East Coast Rd, Thiruvanmiyur",Chennai,Chennai,Tamil Nadu,2025,1.7457,Residential,12.9834,80.259,applicable,3.66,applicable,0.22,applicable,1.64,notApplicable,0.0,notApplicable,0.0,16496700
"100 Feet Rd, Velachery",Chennai,Chennai,Tamil Nadu,2021,0.4227,Agricultural,12.9791,80.2209,applicable,3.36,applicable,1.63,applicable,2.21,notApplicable,0.0,applicable,2.06,926900
"NH 44, Tirunelveli",Tirunelveli,Tirunelveli,Tamil Nadu,2022,0.384,Commercial,8.7139,77.7567,notApplicable,0.0,applicable,2.34,applicable,0.69,notApplicable,0.0,applicable,0.59,3487800
"Dindigul Rd, Palani",Palani,Dindigul,Tamil Nadu,2021,0.8875,Conservation,10.4508,77.5148,applicable,2.74,applicable,3.27,notApplicable,0.0,applicable,4.51,applicable,4.45,807100
Ettayapuram Rd,Thoothukudi,Thoothukudi,Tamil Nadu,2021,0.2551,Industrial,8.813,78.1341,applicable,3.16,notApplicable,0.0,notApplicable,0.0,applicable,0.38,applicable,1.33,1515500
Bypass Rd,Madurai,Madurai,Tamil Nadu,2021,0.2339,Agricultural,9.924,78.135,applicable,5.5,applicable,0.6,applicable,4.81,notApplicable,0.0,applicable,2.98,337600
"Dindigul Rd, Palani",Palani,Dindigul,Tamil Nadu,2025,3.0892,Commercial,10.4508,77.5148,applicable,1.51,applicable,4.91,notApplicable,0.0,applicable,4.75,applicable,0.49,103433200
Alagarkoil Rd,Madurai,Madurai,Tamil Nadu,2024,2.5257,Industrial,9.9677,78.1653,applicable,0.58,applicable,2.0,applicable,1.42,notApplicable,0.0,applicable,2.5,19022200
Rajapalayam Rd,Virudhunagar,Virudhunagar,Tamil Nadu,2024,0.0981,Commercial,9.4523,77.5533,applicable,3.55,applicable,3.28,applicable,1.56,notApplicable,0.0,applicable,5.6,629900
"100 Feet Rd, Velachery",Chennai,Chennai,Tamil Nadu,2021,0.2934,Agricultural,12.9791,80.2209,applicable,3.79,applicable,5.65,notApplicable,0.0,notApplicable,0.0,applicable,5.07,622700
"Sathyamangalam Rd, Edayarpalayam",Erode,Erode,Tamil Nadu,2023,6.9433,Conservation,11.349,77.6951,applicable,4.5,applicable,5.09,applicable,0.5,notApplicable,0.0,notApplicable,0.0,6297400
"Sathyamangalam Rd, Edayarpalayam",Erode,Erode,Tamil Nadu,2024,0.1124,Conservation,11.349,77.6951,notApplicable,0.0,applicable,2.82,applicable,0.68,notApplicable,0.0,notApplicable,0.0,119600
Alagarkoil Rd,Madurai,Madurai,Tamil Nadu,2025,1.8882,Conservation,9.9677,78.1653,notApplicable,0.0,applicable,2.47,applicable,3.24,notApplicable,0.0,applicable,0.68,2204800
Gandhipuram Cross Cut,Coimbatore,Coimbatore,Tamil Nadu,2022,0.0839,Agricultural,11.0175,76.9725,applicable,5.68,applicable,2.15,notApplicable,0.0,notApplicable,0.0,applicable,0.27,175700
MTP Rd,Coimbatore,Coimbatore,Tamil Nadu,2025,0.0982,Conservation,11.0616,76.9366,applicable,1.48,applicable,4.78,notApplicable,0.0,notApplicable,0.0,applicable,0.72,138400
Alagarkoil Rd,Madurai,Madurai,Tamil Nadu,2025,1.197,Conservation,9.9677,78.1653,applicable,1.6,applicable,3.59,applicable,0.26,notApplicable,0.0,applicable,5.76,1280100
Simmakkal,Madurai,Madurai,Tamil Nadu,2024,2.7276,Conservation,9.921,78.1197,applicable,5.16,applicable,4.36,applicable,0.45,notApplicable,0.0,notApplicable,0.0,2965000
"100 Feet Rd, Velachery",Chennai,Chennai,Tamil Nadu,2022,4.0595,Commercial,12.9791,80.2209,applicable,2.22,applicable,4.38,applicable,2.53,applicable,1.62,applicable,2.25,44629100
"Dindigul Rd, Palani",Palani,Dindigul,Tamil Nadu,2023,7.0493,Agricultural,10.4508,77.5148,applicable,2.14,applicable,2.44,applicable,2.38,notApplicable,0.0,applicable,3.59,12579800
Alagarkoil Rd,Madurai,Madurai,Tamil Nadu,2021,0.0242,Commercial,9.9677,78.1653,applicable,0.36,notApplicable,0.0,notApplicable,0.0,applicable,1.12,applicable,3.65,244600
Gandhipuram Cross Cut,Coimbatore,Coimbatore,Tamil Nadu,2024,5.1274,Industrial,11.0175,76.9725,notApplicable,0.0,applicable,5.38,notApplicable,0.0,notApplicable,0.0,applicable,3.82,43265500
Alagarkoil Rd,Madurai,Madurai,Tamil Nadu,2023,1.8786,Residential,9.9677,78.1653,applicable,0.21,applicable,3.04,applicable,1.44,applicable,1.73,applicable,3.02,9558100
"100 Feet Rd, Velachery",Chennai,Chennai,Tamil Nadu,2021,0.2407,Conservation,12.9791,80.2209,applicable,0.46,applicable,3.07,notApplicable,0.0,notApplicable,0.0,applicable,1.71,379100
Gandhipuram Cross Cut,Coimbatore,Coimbatore,Tamil Nadu,2021,7.1492,Conservation,11.0175,76.9725,notApplicable,0.0,notApplicable,0.0,notApplicable,0.0,applicable,1.58,notApplicable,0.0,10074200
Alagarkoil Rd,Madurai,Madurai,Tamil Nadu,2024,0.029,Conservation,9.9677,78.1653,applicable,0.81,applicable,2.43,applicable,5.03,notApplicable,0.0,applicable,1.77,30300
Simmakkal,Madurai,Madurai,Tamil Nadu,2022,0.0527,Agricultural,9.921,78.1197,applicable,3.17,applicable,4.45,applicable,1.44,notApplicable,0.0,applicable,1.85,79900
"Dindigul Rd, Palani",Palani,Dindigul,Tamil Nadu,2021,0.5187,Commercial,10.4508,77.5148,applicable,0.94,notApplicable,0.0,notApplicable,0.0,notApplicable,0.0,applicable,0.97,15654400
"Dindigul Rd, Palani",Palani,Dindigul,Tamil Nadu,2021,0.1017,Commercial,10.4508,77.5148,notApplicable,0.0,applicable,0.58,applicable,0.53,applicable,4.2,notApplicable,0.0,3419200
"Trichy Rd, Singanallur",Coimbatore,Coimbatore,Tamil Nadu,2025,0.0401,Agricultural,10.9979,76.9994,applicable,1.04,applicable,4.55,notApplicable,0.0,applicable,3.36,applicable,2.9,72800
MTP Rd,Coimbatore,Coimbatore,Tamil Nadu,2024,7.5998,Conservation,11.0616,76.9366,applicable,1.04,applicable,1.88,applicable,1.74,applicable,5.36,applicable,3.94,7760500
Bypass Rd,Madurai,Madurai,Tamil Nadu,2021,3.8329,Agricultural,9.924,78.135,applicable,2.8,applicable,3.99,applicable,0.53,applicable,5.59,applicable,4.72,4855800
Alagarkoil Rd,Madurai,Madurai,Tamil Nadu,2024,0.2949,Residential,9.9677,78.1653,applicable,2.02,applicable,0.55,applicable,3.07,applicable,0.99,applicable,5.74,1550900
"Dindigul Rd, Palani",Palani,Dindigul,Tamil Nadu,2024,6.6722,Agricultural,10.4508,77.5148,applicable,4.51,applicable,2.94,applicable,0.64,notApplicable,0.0,applicable,2.46,12550900
"East Coast Rd, Thiruvanmiyur",Chennai,Chennai,Tamil Nadu,2023,0.0543,Agricultural,12.9834,80.259,notApplicable,0.0,applicable,2.95,applicable,0.24,notApplicable,0.0,notApplicable,0.0,162900
"Avinashi Rd, Peelamedu",Coimbatore,Coimbatore,Tamil Nadu,2021,0.2006,Industrial,11.0183,76.997,applicable,1.45,applicable,3.61,notApplicable,0.0,applicable,4.58,applicable,1.02,1403300
Gandhipuram Cross Cut,Coimbatore,Coimbatore,Tamil Nadu,2025,0.4097,Agricultural,11.0175,76.9725,applicable,2.03,applicable,1.5,notApplicable,0.0,applicable,0.96,applicable,2.57,879500
Rajapalayam Rd,Virudhunagar,Virudhunagar,Tamil Nadu,2025,0.7009,Commercial,9.4523,77.5533,applicable,4.07,applicable,2.05,applicable,5.59,applicable,3.57,applicable,5.08,3760800
Bypass Rd,Madurai,Madurai,Tamil Nadu,2024,6.814,Conservation,9.924,78.135,applicable,2.64,applicable,1.44,notApplicable,0.0,notApplicable,0.0,applicable,2.4,7323200
"Dindigul Rd, Palani",Palani,Dindigul,Tamil Nadu,2025,6.4952,Conservation,10.4508,77.5148,notApplicable,0.0,applicable,3.05,applicable,3.79,notApplicable,0.0,applicable,3.49,7304200
"Trichy Rd, Singanallur",Coimbatore,Coimbatore,Tamil Nadu,2021,0.4079,Agricultural,10.9979,76.9994,applicable,5.88,notApplicable,0.0,notApplicable,0.0,notApplicable,0.0,notApplicable,0.0,884100
"Trichy Rd, Singanallur",Coimbatore,Coimbatore,Tamil Nadu,2024,0.4806,Conservation,10.9979,76.9994,applicable,5.16,applicable,1.18,applicable,5.99,applicable,1.36,applicable,4.42,478900
MTP Rd,Coimbatore,Coimbatore,Tamil Nadu,2021,0.0603,Residential,11.0616,76.9366,applicable,4.34,applicable,2.54,applicable,1.59,applicable,0.85,applicable,0.23,354800
Rajapalayam Rd,Virudhunagar,Virudhunagar,Tamil Nadu,2021,0.027,Conservation,9.4523,77.5533,applicable,3.07,applicable,5.62,notApplicable,0.0,notApplicable,0.0,applicable,4.5,18300
"NH 44, Tirunelveli",Tirunelveli,Tirunelveli,Tamil Nadu,2024,1.0823,Conservation,8.7139,77.7567,applicable,3.38,notApplicable,0.0,notApplicable,0.0,notApplicable,0.0,notApplicable,0.0,1103400
"Trichy Rd, Singanallur",Coimbatore,Coimbatore,Tamil Nadu,2022,1.3951,Industrial,10.9979,76.9994,applicable,5.73,applicable,0.68,applicable,0.76,applicable,5.32,notApplicable,0.0,10575300
Gandhipuram Cross Cut,Coimbatore,Coimbatore,Tamil Nadu,2025,0.9946,Conservation,11.0175,76.9725,applicable,0.6,applicable,1.38,notApplicable,0.0,notApplicable,0.0,applicable,4.62,1363200
Bypass Rd,Madurai,Madurai,Tamil Nadu,2024,1.4108,Agricultural,9.924,78.135,notApplicable,0.0,applicable,1.0,applicable,5.31,applicable,4.38,applicable,4.9,2195800
"NH 44, Tirunelveli",Tirunelveli,Tirunelveli,Tamil Nadu,2025,0.8337,Agricultural,8.7139,77.7567,notApplicable,0.0,applicable,3.1,notApplicable,0.0,applicable,0.61,applicable,1.72,1350100
"100 Feet Rd, Velachery",Chennai,Chennai,Tamil Nadu,2022,0.2755,Industrial,12.9791,80.2209,notApplicable,0.0,applicable,1.12,notApplicable,0.0,applicable,0.75,applicable,4.68,3056100
"NH 44, Tirunelveli",Tirunelveli,Tirunelveli,Tamil Nadu,2021,1.9074,Commercial,8.7139,77.7567,applicable,0.38,applicable,2.89,notApplicable,0.0,notApplicable,0.0,applicable,1.2,16088600
Bypass Rd,Madurai,Madurai,Tamil Nadu,2021,0.0175,Industrial,9.924,78.135,applicable,0.94,applicable,4.46,notApplicable,0.0,applicable,5.57,notApplicable,0.0,114500
Alagarkoil Rd,Madurai,Madurai,Tamil Nadu,2022,0.0141,Agricultural,9.9677,78.1653,applicable,5.37,applicable,5.5,notApplicable,0.0,applicable,4.57,notApplicable,0.0,21100
MTP Rd,Coimbatore,Coimbatore,Tamil Nadu,2023,0.4628,Agricultural,11.0616,76.9366,notApplicable,0.0,applicable,2.13,notApplicable,0.0,applicable,0.24,applicable,3.1,1003000
Gandhipuram Cross Cut,Coimbatore,Coimbatore,Tamil Nadu,2023,5.35,Residential,11.0175,76.9725,applicable,0.79,notApplicable,0.0,applicable,4.14,applicable,4.99,applicable,4.08,29002700
"Sathyamangalam Rd, Edayarpalayam",Erode,Erode,Tamil Nadu,2025,7.6097,Agricultural,11.349,77.6951,notApplicable,0.0,notApplicable,0.0,applicable,5.3,applicable,5.33,notApplicable,0.0,12088500
"NH 44, Tirunelveli",Tirunelveli,Tirunelveli,Tamil Nadu,2025,0.1299,Industrial,8.7139,77.7567,applicable,5.85,applicable,0.83,notApplicable,0.0,applicable,3.16,applicable,3.1,677500
"Trichy Rd, Singanallur",Coimbatore,Coimbatore,Tamil Nadu,2022,1.7175,Residential,10.9979,76.9994,notApplicable,0.0,notApplicable,0.0,notApplicable,0.0,notApplicable,0.0,notApplicable,0.0,14275900
Alagarkoil Rd,Madurai,Madurai,Tamil Nadu,2023,0.4129,Industrial,9.9677,78.1653,applicable,0.71,applicable,0.92,notApplicable,0.0,notApplicable,0.0,applicable,4.09,3267100
Ettayapuram Rd,Thoothukudi,Thoothukudi,Tamil Nadu,2025,2.0151,Residential,8.813,78.1341,applicable,5.21,applicable,4.88,notApplicable,0.0,notApplicable,0.0,applicable,4.4,8774600
"Trichy Rd, Singanallur",Coimbatore,Coimbatore,Tamil Nadu,2024,0.0852,Conservation,10.9979,76.9994,applicable,4.93,applicable,2.35,applicable,1.34,applicable,4.55,applicable,0.68,90800
"Avinashi Rd, Peelamedu",Coimbatore,Coimbatore,Tamil Nadu,2021,7.7064,Agricultural,11.0183,76.997,applicable,5.26,notApplicable,0.0,applicable,2.43,applicable,5.93,notApplicable,0.0,12962100
"Dindigul Rd, Palani",Palani,Dindigul,Tamil Nadu,2021,0.0933,Residential,10.4508,77.5148,applicable,5.63,notApplicable,0.0,applicable,4.92,applicable,1.6,applicable,4.55,2547200
Simmakkal,Madurai,Madurai,Tamil Nadu,2025,5.782,Industrial,9.921,78.1197,notApplicable,0.0,applicable,5.87,notApplicable,0.0,applicable,5.95,notApplicable,0.0,44335100
"Trichy Rd, Singanallur",Coimbatore,Coimbatore,Tamil Nadu,2025,1.4542,Agricultural,10.9979,76.9994,notApplicable,0.0,notApplicable,0.0,notApplicable,0.0,applicable,2.18,notApplicable,0.0,3657600
"100 Feet Rd, Velachery",Chennai,Chennai,Tamil Nadu,2021,7.2034,Agricultural,12.9791,80.2209,applicable,4.35,applicable,2.91,applicable,5.68,applicable,0.81,notApplicable,0.0,15020200
MTP Rd,Coimbatore,Coimbatore,Tamil Nadu,2021,0.3145,Conservation,11.0616,76.9366,applicable,3.04,notApplicable,0.0,applicable,0.9,notApplicable,0.0,applicable,1.35,378500
"Avinashi Rd, Peelamedu",Coimbatore,Coimbatore,Tamil Nadu,2024,0.3459,Agricultural,11.0183,76.997,notApplicable,0.0,applicable,2.24,notApplicable,0.0,notApplicable,0.0,applicable,5.23,754200
"Dindigul Rd, Palani",Palani,Dindigul,Tamil Nadu,2023,2.8097,Residential,10.4508,77.5148,notApplicable,0.0,applicable,5.96,notApplicable,0.0,applicable,3.69,applicable,4.63,89147400
"Trichy Rd, Singanallur",Coimbatore,Coimbatore,Tamil Nadu,2024,4.139,Industrial,10.9979,76.9994,applicable,4.24,applicable,5.65,applicable,5.67,notApplicable,0.0,notApplicable,0.0,29246600
"Dindigul Rd, Palani",Palani,Dindigul,Tamil Nadu,2024,0.1353,Agricultural,10.4508,77.5148,applicable,4.65,applicable,5.38,notApplicable,0.0,notApplicable,0.0,applicable,1.11,288000
MTP Rd,Coimbatore,Coimbatore,Tamil Nadu,2025,0.7054,Agricultural,11.0616,76.9366,applicable,3.68,applicable,4.9,applicable,4.92,notApplicable,0.0,notApplicable,0.0,1292800
"Avinashi Rd, Peelamedu",Coimbatore,Coimbatore,Tamil Nadu,2022,6.3182,Agricultural,11.0183,76.997,applicable,3.76,applicable,2.11,notApplicable,0.0,applicable,2.0,notApplicable,0.0,11928100
"Dindigul Rd, Palani",Palani,Dindigul,Tamil Nadu,2021,0.9142,Commercial,10.4508,77.5148,notApplicable,0.0,applicable,5.16,applicable,0.91,notApplicable,0.0,notApplicable,0.0,29235700
Alagarkoil Rd,Madurai,Madurai,Tamil Nadu,2022,0.0864,Agricultural,9.9677,78.1653,applicable,2.3,applicable,1.1,notApplicable,0.0,applicable,5.15,applicable,3.91,130800
Ettayapuram Rd,Thoothukudi,Thoothukudi,Tamil Nadu,2024,0.5283,Conservation,8.813,78.1341,applicable,2.88,applicable,1.02,notApplicable,0.0,notApplicable,0.0,applicable,2.28,481900
"Dindigul Rd, Palani",Palani,Dindigul,Tamil Nadu,2022,0.6838,Industrial,10.4508,77.5148,notApplicable,0.0,applicable,4.39,notApplicable,0.0,notApplicable,0.0,applicable,1.46,6116300
"Trichy Rd, Singanallur",Coimbatore,Coimbatore,Tamil Nadu,2025,1.1635,Residential,10.9979,76.9994,applicable,3.46,applicable,2.13,applicable,4.67,applicable,2.49,applicable,3.26,5892700
"Sathyamangalam Rd, Edayarpalayam",Erode,Erode,Tamil Nadu,2025,0.5685,Residential,11.349,77.6951,applicable,5.68,applicable,5.19,notApplicable,0.0,notApplicable,0.0,applicable,4.3,2690300
"Avinashi Rd, Peelamedu",Coimbatore,Coimbatore,Tamil Nadu,2024,2.7523,Conservation,11.0183,76.997,notApplicable,0.0,notApplicable,0.0,notApplicable,0.0,applicable,0.38,applicable,1.73,4290600
"NH 44, Tirunelveli",Tirunelveli,Tirunelveli,Tamil Nadu,2025,0.2117,Industrial,8.7139,77.7567,applicable,4.68,applicable,2.95,applicable,3.55,notApplicable,0.0,notApplicable,0.0,1155300
Alagarkoil Rd,Madurai,Madurai,Tamil Nadu,2024,0.5133,Conservation,9.9677,78.1653,applicable,4.32,applicable,2.2,applicable,1.12,notApplicable,0.0,applicable,5.13,495500
Simmakkal,Madurai,Madurai,Tamil Nadu,2022,0.3344,Agricultural,9.921,78.1197,notApplicable,0.0,applicable,4.3,applicable,1.22,notApplicable,0.0,applicable,3.93,555000
"East Coast Rd, Thiruvanmiyur",Chennai,Chennai,Tamil Nadu,2024,5.6405,Agricultural,12.9834,80.259,applicable,2.36,applicable,1.88,notApplicable,0.0,applicable,5.06,notApplicable,0.0,14356100
"NH 44, Tirunelveli",Tirunelveli,Tirunelveli,Tamil Nadu,2021,0.0625,Residential,8.7139,77.7567,applicable,2.6,notApplicable,0.0,applicable,5.77,applicable,3.5,applicable,3.39,211000
"Trichy Rd, Singanallur",Coimbatore,Coimbatore,Tamil Nadu,2024,0.0476,Residential,10.9979,76.9994,applicable,0.67,notApplicable,0.0,notApplicable,0.0,notApplicable,0.0,notApplicable,0.0,425300
"Sathyamangalam Rd, Edayarpalayam",Erode,Erode,Tamil Nadu,2023,0.4795,Agricultural,11.349,77.6951,applicable,5.15,applicable,5.21,applicable,2.76,applicable,3.47,applicable,4.74,485500
"Avinashi Rd, Peelamedu",Coimbatore,Coimbatore,Tamil Nadu,2021,0.5488,Conservation,11.0183,76.997,applicable,3.39,applicable,0.83,applicable,3.7,notApplicable,0.0,notApplicable,0.0,615700
"Avinashi Rd, Peelamedu",Coimbatore,Coimbatore,Tamil Nadu,2024,0.1081,Residential,11.0183,76.997,applicable,1.93,applicable,4.68,notApplicable,0.0,applicable,4.94,applicable,0.55,680700
MTP Rd,Coimbatore,Coimbatore,Tamil Nadu,2024,0.7575,Industrial,11.0616,76.9366,applicable,2.37,applicable,2.83,applicable,0.2,notApplicable,0.0,applicable,5.18,5763100
Simmakkal,Madurai,Madurai,Tamil Nadu,2024,0.1147,Agricultural,9.921,78.1197,applicable,5.09,applicable,1.2,notApplicable,0.0,notApplicable,0.0,applicable,0.47,227800
"East Coast Rd, Thiruvanmiyur",Chennai,Chennai,Tamil Nadu,2023,0.1335,Commercial,12.9834,80.259,applicable,1.21,applicable,5.75,applicable,1.62,notApplicable,0.0,applicable,0.59,1925800
Alagarkoil Rd,Madurai,Madurai,Tamil Nadu,2023,1.4273,Commercial,9.9677,78.1653,applicable,3.57,applicable,4.92,notApplicable,0.0,applicable,4.89,notApplicable,0.0,12043300
Ettayapuram Rd,Thoothukudi,Thoothukudi,Tamil Nadu,2025,0.4215,Residential,8.813,78.1341,applicable,2.21,applicable,4.53,applicable,3.32,applicable,3.94,applicable,0.91,1651000
Ettayapuram Rd,Thoothukudi,Thoothukudi,Tamil Nadu,2023,6.6805,Commercial,8.813,78.1341,applicable,1.03,notApplicable,0.0,notApplicable,0.0,applicable,5.81,applicable,2.53,51494100
"Sathyamangalam Rd, Edayarpalayam",Erode,Erode,Tamil Nadu,2025,1.8596,Commercial,11.349,77.6951,applicable,0.77,applicable,0.97,notApplicable,0.0,applicable,2.49,notApplicable,0.0,18257300
"Avinashi Rd, Peelamedu",Coimbatore,Coimbatore,Tamil Nadu,2024,0.6922,Agricultural,11.0183,76.997,applicable,2.42,applicable,5.4,notApplicable,0.0,notApplicable,0.0,applicable,1.02,1406700
Rajapalayam Rd,Virudhunagar,Virudhunagar,Tamil Nadu,2021,0.4183,Industrial,9.4523,77.5533,applicable,0.55,notApplicable,0.0,notApplicable,0.0,applicable,1.16,applicable,0.81,2650300
"Avinashi Rd, Peelamedu",Coimbatore,Coimbatore,Tamil Nadu,2023,0.0114,Commercial,11.0183,76.997,applicable,2.76,applicable,5.52,applicable,2.87,notApplicable,0.0,applicable,1.01,108800
"100 Feet Rd, Velachery",Chennai,Chennai,Tamil Nadu,2023,0.6401,Commercial,12.9791,80.2209,applicable,1.25,applicable,5.58,notApplicable,0.0,notApplicable,0.0,applicable,0.24,10258100
"Sathyamangalam Rd, Edayarpalayam",Erode,Erode,Tamil Nadu,2021,0.3719,Industrial,11.349,77.6951,notApplicable,0.0,applicable,0.75,applicable,5.26,notApplicable,0.0,applicable,5.67,2122800
"Sathyamangalam Rd, Edayarpalayam",Erode,Erode,Tamil Nadu,2023,1.8251,Conservation,11.349,77.6951,notApplicable,0.0,applicable,2.06,notApplicable,0.0,notApplicable,0.0,notApplicable,0.0,2052500
Ettayapuram Rd,Thoothukudi,Thoothukudi,Tamil Nadu,2022,3.5968,Industrial,8.813,78.1341,applicable,4.72,applicable,5.27,applicable,4.48,applicable,0.66,applicable,3.6,14983200
"100 Feet Rd, Velachery",Chennai,Chennai,Tamil Nadu,2022,3.1001,Residential,12.9791,80.2209,applicable,3.62,notApplicable,0.0,applicable,1.66,applicable,1.25,applicable,0.27,26030200
"100 Feet Rd, Velachery",Chennai,Chennai,Tamil Nadu,2022,0.1391,Residential,12.9791,80.2209,notApplicable,0.0,applicable,2.77,notApplicable,0.0,applicable,0.98,notApplicable,0.0,1291500
"Trichy Rd, Singanallur",Coimbatore,Coimbatore,Tamil Nadu,2021,0.7913,Commercial,10.9979,76.9994,applicable,0.69,applicable,1.47,applicable,2.35,applicable,1.36,notApplicable,0.0,8805700
"100 Feet Rd, Velachery",Chennai,Chennai,Tamil Nadu,2023,0.1271,Residential,12.9791,80.2209,applicable,4.02,applicable,2.06,applicable,1.83,notApplicable,0.0,applicable,0.84,1029900
Bypass Rd,Madurai,Madurai,Tamil Nadu,2024,1.0864,Agricultural,9.924,78.135,applicable,0.72,applicable,4.99,applicable,4.02,applicable,5.17,applicable,4.11,1444500
Simmakkal,Madurai,Madurai,Tamil Nadu,2024,0.0261,Residential,9.921,78.1197,notApplicable,0.0,applicable,1.8,notApplicable,0.0,notApplicable,0.0,applicable,4.94,163300
MTP Rd,Coimbatore,Coimbatore,Tamil Nadu,2024,5.1402,Residential,11.0616,76.9366,notApplicable,0.0,notApplicable,0.0,notApplicable,0.0,applicable,4.78,applicable,3.71,33603500
"Dindigul Rd, Palani",Palani,Dindigul,Tamil Nadu,2024,2.6005,Commercial,10.4508,77.5148,applicable,1.2,applicable,4.24,notApplicable,0.0,notApplicable,0.0,applicable,0.44,83768300
"Sathyamangalam Rd, Edayarpalayam",Erode,Erode,Tamil Nadu,2023,1.2443,Commercial,11.349,77.6951,applicable,2.8,applicable,4.61,applicable,0.26,notApplicable,0.0,applicable,2.28,9616300
"NH 44, Tirunelveli",Tirunelveli,Tirunelveli,Tamil Nadu,2022,1.127,Commercial,8.7139,77.7567,applicable,3.99,applicable,5.88,applicable,0.22,notApplicable,0.0,applicable,2.17,8052900
Alagarkoil Rd,Madurai,Madurai,Tamil Nadu,2024,0.2438,Commercial,9.9677,78.1653,applicable,1.48,applicable,3.3,applicable,1.72,notApplicable,0.0,applicable,2.68,2179900
Simmakkal,Madurai,Madurai,Tamil Nadu,2021,1.9343,Industrial,9.921,78.1197,applicable,5.09,applicable,5.79,notApplicable,0.0,applicable,2.24,notApplicable,0.0,11794500
Bypass Rd,Madurai,Madurai,Tamil Nadu,2022,0.1051,Industrial,9.924,78.135,applicable,4.53,applicable,3.51,notApplicable,0.0,notApplicable,0.0,notApplicable,0.0,735800
"100 Feet Rd, Velachery",Chennai,Chennai,Tamil Nadu,2024,1.7647,Industrial,12.9791,80.2209,applicable,1.88,applicable,1.57,notApplicable,0.0,notApplicable,0.0,applicable,2.59,19731900
"Dindigul Rd, Palani",Palani,Dindigul,Tamil Nadu,2021,0.2368,Commercial,10.4508,77.5148,applicable,2.55,applicable,4.26,notApplicable,0.0,notApplicable,0.0,applicable,5.35,7896200
"100 Feet Rd, Velachery",Chennai,Chennai,Tamil Nadu,2024,0.0674,Residential,12.9791,80.2209,applicable,1.46,applicable,4.61,applicable,4.12,notApplicable,0.0,applicable,4.89,466500
"Sathyamangalam Rd, Edayarpalayam",Erode,Erode,Tamil Nadu,2025,6.1783,Residential,11.349,77.6951,notApplicable,0.0,applicable,5.12,notApplicable,0.0,notApplicable,0.0,applicable,5.09,33043900
Rajapalayam Rd,Virudhunagar,Virudhunagar,Tamil Nadu,2022,5.8875,Residential,9.4523,77.5533,notApplicable,0.0,applicable,0.37,applicable,2.47,applicable,1.28,notApplicable,0.0,28888600
"East Coast Rd, Thiruvanmiyur",Chennai,Chennai,Tamil Nadu,2022,0.4868,Industrial,12.9834,80.259,notApplicable,0.0,applicable,0.66,applicable,5.97,notApplicable,0.0,notApplicable,0.0,5626100
"100 Feet Rd, Velachery",Chennai,Chennai,Tamil Nadu,2021,0.2965,Industrial,12.9791,80.2209,notApplicable,0.0,applicable,3.3,applicable,4.97,notApplicable,0.0,notApplicable,0.0,2906600
"Trichy Rd, Singanallur",Coimbatore,Coimbatore,Tamil Nadu,2024,0.2052,Residential,10.9979,76.9994,notApplicable,0.0,applicable,5.94,notApplicable,0.0,notApplicable,0.0,applicable,3.69,1355000
"Trichy Rd, Singanallur",Coimbatore,Coimbatore,Tamil Nadu,2025,0.2965,Commercial,10.9979,76.9994,applicable,5.98,applicable,3.28,applicable,5.76,applicable,1.78,applicable,3.46,2434200
Ettayapuram Rd,Thoothukudi,Thoothukudi,Tamil Nadu,2022,0.1236,Commercial,8.813,78.1341,applicable,2.44,applicable,2.39,applicable,3.92,notApplicable,0.0,notApplicable,0.0,897300
Gandhipuram Cross Cut,Coimbatore,Coimbatore,Tamil Nadu,2023,0.1336,Agricultural,11.0175,76.9725,applicable,4.02,applicable,5.43,applicable,3.99,notApplicable,0.0,notApplicable,0.0,231200
"Dindigul Rd, Palani",Palani,Dindigul,Tamil Nadu,2024,0.1901,Residential,10.4508,77.5148,applicable,3.85,applicable,0.38,applicable,3.92,applicable,5.22,applicable,5.18,5519100
"NH 44, Tirunelveli",Tirunelveli,Tirunelveli,Tamil Nadu,2025,1.4769,Residential,8.7139,77.7567,notApplicable,0.0,applicable,1.05,notApplicable,0.0,notApplicable,0.0,applicable,3.14,8307800
Alagarkoil Rd,Madurai,Madurai,Tamil Nadu,2022,0.0998,Conservation,9.9677,78.1653,applicable,5.18,applicable,1.19,applicable,2.94,notApplicable,0.0,notApplicable,0.0,99700
"Dindigul Rd, Palani",Palani,Dindigul,Tamil Nadu,2021,0.0843,Conservation,10.4508,77.5148,applicable,5.32,notApplicable,0.0,notApplicable,0.0,applicable,1.83,applicable,1.47,99700
Bypass Rd,Madurai,Madurai,Tamil Nadu,2023,0.0568,Residential,9.924,78.135,applicable,1.03,applicable,1.14,notApplicable,0.0,notApplicable,0.0,notApplicable,0.0,414000
"Avinashi Rd, Peelamedu",Coimbatore,Coimbatore,Tamil Nadu,2025,7.7409,Industrial,11.0183,76.997,applicable,4.97,applicable,5.58,applicable,0.54,applicable,3.74,applicable,3.96,49139000
"100 Feet Rd, Velachery",Chennai,Chennai,Tamil Nadu,2022,0.0626,Commercial,12.9791,80.2209,applicable,4.26,applicable,4.93,notApplicable,0.0,applicable,4.78,notApplicable,0.0,756700
"Trichy Rd, Singanallur",Coimbatore,Coimbatore,Tamil Nadu,2022,0.4395,Agricultural,10.9979,76.9994,applicable,2.34,notApplicable,0.0,applicable,5.65,notApplicable,0.0,applicable,2.52,781600
"Avinashi Rd, Peelamedu",Coimbatore,Coimbatore,Tamil Nadu,2022,5.6259,Residential,11.0183,76.997,applicable,5.81,applicable,5.16,applicable,4.07,applicable,1.21,notApplicable,0.0,30025400
"Trichy Rd, Singanallur",Coimbatore,Coimbatore,Tamil Nadu,2025,0.2146,Residential,10.9979,76.9994,applicable,3.58,applicable,1.23,applicable,5.38,applicable,2.39,notApplicable,0.0,1327000
Rajapalayam Rd,Virudhunagar,Virudhunagar,Tamil Nadu,2025,0.3611,Residential,9.4523,77.5533,applicable,2.89,applicable,3.07,applicable,3.74,notApplicable,0.0,applicable,2.36,1366900
"Dindigul Rd, Palani",Palani,Dindigul,Tamil Nadu,2021,0.5733,Commercial,10.4508,77.5148,notApplicable,0.0,notApplicable,0.0,applicable,1.3,applicable,4.63,applicable,0.69,17739700
"Dindigul Rd, Palani",Palani,Dindigul,Tamil Nadu,2021,6.1904,Agricultural,10.4508,77.5148,applicable,4.5,applicable,4.04,notApplicable,0.0,applicable,5.15,notApplicable,0.0,10675100
MTP Rd,Coimbatore,Coimbatore,Tamil Nadu,2021,6.8692,Conservation,11.0616,76.9366,applicable,3.75,notApplicable,0.0,notApplicable,0.0,applicable,2.72,applicable,2.1,7178900
"Trichy Rd, Singanallur",Coimbatore,Coimbatore,Tamil Nadu,2022,0.154,Residential,10.9979,76.9994,applicable,3.01,applicable,2.67,applicable,3.73,applicable,4.84,applicable,3.81,649900
Rajapalayam Rd,Virudhunagar,Virudhunagar,Tamil Nadu,2022,0.1382,Industrial,9.4523,77.5533,applicable,2.95,notApplicable,0.0,applicable,2.31,applicable,3.84,applicable,0.22,664100
Bypass Rd,Madurai,Madurai,Tamil Nadu,2025,1.2204,Agricultural,9.924,78.135,notApplicable,0.0,applicable,0.9,applicable,1.15,notApplicable,0.0,applicable,1.51,2619900
"Avinashi Rd, Peelamedu",Coimbatore,Coimbatore,Tamil Nadu,2025,4.9772,Industrial,11.0183,76.997,applicable,2.63,applicable,4.59,applicable,4.62,notApplicable,0.0,applicable,1.24,34918600
MTP Rd,Coimbatore,Coimbatore,Tamil Nadu,2025,5.5447,Commercial,11.0616,76.9366,applicable,5.14,applicable,2.0,applicable,5.11,notApplicable,0.0,notApplicable,0.0,59051700
Rajapalayam Rd,Virudhunagar,Virudhunagar,Tamil Nadu,2023,0.159,Agricultural,9.4523,77.5533,notApplicable,0.0,applicable,5.05,applicable,2.6,notApplicable,0.0,applicable,0.64,223700
"East Coast Rd, Thiruvanmiyur",Chennai,Chennai,Tamil Nadu,2021,0.1468,Industrial,12.9834,80.259,applicable,0.66,applicable,2.24,notApplicable,0.0,notApplicable,0.0,applicable,1.32,1627600
Rajapalayam Rd,Virudhunagar,Virudhunagar,Tamil Nadu,2025,0.1213,Agricultural,9.4523,77.5533,notApplicable,0.0,notApplicable,0.0,applicable,4.37,notApplicable,0.0,applicable,3.79,175600
"Avinashi Rd, Peelamedu",Coimbatore,Coimbatore,Tamil Nadu,2021,0.1391,Conservation,11.0183,76.997,applicable,2.05,applicable,2.01,notApplicable,0.0,notApplicable,0.0,notApplicable,0.0,178600
"Dindigul Rd, Palani",Palani,Dindigul,Tamil Nadu,2025,0.1392,Residential,10.4508,77.5148,applicable,4.44,applicable,1.58,applicable,2.36,applicable,4.96,notApplicable,0.0,4297600
"Trichy Rd, Singanallur",Coimbatore,Coimbatore,Tamil Nadu,2024,1.0876,Agricultural,10.9979,76.9994,applicable,5.23,notApplicable,0.0,applicable,4.39,applicable,2.19,applicable,2.62,1760000
"Avinashi Rd, Peelamedu",Coimbatore,Coimbatore,Tamil Nadu,2024,0.052,Conservation,11.0183,76.997,notApplicable,0.0,notApplicable,0.0,applicable,3.44,notApplicable,0.0,notApplicable,0.0,75700
"Dindigul Rd, Palani",Palani,Dindigul,Tamil Nadu,2022,0.0157,Conservation,10.4508,77.5148,applicable,1.49,applicable,0.73,notApplicable,0.0,notApplicable,0.0,applicable,4.15,20800
Ettayapuram Rd,Thoothukudi,Thoothukudi,Tamil Nadu,2024,0.024,Industrial,8.813,78.1341,applicable,4.01,notApplicable,0.0,applicable,0.39,notApplicable,0.0,applicable,5.97,143800
Gandhipuram Cross Cut,Coimbatore,Coimbatore,Tamil Nadu,2022,6.0687,Residential,11.0175,76.9725,applicable,5.76,applicable,0.53,notApplicable,0.0,applicable,3.28,notApplicable,0.0,38872700
Ettayapuram Rd,Thoothukudi,Thoothukudi,Tamil Nadu,2022,0.9339,Residential,8.813,78.1341,notApplicable,0.0,applicable,5.99,applicable,0.97,notApplicable,0.0,notApplicable,0.0,4815500
"Avinashi Rd, Peelamedu",Coimbatore,Coimbatore,Tamil Nadu,2025,2.0817,Commercial,11.0183,76.997,applicable,5.46,applicable,0.23,applicable,5.46,applicable,3.2,notApplicable,0.0,20716900
Simmakkal,Madurai,Madurai,Tamil Nadu,2024,0.8581,Agricultural,9.921,78.1197,applicable,1.74,applicable,0.25,notApplicable,0.0,applicable,3.36,applicable,0.9,1689400
Rajapalayam Rd,Virudhunagar,Virudhunagar,Tamil Nadu,2025,0.0266,Agricultural,9.4523,77.5533,applicable,4.65,applicable,2.87,notApplicable,0.0,applicable,2.35,applicable,2.91,30800
"Avinashi Rd, Peelamedu",Coimbatore,Coimbatore,Tamil Nadu,2025,2.2972,Agricultural,11.0183,76.997,applicable,5.62,notApplicable,0.0,applicable,4.04,notApplicable,0.0,notApplicable,0.0,4749500
"Trichy Rd, Singanallur",Coimbatore,Coimbatore,Tamil Nadu,2022,1.3353,Conservation,10.9979,76.9994,notApplicable,0.0,applicable,0.9,applicable,3.38,notApplicable,0.0,applicable,2.46,1590200
"NH 44, Tirunelveli",Tirunelveli,Tirunelveli,Tamil Nadu,2023,4.3888,Residential,8.7139,77.7567,applicable,3.78,applicable,0.5,notApplicable,0.0,applicable,4.26,applicable,2.4,18372000
Ettayapuram Rd,Thoothukudi,Thoothukudi,Tamil Nadu,2021,4.5383,Industrial,8.813,78.1341,applicable,2.56,applicable,0.96,notApplicable,0.0,notApplicable,0.0,notApplicable,0.0,28753100
"East Coast Rd, Thiruvanmiyur",Chennai,Chennai,Tamil Nadu,2025,0.0611,Commercial,12.9834,80.259,applicable,0.74,applicable,2.65,notApplicable,0.0,applicable,2.21,applicable,2.75,822500
"100 Feet Rd, Velachery",Chennai,Chennai,Tamil Nadu,2023,1.3861,Residential,12.9791,80.2209,applicable,4.14,applicable,2.06,applicable,5.65,notApplicable,0.0,applicable,5.52,9288400
Alagarkoil Rd,Madurai,Madurai,Tamil Nadu,2021,7.5944,Industrial,9.9677,78.1653,applicable,2.69,applicable,2.45,applicable,0.91,notApplicable,0.0,applicable,1.56,49134900
MTP Rd,Coimbatore,Coimbatore,Tamil Nadu,2024,0.0469,Conservation,11.0616,76.9366,applicable,4.23,applicable,5.12,notApplicable,0.0,notApplicable,0.0,notApplicable,0.0,59700
"East Coast Rd, Thiruvanmiyur",Chennai,Chennai,Tamil Nadu,2023,0.1521,Conservation,12.9834,80.259,applicable,1.03,applicable,4.3,applicable,4.25,applicable,1.43,notApplicable,0.0,218200
"Avinashi Rd, Peelamedu",Coimbatore,Coimbatore,Tamil Nadu,2024,1.8029,Conservation,11.0183,76.997,applicable,2.38,applicable,5.18,applicable,3.99,notApplicable,0.0,notApplicable,0.0,1999400
"Sathyamangalam Rd, Edayarpalayam",Erode,Erode,Tamil Nadu,2022,0.8358,Industrial,11.349,77.6951,applicable,1.66,applicable,5.95,applicable,0.58,applicable,3.78,applicable,1.52,4381100
"NH 44, Tirunelveli",Tirunelveli,Tirunelveli,Tamil Nadu,2023,0.4865,Commercial,8.7139,77.7567,notApplicable,0.0,applicable,0.69,notApplicable,0.0,applicable,5.09,applicable,4.2,3792100
Bypass Rd,Madurai,Madurai,Tamil Nadu,2024,0.3489,Agricultural,9.924,78.135,applicable,1.44,applicable,1.1,notApplicable,0.0,notApplicable,0.0,notApplicable,0.0,789400
Bypass Rd,Madurai,Madurai,Tamil Nadu,2022,7.6354,Residential,9.924,78.135,notApplicable,0.0,applicable,1.93,notApplicable,0.0,notApplicable,0.0,applicable,2.97,46234600
"Sathyamangalam Rd, Edayarpalayam",Erode,Erode,Tamil Nadu,2022,1.0677,Agricultural,11.349,77.6951,applicable,4.98,applicable,3.91,applicable,4.79,notApplicable,0.0,applicable,1.93,1264300
"Sathyamangalam Rd, Edayarpalayam",Erode,Erode,Tamil Nadu,2021,0.454,Commercial,11.349,77.6951,applicable,2.69,applicable,1.13,applicable,5.09,notApplicable,0.0,notApplicable,0.0,3556500
Bypass Rd,Madurai,Madurai,Tamil Nadu,2025,6.8574,Residential,9.924,78.135,notApplicable,0.0,applicable,2.8,notApplicable,0.0,notApplicable,0.0,applicable,2.03,44932700
Rajapalayam Rd,Virudhunagar,Virudhunagar,Tamil Nadu,2021,6.6204,Residential,9.4523,77.5533,notApplicable,0.0,notApplicable,0.0,notApplicable,0.0,notApplicable,0.0,applicable,0.65,36096700
MTP Rd,Coimbatore,Coimbatore,Tamil Nadu,2024,0.0148,Conservation,11.0616,76.9366,notApplicable,0.0,applicable,4.7,notApplicable,0.0,applicable,2.73,notApplicable,0.0,18500
"100 Feet Rd, Velachery",Chennai,Chennai,Tamil Nadu,2025,0.046,Residential,12.9791,80.2209,applicable,1.52,notApplicable,0.0,applicable,0.29,applicable,4.26,notApplicable,0.0,429600
"Sathyamangalam Rd, Edayarpalayam",Erode,Erode,Tamil Nadu,2022,1.3874,Industrial,11.349,77.6951,notApplicable,0.0,applicable,2.51,notApplicable,0.0,notApplicable,0.0,applicable,2.87,8623400
"Sathyamangalam Rd, Edayarpalayam",Erode,Erode,Tamil Nadu,2025,2.7726,Agricultural,11.349,77.6951,applicable,5.12,applicable,0.59,applicable,3.23,applicable,2.43,applicable,0.65,4003300
MTP Rd,Coimbatore,Coimbatore,Tamil Nadu,2025,1.2013,Commercial,11.0616,76.9366,applicable,1.76,applicable,4.7,applicable,2.44,applicable,5.32,applicable,3.34,10532000
Simmakkal,Madurai,Madurai,Tamil Nadu,2024,0.0316,Conservation,9.921,78.1197,applicable,2.63,applicable,2.27,applicable,2.05,applicable,2.81,applicable,3.14,26300
Alagarkoil Rd,Madurai,Madurai,Tamil Nadu,2025,4.1508,Industrial,9.9677,78.1653,applicable,0.24,notApplicable,0.0,applicable,2.44,applicable,2.79,applicable,3.22,28652800
Ettayapuram Rd,Thoothukudi,Thoothukudi,Tamil Nadu,2022,0.6069,Conservation,8.813,78.1341,applicable,4.67,applicable,3.61,notApplicable,0.0,notApplicable,0.0,applicable,2.94,447600
"100 Feet Rd, Velachery",Chennai,Chennai,Tamil Nadu,2022,0.4693,Residential,12.9791,80.2209,notApplicable,0.0,notApplicable,0.0,notApplicable,0.0,notApplicable,0.0,applicable,5.76,4350800
"Dindigul Rd, Palani",Palani,Dindigul,Tamil Nadu,2023,5.0762,Conservation,10.4508,77.5148,applicable,4.47,applicable,1.5,notApplicable,0.0,notApplicable,0.0,applicable,5.9,6121900
"Trichy Rd, Singanallur",Coimbatore,Coimbatore,Tamil Nadu,2022,0.0477,Agricultural,10.9979,76.9994,notApplicable,0.0,applicable,3.54,applicable,3.02,notApplicable,0.0,notApplicable,0.0,94700
Alagarkoil Rd,Madurai,Madurai,Tamil Nadu,2025,0.0476,Residential,9.9677,78.1653,applicable,4.56,notApplicable,0.0,applicable,3.05,applicable,5.93,notApplicable,0.0,256500
"Dindigul Rd, Palani",Palani,Dindigul,Tamil Nadu,2023,0.0798,Conservation,10.4508,77.5148,notApplicable,0.0,applicable,5.9,notApplicable,0.0,notApplicable,0.0,applicable,0.21,118600
"Trichy Rd, Singanallur",Coimbatore,Coimbatore,Tamil Nadu,2022,0.1011,Commercial,10.9979,76.9994,applicable,3.74,applicable,5.25,notApplicable,0.0,applicable,2.92,applicable,5.1,820500
"Avinashi Rd, Peelamedu",Coimbatore,Coimbatore,Tamil Nadu,2025,5.1955,Agricultural,11.0183,76.997,applicable,5.42,applicable,4.48,notApplicable,0.0,notApplicable,0.0,applicable,5.96,9777300
MTP Rd,Coimbatore,Coimbatore,Tamil Nadu,2022,1.5859,Residential,11.0616,76.9366,notApplicable,0.0,applicable,0.81,applicable,2.64,notApplicable,0.0,notApplicable,0.0,11658700
Ettayapuram Rd,Thoothukudi,Thoothukudi,Tamil Nadu,2022,4.1636,Residential,8.813,78.1341,notApplicable,0.0,applicable,5.58,applicable,1.42,applicable,5.13,applicable,2.77,16019400
Bypass Rd,Madurai,Madurai,Tamil Nadu,2022,0.1281,Industrial,9.924,78.135,applicable,2.92,notApplicable,0.0,applicable,3.1,notApplicable,0.0,notApplicable,0.0,873100
"100 Feet Rd, Velachery",Chennai,Chennai,Tamil Nadu,2023,0.125,Industrial,12.9791,80.2209,notApplicable,0.0,notApplicable,0.0,applicable,3.99,applicable,0.89,applicable,3.82,1262000
"Dindigul Rd, Palani",Palani,Dindigul,Tamil Nadu,2022,2.2155,Residential,10.4508,77.5148,applicable,0.52,applicable,5.35,notApplicable,0.0,notApplicable,0.0,applicable,1.83,66067800
Alagarkoil Rd,Madurai,Madurai,Tamil Nadu,2021,0.0978,Commercial,9.9677,78.1653,notApplicable,0.0,notApplicable,0.0,applicable,2.82,notApplicable,0.0,applicable,1.42,982100
Alagarkoil Rd,Madurai,Madurai,Tamil Nadu,2021,3.815,Conservation,9.9677,78.1653,applicable,2.58,notApplicable,0.0,applicable,3.25,applicable,5.2,applicable,5.77,2909200
Bypass Rd,Madurai,Madurai,Tamil Nadu,2022,0.0433,Agricultural,9.924,78.135,applicable,1.1,applicable,3.49,applicable,4.78,notApplicable,0.0,applicable,3.23,62500
Gandhipuram Cross Cut,Coimbatore,Coimbatore,Tamil Nadu,2025,0.1174,Agricultural,11.0175,76.9725,notApplicable,0.0,applicable,0.89,notApplicable,0.0,notApplicable,0.0,applicable,2.84,278200
"Sathyamangalam Rd, Edayarpalayam",Erode,Erode,Tamil Nadu,2025,1.41,Residential,11.349,77.6951,notApplicable,0.0,applicable,5.43,notApplicable,0.0,applicable,5.54,applicable,1.61,6904700
Bypass Rd,Madurai,Madurai,Tamil Nadu,2023,0.365,Industrial,9.924,78.135,notApplicable,0.0,applicable,2.77,applicable,4.49,applicable,4.64,notApplicable,0.0,2318100
Gandhipuram Cross Cut,Coimbatore,Coimbatore,Tamil Nadu,2021,0.5641,Residential,11.0175,76.9725,applicable,3.78,notApplicable,0.0,applicable,4.12,notApplicable,0.0,applicable,4.49,2983600
MTP Rd,Coimbatore,Coimbatore,Tamil Nadu,2023,0.0163,Commercial,11.0616,76.9366,applicable,0.79,applicable,1.08,applicable,1.52,applicable,3.96,notApplicable,0.0,185200
"Dindigul Rd, Palani",Palani,Dindigul,Tamil Nadu,2024,0.085,Residential,10.4508,77.5148,notApplicable,0.0,applicable,3.32,applicable,5.27,notApplicable,0.0,applicable,1.02,2461300
Ettayapuram Rd,Thoothukudi,Thoothukudi,Tamil Nadu,2023,1.118,Commercial,8.813,78.1341,applicable,2.68,applicable,1.93,applicable,0.33,notApplicable,0.0,notApplicable,0.0,9725500
"100 Feet Rd, Velachery",Chennai,Chennai,Tamil Nadu,2023,0.0772,Conservation,12.9791,80.2209,applicable,5.48,notApplicable,0.0,applicable,4.08,notApplicable,0.0,applicable,4.04,101300
"NH 44, Tirunelveli",Tirunelveli,Tirunelveli,Tamil Nadu,2025,0.1184,Industrial,8.7139,77.7567,applicable,4.97,applicable,1.51,notApplicable,0.0,applicable,1.94,applicable,2.38,679700
Alagarkoil Rd,Madurai,Madurai,Tamil Nadu,2025,5.4985,Agricultural,9.9677,78.1653,applicable,2.93,applicable,1.68,applicable,1.22,applicable,0.91,applicable,4.51,9084500
"NH 44, Tirunelveli",Tirunelveli,Tirunelveli,Tamil Nadu,2021,0.139,Commercial,8.7139,77.7567,applicable,0.65,applicable,4.05,applicable,2.55,notApplicable,0.0,notApplicable,0.0,1066400
Gandhipuram Cross Cut,Coimbatore,Coimbatore,Tamil Nadu,2021,6.0059,Commercial,11.0175,76.9725,applicable,3.02,applicable,2.81,applicable,0.35,notApplicable,0.0,applicable,5.98,55423000
MTP Rd,Coimbatore,Coimbatore,Tamil Nadu,2025,0.0667,Residential,11.0616,76.9366,notApplicable,0.0,applicable,0.37,notApplicable,0.0,applicable,4.41,notApplicable,0.0,540000
MTP Rd,Coimbatore,Coimbatore,Tamil Nadu,2021,4.7581,Residential,11.0616,76.9366,notApplicable,0.0,applicable,4.53,notApplicable,0.0,applicable,5.51,notApplicable,0.0,29607400
Ettayapuram Rd,Thoothukudi,Thoothukudi,Tamil Nadu,2022,0.4434,Agricultural,8.813,78.1341,applicable,2.74,applicable,2.66,applicable,1.48,notApplicable,0.0,applicable,2.64,542300
MTP Rd,Coimbatore,Coimbatore,Tamil Nadu,2021,0.6083,Agricultural,11.0616,76.9366,applicable,1.62,applicable,5.18,applicable,0.56,applicable,1.96,applicable,2.49,1021300
"Trichy Rd, Singanallur",Coimbatore,Coimbatore,Tamil Nadu,2024,0.1885,Residential,10.9979,76.9994,applicable,3.93,applicable,5.38,applicable,3.88,notApplicable,0.0,notApplicable,0.0,1098500
Ettayapuram Rd,Thoothukudi,Thoothukudi,Tamil Nadu,2022,0.078,Residential,8.813,78.1341,applicable,4.92,applicable,2.08,applicable,5.84,notApplicable,0.0,notApplicable,0.0,330100
Alagarkoil Rd,Madurai,Madurai,Tamil Nadu,2021,1.7476,Commercial,9.9677,78.1653,notApplicable,0.0,notApplicable,0.0,applicable,1.25,notApplicable,0.0,applicable,5.48,17524700
"Dindigul Rd, Palani",Palani,Dindigul,Tamil Nadu,2024,0.5992,Commercial,10.4508,77.5148,applicable,5.01,applicable,1.06,applicable,0.74,notApplicable,0.0,applicable,1.71,18855400
"NH 44, Tirunelveli",Tirunelveli,Tirunelveli,Tamil Nadu,2025,0.701,Industrial,8.7139,77.7567,applicable,0.75,applicable,1.33,applicable,4.25,applicable,4.87,applicable,3.11,3383600
MTP Rd,Coimbatore,Coimbatore,Tamil Nadu,2024,0.1451,Conservation,11.0616,76.9366,notApplicable,0.0,applicable,0.8,applicable,4.84,notApplicable,0.0,applicable,3.02,178200
"NH 44, Tirunelveli",Tirunelveli,Tirunelveli,Tamil Nadu,2021,1.4463,Industrial,8.7139,77.7567,applicable,5.06,applicable,1.03,notApplicable,0.0,applicable,2.68,applicable,3.55,6797900
Ettayapuram Rd,Thoothukudi,Thoothukudi,Tamil Nadu,2023,0.1419,Agricultural,8.813,78.1341,applicable,5.87,applicable,4.21,applicable,2.14,notApplicable,0.0,notApplicable,0.0,190000
Gandhipuram Cross Cut,Coimbatore,Coimbatore,Tamil Nadu,2022,0.0335,Commercial,11.0175,76.9725,applicable,3.62,applicable,1.02,applicable,0.75,applicable,5.19,applicable,2.66,302600
Simmakkal,Madurai,Madurai,Tamil Nadu,2022,0.9168,Conservation,9.921,78.1197,applicable,2.39,notApplicable,0.0,applicable,4.0,notApplicable,0.0,applicable,0.75,954800
Rajapalayam Rd,Virudhunagar,Virudhunagar,Tamil Nadu,2021,0.0259,Agricultural,9.4523,77.5533,applicable,0.88,applicable,1.45,applicable,1.61,notApplicable,0.0,notApplicable,0.0,38800
Alagarkoil Rd,Madurai,Madurai,Tamil Nadu,2023,0.7785,Industrial,9.9677,78.1653,applicable,2.69,applicable,1.75,applicable,4.52,applicable,4.43,applicable,3.58,3923400
Bypass Rd,Madurai,Madurai,Tamil Nadu,2024,0.8638,Industrial,9.924,78.135,applicable,2.14,applicable,1.23,applicable,2.43,applicable,5.77,notApplicable,0.0,5663200
Alagarkoil Rd,Madurai,Madurai,Tamil Nadu,2021,0.4174,Conservation,9.9677,78.1653,notApplicable,0.0,applicable,1.75,notApplicable,0.0,applicable,4.74,applicable,2.34,407500
Simmakkal,Madurai,Madurai,Tamil Nadu,2023,7.6938,Conservation,9.921,78.1197,applicable,4.2,applicable,5.57,applicable,0.94,applicable,3.88,applicable,4.64,6009700
Alagarkoil Rd,Madurai,Madurai,Tamil Nadu,2022,7.9393,Residential,9.9677,78.1653,notApplicable,0.0,applicable,2.85,applicable,3.94,applicable,5.62,applicable,5.72,34030600
"NH 44, Tirunelveli",Tirunelveli,Tirunelveli,Tamil Nadu,2023,5.2912,Residential,8.7139,77.7567,applicable,1.05,applicable,3.48,applicable,3.62,applicable,1.57,notApplicable,0.0,22860900
Ettayapuram Rd,Thoothukudi,Thoothukudi,Tamil Nadu,2021,0.0681,Conservation,8.813,78.1341,applicable,0.37,notApplicable,0.0,applicable,0.33,applicable,4.88,applicable,2.95,55600
"Sathyamangalam Rd, Edayarpalayam",Erode,Erode,Tamil Nadu,2021,0.142,Residential,11.349,77.6951,applicable,5.88,applicable,5.88,notApplicable,0.0,notApplicable,0.0,applicable,2.51,598300
Ettayapuram Rd,Thoothukudi,Thoothukudi,Tamil Nadu,2024,0.2632,Commercial,8.813,78.1341,applicable,1.31,applicable,0.83,applicable,1.0,applicable,5.6,notApplicable,0.0,2304600
Rajapalayam Rd,Virudhunagar,Virudhunagar,Tamil Nadu,2021,0.0401,Commercial,9.4523,77.5533,notApplicable,0.0,applicable,1.89,notApplicable,0.0,notApplicable,0.0,applicable,2.87,308200
"Sathyamangalam Rd, Edayarpalayam",Erode,Erode,Tamil Nadu,2024,0.1055,Agricultural,11.349,77.6951,applicable,0.36,notApplicable,0.0,applicable,2.53,applicable,4.37,notApplicable,0.0,169500
"Trichy Rd, Singanallur",Coimbatore,Coimbatore,Tamil Nadu,2021,0.8396,Conservation,10.9979,76.9994,applicable,5.75,notApplicable,0.0,applicable,1.79,applicable,4.81,notApplicable,0.0,878200
Simmakkal,Madurai,Madurai,Tamil Nadu,2025,7.7301,Conservation,9.921,78.1197,applicable,0.8,applicable,0.26,applicable,1.84,applicable,4.0,applicable,3.62,8045800
Ettayapuram Rd,Thoothukudi,Thoothukudi,Tamil Nadu,2021,0.1288,Agricultural,8.813,78.1341,applicable,2.54,applicable,3.36,notApplicable,0.0,notApplicable,0.0,notApplicable,0.0,182400
"East Coast Rd, Thiruvanmiyur",Chennai,Chennai,Tamil Nadu,2025,0.2522,Conservation,12.9834,80.259,applicable,1.1,notApplicable,0.0,notApplicable,0.0,applicable,0.55,applicable,2.05,459800
"Dindigul Rd, Palani",Palani,Dindigul,Tamil Nadu,2025,0.1478,Industrial,10.4508,77.5148,applicable,5.16,applicable,5.33,applicable,4.79,applicable,0.87,applicable,5.29,982200
"East Coast Rd, Thiruvanmiyur",Chennai,Chennai,Tamil Nadu,2023,3.8207,Conservation,12.9834,80.259,applicable,0.71,applicable,0.73,notApplicable,0.0,notApplicable,0.0,notApplicable,0.0,7553400
"NH 44, Tirunelveli",Tirunelveli,Tirunelveli,Tamil Nadu,2023,0.468,Industrial,8.7139,77.7567,notApplicable,0.0,applicable,2.69,applicable,3.71,applicable,1.59,applicable,4.77,2225700
Gandhipuram Cross Cut,Coimbatore,Coimbatore,Tamil Nadu,2023,1.9788,Industrial,11.0175,76.9725,applicable,4.32,applicable,0.68,applicable,2.15,applicable,2.12,applicable,2.58,13488300
Gandhipuram Cross Cut,Coimbatore,Coimbatore,Tamil Nadu,2024,1.7212,Residential,11.0175,76.9725,applicable,3.87,applicable,1.84,notApplicable,0.0,notApplicable,0.0,applicable,4.38,10541500
MTP Rd,Coimbatore,Coimbatore,Tamil Nadu,2025,0.9139,Industrial,11.0616,76.9366,applicable,5.89,applicable,0.38,applicable,0.81,notApplicable,0.0,applicable,5.94,7766800
Alagarkoil Rd,Madurai,Madurai,Tamil Nadu,2024,1.1028,Industrial,9.9677,78.1653,notApplicable,0.0,notApplicable,0.0,applicable,1.11,notApplicable,0.0,applicable,2.54,9201000
Alagarkoil Rd,Madurai,Madurai,Tamil Nadu,2023,0.0136,Industrial,9.9677,78.1653,applicable,0.23,notApplicable,0.0,notApplicable,0.0,applicable,4.95,notApplicable,0.0,110900
Bypass Rd,Madurai,Madurai,Tamil Nadu,2023,0.0157,Residential,9.924,78.135,applicable,4.1,applicable,5.93,notApplicable,0.0,applicable,4.86,applicable,0.78,76200
"100 Feet Rd, Velachery",Chennai,Chennai,Tamil Nadu,2024,0.2173,Agricultural,12.9791,80.2209,applicable,0.28,applicable,1.81,applicable,2.1,applicable,1.1,applicable,1.32,617900
Rajapalayam Rd,Virudhunagar,Virudhunagar,Tamil Nadu,2023,0.5585,Conservation,9.4523,77.5533,applicable,0.87,notApplicable,0.0,applicable,1.63,notApplicable,0.0,applicable,4.07,483900
Ettayapuram Rd,Thoothukudi,Thoothukudi,Tamil Nadu,2022,0.4229,Commercial,8.813,78.1341,notApplicable,0.0,applicable,5.63,notApplicable,0.0,applicable,2.28,applicable,3.04,3009100
Rajapalayam Rd,Virudhunagar,Virudhunagar,Tamil Nadu,2025,0.0436,Industrial,9.4523,77.5533,notApplicable,0.0,applicable,1.61,applicable,0.65,notApplicable,0.0,notApplicable,0.0,309400
Ettayapuram Rd,Thoothukudi,Thoothukudi,Tamil Nadu,2025,3.7275,Residential,8.813,78.1341,notApplicable,0.0,applicable,0.69,notApplicable,0.0,applicable,3.16,applicable,3.42,18544400
"Dindigul Rd, Palani",Palani,Dindigul,Tamil Nadu,2022,0.1158,Industrial,10.4508,77.5148,applicable,0.76,applicable,4.98,applicable,3.8,notApplicable,0.0,applicable,5.45,805300
"Avinashi Rd, Peelamedu",Coimbatore,Coimbatore,Tamil Nadu,2025,0.9979,Industrial,11.0183,76.997,notApplicable,0.0,applicable,3.36,applicable,1.81,applicable,3.54,notApplicable,0.0,8065800
Simmakkal,Madurai,Madurai,Tamil Nadu,2025,0.3483,Industrial,9.921,78.1197,applicable,2.45,notApplicable,0.0,applicable,2.64,applicable,1.6,notApplicable,0.0,2541200
"Trichy Rd, Singanallur",Coimbatore,Coimbatore,Tamil Nadu,2024,0.1351,Commercial,10.9979,76.9994,notApplicable,0.0,applicable,0.54,applicable,2.27,applicable,3.88,notApplicable,0.0,1604400
"Avinashi Rd, Peelamedu",Coimbatore,Coimbatore,Tamil Nadu,2024,1.4193,Industrial,11.0183,76.997,applicable,5.28,applicable,0.25,applicable,1.84,notApplicable,0.0,applicable,1.27,12309400
"Trichy Rd, Singanallur",Coimbatore,Coimbatore,Tamil Nadu,2022,0.1517,Residential,10.9979,76.9994,applicable,0.83,applicable,3.3,applicable,2.03,notApplicable,0.0,applicable,1.83,937000
"Dindigul Rd, Palani",Palani,Dindigul,Tamil Nadu,2022,0.3471,Industrial,10.4508,77.5148,applicable,3.8,applicable,2.16,notApplicable,0.0,applicable,3.68,applicable,2.28,2354900
Simmakkal,Madurai,Madurai,Tamil Nadu,2023,0.0996,Agricultural,9.921,78.1197,applicable,5.31,notApplicable,0.0,applicable,3.78,applicable,0.73,applicable,1.12,164800
"100 Feet Rd, Velachery",Chennai,Chennai,Tamil Nadu,2022,0.1593,Conservation,12.9791,80.2209,notApplicable,0.0,applicable,3.7,applicable,2.95,applicable,5.95,applicable,0.23,209800
"100 Feet Rd, Velachery",Chennai,Chennai,Tamil Nadu,2021,0.146,Commercial,12.9791,80.2209,applicable,2.62,applicable,4.09,notApplicable,0.0,applicable,0.48,applicable,3.54,1732100
"Avinashi Rd, Peelamedu",Coimbatore,Coimbatore,Tamil Nadu,2025,0.0416,Commercial,11.0183,76.997,applicable,1.05,applicable,5.08,applicable,2.38,applicable,4.36,applicable,1.83,392900
"NH 44, Tirunelveli",Tirunelveli,Tirunelveli,Tamil Nadu,2023,0.2582,Commercial,8.7139,77.7567,applicable,0.99,applicable,1.56,notApplicable,0.0,notApplicable,0.0,notApplicable,0.0,2560900
Gandhipuram Cross Cut,Coimbatore,Coimbatore,Tamil Nadu,2024,0.6132,Industrial,11.0175,76.9725,applicable,3.77,applicable,5.68,applicable,2.25,applicable,4.13,notApplicable,0.0,4051200
"East Coast Rd, Thiruvanmiyur",Chennai,Chennai,Tamil Nadu,2024,0.1464,Agricultural,12.9834,80.259,applicable,0.35,applicable,3.54,notApplicable,0.0,notApplicable,0.0,applicable,3.41,398400
Gandhipuram Cross Cut,Coimbatore,Coimbatore,Tamil Nadu,2024,0.0866,Commercial,11.0175,76.9725,applicable,4.14,applicable,2.76,notApplicable,0.0,applicable,2.44,applicable,4.99,786400
"Avinashi Rd, Peelamedu",Coimbatore,Coimbatore,Tamil Nadu,2022,0.2194,Commercial,11.0183,76.997,applicable,3.17,applicable,2.6,notApplicable,0.0,notApplicable,0.0,applicable,5.49,2092300
"Trichy Rd, Singanallur",Coimbatore,Coimbatore,Tamil Nadu,2025,6.4787,Residential,10.9979,76.9994,notApplicable,0.0,applicable,4.24,applicable,5.27,notApplicable,0.0,applicable,4.28,37910800
"100 Feet Rd, Velachery",Chennai,Chennai,Tamil Nadu,2024,0.3805,Commercial,12.9791,80.2209,applicable,4.02,applicable,1.37,notApplicable,0.0,notApplicable,0.0,applicable,4.16,5280200
Rajapalayam Rd,Virudhunagar,Virudhunagar,Tamil Nadu,2023,0.7092,Agricultural,9.4523,77.5533,applicable,2.48,applicable,1.27,applicable,2.78,applicable,4.8,notApplicable,0.0,835100
Alagarkoil Rd,Madurai,Madurai,Tamil Nadu,2022,0.4977,Agricultural,9.9677,78.1653,applicable,3.76,notApplicable,0.0,notApplicable,0.0,applicable,5.87,notApplicable,0.0,843500
"Sathyamangalam Rd, Edayarpalayam",Erode,Erode,Tamil Nadu,2023,0.918,Conservation,11.349,77.6951,notApplicable,0.0,notApplicable,0.0,applicable,0.23,applicable,2.6,applicable,0.95,965700
Alagarkoil Rd,Madurai,Madurai,Tamil Nadu,2025,6.033,Industrial,9.9677,78.1653,notApplicable,0.0,applicable,5.68,notApplicable,0.0,notApplicable,0.0,applicable,4.49,46195900
Rajapalayam Rd,Virudhunagar,Virudhunagar,Tamil Nadu,2025,0.1189,Industrial,9.4523,77.5533,applicable,0.23,applicable,1.05,applicable,1.34,notApplicable,0.0,applicable,5.38,737800
Simmakkal,Madurai,Madurai,Tamil Nadu,2023,0.4904,Agricultural,9.921,78.1197,applicable,1.38,notApplicable,0.0,applicable,3.97,notApplicable,0.0,applicable,3.27,802900
"Sathyamangalam Rd, Edayarpalayam",Erode,Erode,Tamil Nadu,2022,0.1184,Conservation,11.349,77.6951,notApplicable,0.0,applicable,3.03,applicable,4.64,applicable,2.78,notApplicable,0.0,93200
Bypass Rd,Madurai,Madurai,Tamil Nadu,2022,0.1288,Residential,9.924,78.135,applicable,5.71,notApplicable,0.0,notApplicable,0.0,notApplicable,0.0,applicable,0.48,824600
Gandhipuram Cross Cut,Coimbatore,Coimbatore,Tamil Nadu,2023,0.2439,Conservation,11.0175,76.9725,applicable,0.33,applicable,4.78,applicable,1.17,applicable,5.87,applicable,3.33,246100
MTP Rd,Coimbatore,Coimbatore,Tamil Nadu,2022,1.4602,Agricultural,11.0616,76.9366,notApplicable,0.0,notApplicable,0.0,applicable,5.52,applicable,1.82,notApplicable,0.0,3034000
"Dindigul Rd, Palani",Palani,Dindigul,Tamil Nadu,2022,0.3676,Agricultural,10.4508,77.5148,applicable,5.41,notApplicable,0.0,notApplicable,0.0,notApplicable,0.0,applicable,1.89,782000
Alagarkoil Rd,Madurai,Madurai,Tamil Nadu,2021,0.0857,Conservation,9.9677,78.1653,applicable,2.22,applicable,2.43,applicable,3.15,applicable,0.64,applicable,1.44,75600
"NH 44, Tirunelveli",Tirunelveli,Tirunelveli,Tamil Nadu,2023,0.0821,Agricultural,8.7139,77.7567,applicable,2.04,applicable,1.83,applicable,0.84,notApplicable,0.0,applicable,5.08,114300
"Trichy Rd, Singanallur",Coimbatore,Coimbatore,Tamil Nadu,2021,0.1447,Agricultural,10.9979,76.9994,applicable,4.27,applicable,2.73,notApplicable,0.0,notApplicable,0.0,applicable,0.82,275000
Bypass Rd,Madurai,Madurai,Tamil Nadu,2025,4.8201,Industrial,9.924,78.135,applicable,2.6,applicable,2.96,notApplicable,0.0,applicable,0.44,applicable,2.06,32835800
"NH 44, Tirunelveli",Tirunelveli,Tirunelveli,Tamil Nadu,2023,5.5284,Residential,8.7139,77.7567,applicable,5.93,applicable,3.56,applicable,3.64,applicable,4.61,notApplicable,0.0,19434500
"100 Feet Rd, Velachery",Chennai,Chennai,Tamil Nadu,2024,1.8581,Industrial,12.9791,80.2209,applicable,2.68,applicable,3.01,applicable,5.24,notApplicable,0.0,notApplicable,0.0,17040000
Simmakkal,Madurai,Madurai,Tamil Nadu,2021,7.4057,Residential,9.921,78.1197,applicable,1.68,applicable,0.6,applicable,2.35,notApplicable,0.0,applicable,4.48,38820900
Alagarkoil Rd,Madurai,Madurai,Tamil Nadu,2025,3.4313,Residential,9.9677,78.1653,notApplicable,0.0,notApplicable,0.0,applicable,0.93,notApplicable,0.0,notApplicable,0.0,27148000
"Dindigul Rd, Palani",Palani,Dindigul,Tamil Nadu,2022,4.9027,Industrial,10.4508,77.5148,applicable,3.11,notApplicable,0.0,notApplicable,0.0,applicable,1.01,notApplicable,0.0,43763000
MTP Rd,Coimbatore,Coimbatore,Tamil Nadu,2025,2.3689,Industrial,11.0616,76.9366,notApplicable,0.0,applicable,1.02,applicable,1.91,applicable,1.88,notApplicable,0.0,21832800
Gandhipuram Cross Cut,Coimbatore,Coimbatore,Tamil Nadu,2023,5.9733,Agricultural,11.0175,76.9725,applicable,0.9,applicable,3.56,notApplicable,0.0,notApplicable,0.0,applicable,3.86,11621400
Alagarkoil Rd,Madurai,Madurai,Tamil Nadu,2024,0.059,Conservation,9.9677,78.1653,applicable,4.72,applicable,0.29,applicable,3.77,notApplicable,0.0,applicable,2.33,57600
Simmakkal,Madurai,Madurai,Tamil Nadu,2022,3.1777,Commercial,9.921,78.1197,applicable,4.61,notApplicable,0.0,applicable,1.61,notApplicable,0.0,applicable,3.82,27625300
"Dindigul Rd, Palani",Palani,Dindigul,Tamil Nadu,2023,2.6841,Commercial,10.4508,77.5148,notApplicable,0.0,applicable,4.27,applicable,0.45,notApplicable,0.0,applicable,2.5,79617400
"Dindigul Rd, Palani",Palani,Dindigul,Tamil Nadu,2025,1.3408,Agricultural,10.4508,77.5148,notApplicable,0.0,notApplicable,0.0,applicable,1.38,notApplicable,0.0,notApplicable,0.0,3659700
"NH 44, Tirunelveli",Tirunelveli,Tirunelveli,Tamil Nadu,2022,2.6468,Conservation,8.7139,77.7567,applicable,3.13,applicable,2.6,applicable,3.87,applicable,5.15,notApplicable,0.0,1736400
"Avinashi Rd, Peelamedu",Coimbatore,Coimbatore,Tamil Nadu,2021,0.1821,Residential,11.0183,76.997,notApplicable,0.0,applicable,2.48,applicable,2.13,notApplicable,0.0,applicable,5.18,1063100
"100 Feet Rd, Velachery",Chennai,Chennai,Tamil Nadu,2022,0.1638,Industrial,12.9791,80.2209,applicable,4.78,applicable,2.05,applicable,3.62,applicable,3.44,notApplicable,0.0,1305200
"Avinashi Rd, Peelamedu",Coimbatore,Coimbatore,Tamil Nadu,2024,0.2902,Residential,11.0183,76.997,notApplicable,0.0,applicable,3.67,applicable,4.62,notApplicable,0.0,applicable,5.4,1733900
"East Coast Rd, Thiruvanmiyur",Chennai,Chennai,Tamil Nadu,2021,0.3563,Agricultural,12.9834,80.259,applicable,5.15,applicable,3.28,applicable,0.46,applicable,3.26,notApplicable,0.0,752500
"Avinashi Rd, Peelamedu",Coimbatore,Coimbatore,Tamil Nadu,2023,0.019,Commercial,11.0183,76.997,applicable,2.62,applicable,0.71,notApplicable,0.0,notApplicable,0.0,applicable,4.67,212200
"NH 44, Tirunelveli",Tirunelveli,Tirunelveli,Tamil Nadu,2025,6.0463,Agricultural,8.7139,77.7567,applicable,2.86,applicable,4.24,notApplicable,0.0,notApplicable,0.0,applicable,1.69,8753000
"Dindigul Rd, Palani",Palani,Dindigul,Tamil Nadu,2022,1.9968,Commercial,10.4508,77.5148,applicable,3.75,notApplicable,0.0,notApplicable,0.0,notApplicable,0.0,applicable,3.08,61919000
"NH 44, Tirunelveli",Tirunelveli,Tirunelveli,Tamil Nadu,2022,3.8505,Commercial,8.7139,77.7567,applicable,4.59,applicable,0.8,applicable,4.91,notApplicable,0.0,applicable,2.68,26038100
"East Coast Rd, Thiruvanmiyur",Chennai,Chennai,Tamil Nadu,2024,0.4544,Conservation,12.9834,80.259,applicable,0.34,applicable,4.43,applicable,2.5,notApplicable,0.0,applicable,4.7,655100
"Sathyamangalam Rd, Edayarpalayam",Erode,Erode,Tamil Nadu,2022,0.0929,Industrial,11.349,77.6951,applicable,5.94,applicable,2.08,applicable,1.29,applicable,5.52,notApplicable,0.0,485400
MTP Rd,Coimbatore,Coimbatore,Tamil Nadu,2025,0.0101,Conservation,11.0616,76.9366,applicable,5.85,applicable,5.05,applicable,2.41,applicable,0.34,applicable,5.06,10400
Alagarkoil Rd,Madurai,Madurai,Tamil Nadu,2021,1.8777,Conservation,9.9677,78.1653,applicable,3.4,applicable,1.29,notApplicable,0.0,notApplicable,0.0,applicable,0.61,2063600
Rajapalayam Rd,Virudhunagar,Virudhunagar,Tamil Nadu,2024,0.0591,Commercial,9.4523,77.5533,notApplicable,0.0,applicable,4.69,applicable,0.23,applicable,3.7,applicable,1.72,434700
Gandhipuram Cross Cut,Coimbatore,Coimbatore,Tamil Nadu,2025,4.0975,Residential,11.0175,76.9725,notApplicable,0.0,applicable,0.3,notApplicable,0.0,notApplicable,0.0,applicable,0.79,38401300
Alagarkoil Rd,Madurai,Madurai,Tamil Nadu,2021,0.287,Agricultural,9.9677,78.1653,applicable,5.97,notApplicable,0.0,applicable,1.14,notApplicable,0.0,applicable,5.14,456000
"Avinashi Rd, Peelamedu",Coimbatore,Coimbatore,Tamil Nadu,2025,6.6948,Agricultural,11.0183,76.997,applicable,2.43,applicable,4.32,applicable,1.01,applicable,4.27,applicable,3.53,10650000
"Sathyamangalam Rd, Edayarpalayam",Erode,Erode,Tamil Nadu,2021,1.8262,Commercial,11.349,77.6951,applicable,4.71,notApplicable,0.0,notApplicable,0.0,applicable,3.08,applicable,0.49,14257200
"Sathyamangalam Rd, Edayarpalayam",Erode,Erode,Tamil Nadu,2023,0.1004,Residential,11.349,77.6951,applicable,2.63,applicable,5.58,notApplicable,0.0,notApplicable,0.0,applicable,3.18,448200
Simmakkal,Madurai,Madurai,Tamil Nadu,2025,1.6121,Commercial,9.921,78.1197,applicable,1.45,notApplicable,0.0,notApplicable,0.0,notApplicable,0.0,notApplicable,0.0,21375100
Simmakkal,Madurai,Madurai,Tamil Nadu,2025,6.8684,Commercial,9.921,78.1197,applicable,1.12,applicable,5.33,notApplicable,0.0,notApplicable,0.0,applicable,2.57,71825100
"NH 44, Tirunelveli",Tirunelveli,Tirunelveli,Tamil Nadu,2023,1.5932,Residential,8.7139,77.7567,notApplicable,0.0,applicable,4.84,applicable,2.29,notApplicable,0.0,applicable,4.38,6850900
"NH 44, Tirunelveli",Tirunelveli,Tirunelveli,Tamil Nadu,2024,0.5123,Commercial,8.7139,77.7567,applicable,2.91,notApplicable,0.0,notApplicable,0.0,applicable,1.52,applicable,4.48,4020800
Simmakkal,Madurai,Madurai,Tamil Nadu,2023,0.0477,Conservation,9.921,78.1197,applicable,2.24,notApplicable,0.0,applicable,2.26,applicable,4.12,applicable,4.2,41200
"Trichy Rd, Singanallur",Coimbatore,Coimbatore,Tamil Nadu,2021,0.4858,Commercial,10.9979,76.9994,notApplicable,0.0,applicable,4.1,applicable,1.55,applicable,1.5,applicable,3.05,4530000
Ettayapuram Rd,Thoothukudi,Thoothukudi,Tamil Nadu,2022,0.4025,Commercial,8.813,78.1341,applicable,1.27,applicable,2.87,applicable,1.73,notApplicable,0.0,applicable,3.4,2830500
Bypass Rd,Madurai,Madurai,Tamil Nadu,2023,0.1679,Residential,9.924,78.135,applicable,3.87,applicable,2.7,applicable,0.44,applicable,3.7,applicable,5.47,728700
"Avinashi Rd, Peelamedu",Coimbatore,Coimbatore,Tamil Nadu,2021,1.8847,Commercial,11.0183,76.997,applicable,2.62,applicable,2.95,notApplicable,0.0,notApplicable,0.0,notApplicable,0.0,20350000
"East Coast Rd, Thiruvanmiyur",Chennai,Chennai,Tamil Nadu,2024,0.3048,Industrial,12.9834,80.259,notApplicable,0.0,applicable,4.39,notApplicable,0.0,applicable,5.24,applicable,1.17,3111300
"East Coast Rd, Thiruvanmiyur",Chennai,Chennai,Tamil Nadu,2024,7.8542,Residential,12.9834,80.259,applicable,0.69,applicable,5.03,notApplicable,0.0,applicable,1.59,applicable,4.78,61970300
Rajapalayam Rd,Virudhunagar,Virudhunagar,Tamil Nadu,2023,1.2411,Conservation,9.4523,77.5533,applicable,4.96,applicable,5.5,notApplicable,0.0,notApplicable,0.0,applicable,4.28,887300
"Avinashi Rd, Peelamedu",Coimbatore,Coimbatore,Tamil Nadu,2022,0.1433,Agricultural,11.0183,76.997,applicable,0.53,applicable,2.34,notApplicable,0.0,notApplicable,0.0,applicable,4.93,290600
Alagarkoil Rd,Madurai,Madurai,Tamil Nadu,2022,0.4249,Agricultural,9.9677,78.1653,applicable,0.57,applicable,4.37,applicable,1.9,applicable,0.34,applicable,1.85,715500
"East Coast Rd, Thiruvanmiyur",Chennai,Chennai,Tamil Nadu,2022,0.1006,Conservation,12.9834,80.259,notApplicable,0.0,applicable,3.01,notApplicable,0.0,notApplicable,0.0,applicable,4.13,151200
"Dindigul Rd, Palani",Palani,Dindigul,Tamil Nadu,2022,0.1901,Industrial,10.4508,77.5148,applicable,5.17,applicable,3.15,applicable,5.08,applicable,1.02,applicable,3.76,1135200
MTP Rd,Coimbatore,Coimbatore,Tamil Nadu,2024,0.3665,Conservation,11.0616,76.9366,applicable,2.72,notApplicable,0.0,notApplicable,0.0,applicable,3.01,applicable,4.68,393400
Rajapalayam Rd,Virudhunagar,Virudhunagar,Tamil Nadu,2024,0.0782,Conservation,9.4523,77.5533,applicable,5.93,applicable,0.23,applicable,4.7,applicable,2.39,applicable,4.88,51300
"Sathyamangalam Rd, Edayarpalayam",Erode,Erode,Tamil Nadu,2025,0.0148,Conservation,11.349,77.6951,applicable,3.96,applicable,0.48,applicable,0.25,notApplicable,0.0,applicable,4.73,14800
"Trichy Rd, Singanallur",Coimbatore,Coimbatore,Tamil Nadu,2024,0.2542,Industrial,10.9979,76.9994,applicable,5.01,applicable,4.06,applicable,2.79,applicable,0.62,notApplicable,0.0,1873700
Alagarkoil Rd,Madurai,Madurai,Tamil Nadu,2022,0.2814,Agricultural,9.9677,78.1653,applicable,1.21,applicable,4.67,notApplicable,0.0,applicable,4.49,notApplicable,0.0,469100
"East Coast Rd, Thiruvanmiyur",Chennai,Chennai,Tamil Nadu,2025,0.027,Industrial,12.9834,80.259,applicable,2.98,applicable,1.62,notApplicable,0.0,applicable,2.41,notApplicable,0.0,277500
MTP Rd,Coimbatore,Coimbatore,Tamil Nadu,2025,0.1089,Conservation,11.0616,76.9366,applicable,5.81,applicable,5.5,applicable,2.85,notApplicable,0.0,notApplicable,0.0,121800
"Trichy Rd, Singanallur",Coimbatore,Coimbatore,Tamil Nadu,2023,1.4813,Conservation,10.9979,76.9994,applicable,5.32,applicable,3.59,applicable,0.67,applicable,1.74,notApplicable,0.0,1660600
Alagarkoil Rd,Madurai,Madurai,Tamil Nadu,2023,4.0647,Commercial,9.9677,78.1653,notApplicable,0.0,applicable,2.79,applicable,4.17,applicable,0.87,applicable,4.58,34103800
Bypass Rd,Madurai,Madurai,Tamil Nadu,2024,6.4531,Residential,9.924,78.135,notApplicable,0.0,applicable,1.4,applicable,0.77,applicable,3.36,applicable,5.14,35697100
"Trichy Rd, Singanallur",Coimbatore,Coimbatore,Tamil Nadu,2022,1.4829,Agricultural,10.9979,76.9994,applicable,1.22,notApplicable,0.0,applicable,2.66,notApplicable,0.0,notApplicable,0.0,3247300
"Dindigul Rd, Palani",Palani,Dindigul,Tamil Nadu,2021,0.31,Commercial,10.4508,77.5148,applicable,2.5,applicable,3.28,applicable,2.64,notApplicable,0.0,applicable,5.35,9446600
Simmakkal,Madurai,Madurai,Tamil Nadu,2024,5.5589,Commercial,9.921,78.1197,notApplicable,0.0,applicable,0.36,applicable,3.34,notApplicable,0.0,applicable,3.02,56498600
Gandhipuram Cross Cut,Coimbatore,Coimbatore,Tamil Nadu,2024,0.3915,Residential,11.0175,76.9725,notApplicable,0.0,applicable,4.04,notApplicable,0.0,notApplicable,0.0,applicable,1.17,3011600
Bypass Rd,Madurai,Madurai,Tamil Nadu,2025,0.1725,Commercial,9.924,78.135,applicable,2.98,applicable,3.21,applicable,0.32,applicable,3.31,applicable,2.79,1371200
Bypass Rd,Madurai,Madurai,Tamil Nadu,2024,1.4192,Agricultural,9.924,78.135,notApplicable,0.0,applicable,0.53,applicable,1.14,notApplicable,0.0,applicable,5.24,2805900
"East Coast Rd, Thiruvanmiyur",Chennai,Chennai,Tamil Nadu,2023,0.0865,Agricultural,12.9834,80.259,applicable,2.71,applicable,3.06,applicable,3.86,notApplicable,0.0,notApplicable,0.0,199300
Simmakkal,Madurai,Madurai,Tamil Nadu,2024,0.1831,Commercial,9.921,78.1197,applicable,4.52,notApplicable,0.0,applicable,4.57,applicable,0.8,notApplicable,0.0,1784900
Rajapalayam Rd,Virudhunagar,Virudhunagar,Tamil Nadu,2022,0.3462,Industrial,9.4523,77.5533,applicable,2.47,applicable,5.87,applicable,1.17,notApplicable,0.0,applicable,0.47,1836300
Gandhipuram Cross Cut,Coimbatore,Coimbatore,Tamil Nadu,2024,0.4969,Agricultural,11.0175,76.9725,applicable,4.85,applicable,1.6,notApplicable,0.0,applicable,2.93,notApplicable,0.0,995400
Alagarkoil Rd,Madurai,Madurai,Tamil Nadu,2025,0.0151,Commercial,9.9677,78.1653,applicable,4.7,applicable,3.12,notApplicable,0.0,notApplicable,0.0,applicable,2.18,141500
Simmakkal,Madurai,Madurai,Tamil Nadu,2025,1.7463,Residential,9.921,78.1197,notApplicable,0.0,applicable,5.77,notApplicable,0.0,applicable,2.18,applicable,2.74,9710800
Simmakkal,Madurai,Madurai,Tamil Nadu,2022,0.6002,Conservation,9.921,78.1197,notApplicable,0.0,notApplicable,0.0,notApplicable,0.0,notApplicable,0.0,applicable,4.28,703100
"Avinashi Rd, Peelamedu",Coimbatore,Coimbatore,Tamil Nadu,2021,0.8499,Industrial,11.0183,76.997,applicable,0.74,notApplicable,0.0,notApplicable,0.0,notApplicable,0.0,applicable,2.46,7465000
Rajapalayam Rd,Virudhunagar,Virudhunagar,Tamil Nadu,2021,1.3967,Residential,9.4523,77.5533,notApplicable,0.0,applicable,2.3,notApplicable,0.0,applicable,4.77,applicable,3.32,5328900
"Trichy Rd, Singanallur",Coimbatore,Coimbatore,Tamil Nadu,2025,6.2157,Agricultural,10.9979,76.9994,applicable,0.74,applicable,2.52,applicable,0.57,notApplicable,0.0,notApplicable,0.0,15783500
"Avinashi Rd, Peelamedu",Coimbatore,Coimbatore,Tamil Nadu,2024,0.0369,Conservation,11.0183,76.997,applicable,1.97,applicable,3.97,applicable,3.95,applicable,4.46,notApplicable,0.0,37600
"East Coast Rd, Thiruvanmiyur",Chennai,Chennai,Tamil Nadu,2025,6.8563,Conservation,12.9834,80.259,applicable,0.28,applicable,5.37,notApplicable,0.0,applicable,0.78,applicable,4.79,10936600
"100 Feet Rd, Velachery",Chennai,Chennai,Tamil Nadu,2025,0.2448,Commercial,12.9791,80.2209,applicable,1.98,applicable,2.59,notApplicable,0.0,applicable,4.27,applicable,5.64,2925800
MTP Rd,Coimbatore,Coimbatore,Tamil Nadu,2024,1.1248,Conservation,11.0616,76.9366,applicable,5.4,applicable,2.91,applicable,2.06,notApplicable,0.0,notApplicable,0.0,1317600
"100 Feet Rd, Velachery",Chennai,Chennai,Tamil Nadu,2023,0.3895,Commercial,12.9791,80.2209,applicable,1.36,applicable,2.42,notApplicable,0.0,notApplicable,0.0,applicable,3.78,5399100
Rajapalayam Rd,Virudhunagar,Virudhunagar,Tamil Nadu,2022,4.2934,Conservation,9.4523,77.5533,applicable,3.51,applicable,1.56,notApplicable,0.0,notApplicable,0.0,notApplicable,0.0,3749800
"East Coast Rd, Thiruvanmiyur",Chennai,Chennai,Tamil Nadu,2023,0.1729,Conservation,12.9834,80.259,applicable,0.94,applicable,3.99,notApplicable,0.0,applicable,5.18,notApplicable,0.0,259600
Bypass Rd,Madurai,Madurai,Tamil Nadu,2022,1.1152,Industrial,9.924,78.135,applicable,2.35,applicable,5.65,applicable,4.48,applicable,2.41,applicable,5.43,5370600
"Dindigul Rd, Palani",Palani,Dindigul,Tamil Nadu,2024,0.2767,Conservation,10.4508,77.5148,applicable,1.76,applicable,2.17,applicable,5.03,applicable,3.55,applicable,2.21,282500
Simmakkal,Madurai,Madurai,Tamil Nadu,2025,7.2748,Conservation,9.921,78.1197,notApplicable,0.0,notApplicable,0.0,applicable,5.27,applicable,2.65,notApplicable,0.0,8145700
Alagarkoil Rd,Madurai,Madurai,Tamil Nadu,2021,0.1275,Conservation,9.9677,78.1653,notApplicable,0.0,applicable,2.17,applicable,0.99,notApplicable,0.0,notApplicable,0.0,151200
"Sathyamangalam Rd, Edayarpalayam",Erode,Erode,Tamil Nadu,2023,4.4118,Residential,11.349,77.6951,applicable,2.85,applicable,2.57,applicable,0.82,notApplicable,0.0,applicable,4.26,19609700
"Dindigul Rd, Palani",Palani,Dindigul,Tamil Nadu,2025,0.0172,Industrial,10.4508,77.5148,applicable,4.35,applicable,5.68,notApplicable,0.0,applicable,0.8,notApplicable,0.0,148900
Simmakkal,Madurai,Madurai,Tamil Nadu,2024,2.4594,Commercial,9.921,78.1197,notApplicable,0.0,applicable,5.34,applicable,4.16,notApplicable,0.0,applicable,1.39,23803400
Alagarkoil Rd,Madurai,Madurai,Tamil Nadu,2024,1.8244,Conservation,9.9677,78.1653,applicable,4.3,notApplicable,0.0,notApplicable,0.0,notApplicable,0.0,applicable,4.79,1943000
Alagarkoil Rd,Madurai,Madurai,Tamil Nadu,2021,7.4074,Commercial,9.9677,78.1653,applicable,2.79,notApplicable,0.0,applicable,1.94,applicable,0.39,applicable,0.95,70246700
Simmakkal,Madurai,Madurai,Tamil Nadu,2025,6.4674,Residential,9.921,78.1197,notApplicable,0.0,applicable,4.58,notApplicable,0.0,applicable,3.2,applicable,1.87,35965300
MTP Rd,Coimbatore,Coimbatore,Tamil Nadu,2025,0.3849,Industrial,11.0616,76.9366,applicable,2.75,notApplicable,0.0,applicable,3.55,applicable,3.69,notApplicable,0.0,2762900
Ettayapuram Rd,Thoothukudi,Thoothukudi,Tamil Nadu,2022,0.2529,Conservation,8.813,78.1341,notApplicable,0.0,notApplicable,0.0,applicable,2.95,applicable,5.37,applicable,2.45,189300
"Dindigul Rd, Palani",Palani,Dindigul,Tamil Nadu,2024,0.9219,Residential,10.4508,77.5148,applicable,0.81,applicable,0.62,applicable,5.79,notApplicable,0.0,applicable,1.34,28792000
"East Coast Rd, Thiruvanmiyur",Chennai,Chennai,Tamil Nadu,2021,0.686,Industrial,12.9834,80.259,notApplicable,0.0,applicable,0.99,notApplicable,0.0,applicable,1.62,applicable,2.48,7256500
MTP Rd,Coimbatore,Coimbatore,Tamil Nadu,2025,5.6327,Agricultural,11.0616,76.9366,applicable,1.86,applicable,1.59,notApplicable,0.0,applicable,1.85,applicable,3.11,11040600
Rajapalayam Rd,Virudhunagar,Virudhunagar,Tamil Nadu,2022,0.0725,Commercial,9.4523,77.5533,notApplicable,0.0,applicable,1.83,applicable,1.74,applicable,1.07,applicable,5.76,512300
"Sathyamangalam Rd, Edayarpalayam",Erode,Erode,Tamil Nadu,2021,0.7996,Commercial,11.349,77.6951,notApplicable,0.0,applicable,0.54,notApplicable,0.0,applicable,0.39,applicable,4.36,7318000
"Trichy Rd, Singanallur",Coimbatore,Coimbatore,Tamil Nadu,2024,1.2594,Agricultural,10.9979,76.9994,notApplicable,0.0,applicable,4.01,applicable,2.32,notApplicable,0.0,applicable,2.18,2437800
"Avinashi Rd, Peelamedu",Coimbatore,Coimbatore,Tamil Nadu,2024,0.0702,Residential,11.0183,76.997,notApplicable,0.0,applicable,0.66,applicable,0.55,notApplicable,0.0,applicable,1.62,574100
Ettayapuram Rd,Thoothukudi,Thoothukudi,Tamil Nadu,2024,5.0112,Commercial,8.813,78.1341,notApplicable,0.0,notApplicable,0.0,applicable,3.11,applicable,4.54,notApplicable,0.0,40515900
"Trichy Rd, Singanallur",Coimbatore,Coimbatore,Tamil Nadu,2024,0.0207,Industrial,10.9979,76.9994,applicable,4.38,applicable,4.45,applicable,2.59,applicable,4.09,applicable,5.18,116900
"NH 44, Tirunelveli",Tirunelveli,Tirunelveli,Tamil Nadu,2025,0.6998,Residential,8.7139,77.7567,applicable,4.21,applicable,0.22,applicable,1.25,notApplicable,0.0,notApplicable,0.0,3959600
"Sathyamangalam Rd, Edayarpalayam",Erode,Erode,Tamil Nadu,2023,6.0825,Industrial,11.349,77.6951,applicable,0.71,applicable,2.45,applicable,0.39,applicable,3.01,applicable,2.82,32931100
"NH 44, Tirunelveli",Tirunelveli,Tirunelveli,Tamil Nadu,2021,3.006,Conservation,8.7139,77.7567,applicable,1.84,applicable,0.3,applicable,5.4,applicable,5.27,applicable,1.17,2212100
Ettayapuram Rd,Thoothukudi,Thoothukudi,Tamil Nadu,2024,5.2236,Conservation,8.813,78.1341,applicable,0.72,notApplicable,0.0,notApplicable,0.0,applicable,1.38,applicable,2.33,5170000
"Avinashi Rd, Peelamedu",Coimbatore,Coimbatore,Tamil Nadu,2022,7.6681,Agricultural,11.0183,76.997,notApplicable,0.0,applicable,3.26,applicable,3.32,applicable,3.9,applicable,4.22,11335500
Rajapalayam Rd,Virudhunagar,Virudhunagar,Tamil Nadu,2023,0.5868,Commercial,9.4523,77.5533,notApplicable,0.0,applicable,3.41,notApplicable,0.0,notApplicable,0.0,notApplicable,0.0,5116900
Alagarkoil Rd,Madurai,Madurai,Tamil Nadu,2021,0.2708,Conservation,9.9677,78.1653,notApplicable,0.0,applicable,0.73,applicable,5.37,notApplicable,0.0,notApplicable,0.0,310300
MTP Rd,Coimbatore,Coimbatore,Tamil Nadu,2022,0.8873,Agricultural,11.0616,76.9366,applicable,4.2,applicable,5.28,notApplicable,0.0,applicable,3.53,applicable,4.52,1305400
Ettayapuram Rd,Thoothukudi,Thoothukudi,Tamil Nadu,2025,3.8864,Agricultural,8.813,78.1341,notApplicable,0.0,applicable,1.34,notApplicable,0.0,applicable,0.69,applicable,5.32,6412600
"Avinashi Rd, Peelamedu",Coimbatore,Coimbatore,Tamil Nadu,2021,0.0549,Agricultural,11.0183,76.997,applicable,6.0,applicable,4.49,notApplicable,0.0,applicable,2.29,applicable,3.38,82100
Alagarkoil Rd,Madurai,Madurai,Tamil Nadu,2024,1.1482,Commercial,9.9677,78.1653,applicable,3.67,notApplicable,0.0,applicable,0.77,notApplicable,0.0,notApplicable,0.0,12805400
Rajapalayam Rd,Virudhunagar,Virudhunagar,Tamil Nadu,2023,0.0578,Conservation,9.4523,77.5533,applicable,2.41,notApplicable,0.0,notApplicable,0.0,notApplicable,0.0,notApplicable,0.0,56300
"Dindigul Rd, Palani",Palani,Dindigul,Tamil Nadu,2025,0.0991,Agricultural,10.4508,77.5148,applicable,0.69,applicable,4.9,notApplicable,0.0,notApplicable,0.0,applicable,2.26,229100
"100 Feet Rd, Velachery",Chennai,Chennai,Tamil Nadu,2025,0.719,Industrial,12.9791,80.2209,applicable,3.5,applicable,1.01,notApplicable,0.0,notApplicable,0.0,applicable,4.84,7709600
Gandhipuram Cross Cut,Coimbatore,Coimbatore,Tamil Nadu,2024,0.1964,Commercial,11.0175,76.9725,applicable,1.75,applicable,2.17,notApplicable,0.0,notApplicable,0.0,notApplicable,0.0,2537300
"100 Feet Rd, Velachery",Chennai,Chennai,Tamil Nadu,2022,0.7171,Commercial,12.9791,80.2209,applicable,5.33,notApplicable,0.0,notApplicable,0.0,applicable,4.86,notApplicable,0.0,9677400
"100 Feet Rd, Velachery",Chennai,Chennai,Tamil Nadu,2024,0.283,Conservation,12.9791,80.2209,applicable,2.82,applicable,4.87,applicable,4.22,applicable,3.72,applicable,2.18,315500
"Dindigul Rd, Palani",Palani,Dindigul,Tamil Nadu,2021,3.9829,Commercial,10.4508,77.5148,notApplicable,0.0,applicable,5.08,applicable,2.7,notApplicable,0.0,applicable,0.98,124249000
"NH 44, Tirunelveli",Tirunelveli,Tirunelveli,Tamil Nadu,2024,0.2833,Conservation,8.7139,77.7567,applicable,5.58,applicable,5.09,notApplicable,0.0,applicable,0.33,applicable,0.71,245900
MTP Rd,Coimbatore,Coimbatore,Tamil Nadu,2025,5.5347,Residential,11.0616,76.9366,notApplicable,0.0,applicable,1.4,applicable,0.9,applicable,4.38,applicable,1.69,39643800
Rajapalayam Rd,Virudhunagar,Virudhunagar,Tamil Nadu,2022,0.0884,Commercial,9.4523,77.5533,applicable,2.75,notApplicable,0.0,notApplicable,0.0,notApplicable,0.0,applicable,3.45,650200
"East Coast Rd, Thiruvanmiyur",Chennai,Chennai,Tamil Nadu,2024,0.1697,Industrial,12.9834,80.259,applicable,4.6,applicable,2.54,applicable,3.84,notApplicable,0.0,notApplicable,0.0,1634900
Bypass Rd,Madurai,Madurai,Tamil Nadu,2024,0.2022,Commercial,9.924,78.135,notApplicable,0.0,applicable,4.61,notApplicable,0.0,notApplicable,0.0,notApplicable,0.0,2307000
"Avinashi Rd, Peelamedu",Coimbatore,Coimbatore,Tamil Nadu,2022,5.0854,Residential,11.0183,76.997,applicable,3.91,applicable,3.11,notApplicable,0.0,applicable,3.74,notApplicable,0.0,28171900
Alagarkoil Rd,Madurai,Madurai,Tamil Nadu,2022,3.9527,Conservation,9.9677,78.1653,applicable,2.07,applicable,2.2,applicable,4.77,applicable,2.11,notApplicable,0.0,3595200
"NH 44, Tirunelveli",Tirunelveli,Tirunelveli,Tamil Nadu,2024,0.0484,Conservation,8.7139,77.7567,notApplicable,0.0,applicable,1.11,applicable,2.77,notApplicable,0.0,notApplicable,0.0,49800
Simmakkal,Madurai,Madurai,Tamil Nadu,2025,3.6093,Agricultural,9.921,78.1197,applicable,5.34,applicable,3.75,notApplicable,0.0,notApplicable,0.0,applicable,2.76,6024000
"Avinashi Rd, Peelamedu",Coimbatore,Coimbatore,Tamil Nadu,2021,0.0892,Agricultural,11.0183,76.997,notApplicable,0.0,applicable,2.1,applicable,2.96,applicable,3.91,notApplicable,0.0,156100
"Trichy Rd, Singanallur",Coimbatore,Coimbatore,Tamil Nadu,2022,0.4158,Residential,10.9979,76.9994,applicable,2.73,applicable,4.23,applicable,5.74,notApplicable,0.0,notApplicable,0.0,2358500
Simmakkal,Madurai,Madurai,Tamil Nadu,2021,0.0484,Conservation,9.921,78.1197,applicable,4.81,notApplicable,0.0,notApplicable,0.0,applicable,3.26,applicable,2.52,42800
"East Coast Rd, Thiruvanmiyur",Chennai,Chennai,Tamil Nadu,2023,0.2959,Commercial,12.9834,80.259,notApplicable,0.0,applicable,4.54,notApplicable,0.0,applicable,5.95,applicable,3.87,3611300
"100 Feet Rd, Velachery",Chennai,Chennai,Tamil Nadu,2023,0.1149,Agricultural,12.9791,80.2209,applicable,2.78,applicable,3.83,notApplicable,0.0,notApplicable,0.0,applicable,4.16,264800
Alagarkoil Rd,Madurai,Madurai,Tamil Nadu,2022,0.4578,Agricultural,9.9677,78.1653,applicable,3.38,notApplicable,0.0,notApplicable,0.0,applicable,0.72,notApplicable,0.0,878200
"100 Feet Rd, Velachery",Chennai,Chennai,Tamil Nadu,2023,1.0965,Industrial,12.9791,80.2209,applicable,5.02,applicable,5.01,applicable,0.68,notApplicable,0.0,notApplicable,0.0,11333100
Rajapalayam Rd,Virudhunagar,Virudhunagar,Tamil Nadu,2021,0.1726,Conservation,9.4523,77.5533,applicable,1.16,applicable,1.39,applicable,0.78,notApplicable,0.0,applicable,5.52,138700
"100 Feet Rd, Velachery",Chennai,Chennai,Tamil Nadu,2022,4.8552,Conservation,12.9791,80.2209,applicable,0.31,applicable,2.09,notApplicable,0.0,notApplicable,0.0,applicable,4.41,7735200
Ettayapuram Rd,Thoothukudi,Thoothukudi,Tamil Nadu,2023,0.0412,Residential,8.813,78.1341,applicable,5.01,applicable,1.74,applicable,3.75,notApplicable,0.0,notApplicable,0.0,184700
"Sathyamangalam Rd, Edayarpalayam",Erode,Erode,Tamil Nadu,2022,5.5625,Industrial,11.349,77.6951,applicable,1.66,applicable,2.84,applicable,1.53,applicable,1.87,applicable,5.77,27165900
"East Coast Rd, Thiruvanmiyur",Chennai,Chennai,Tamil Nadu,2025,1.9139,Commercial,12.9834,80.259,applicable,3.03,applicable,0.75,applicable,3.3,notApplicable,0.0,notApplicable,0.0,29094300
Alagarkoil Rd,Madurai,Madurai,Tamil Nadu,2022,0.8567,Industrial,9.9677,78.1653,notApplicable,0.0,applicable,4.76,applicable,5.05,notApplicable,0.0,notApplicable,0.0,5945300
Rajapalayam Rd,Virudhunagar,Virudhunagar,Tamil Nadu,2024,0.3256,Commercial,9.4523,77.5533,notApplicable,0.0,notApplicable,0.0,notApplicable,0.0,applicable,4.7,applicable,2.58,2518200
MTP Rd,Coimbatore,Coimbatore,Tamil Nadu,2024,4.4027,Commercial,11.0616,76.9366,applicable,4.38,applicable,4.88,notApplicable,0.0,applicable,4.22,applicable,5.85,37106100
Alagarkoil Rd,Madurai,Madurai,Tamil Nadu,2025,1.5693,Commercial,9.9677,78.1653,applicable,4.98,applicable,0.78,applicable,0.65,applicable,2.22,applicable,4.13,14386200
"Dindigul Rd, Palani",Palani,Dindigul,Tamil Nadu,2024,1.19,Agricultural,10.4508,77.5148,applicable,2.01,applicable,4.14,applicable,2.51,notApplicable,0.0,notApplicable,0.0,2462600
"East Coast Rd, Thiruvanmiyur",Chennai,Chennai,Tamil Nadu,2025,6.7488,Commercial,12.9834,80.259,applicable,6.0,applicable,2.33,applicable,4.11,applicable,2.27,applicable,3.26,71193300
"Sathyamangalam Rd, Edayarpalayam",Erode,Erode,Tamil Nadu,2024,0.3369,Agricultural,11.349,77.6951,applicable,1.78,applicable,0.47,applicable,2.91,applicable,5.17,applicable,1.16,479200
Rajapalayam Rd,Virudhunagar,Virudhunagar,Tamil Nadu,2024,4.8787,Residential,9.4523,77.5533,applicable,0.33,notApplicable,0.0,applicable,4.28,notApplicable,0.0,applicable,5.15,22606700
"Dindigul Rd, Palani",Palani,Dindigul,Tamil Nadu,2024,1.0463,Agricultural,10.4508,77.5148,applicable,2.19,applicable,5.7,notApplicable,0.0,notApplicable,0.0,notApplicable,0.0,2401300
"Avinashi Rd, Peelamedu",Coimbatore,Coimbatore,Tamil Nadu,2025,2.8489,Industrial,11.0183,76.997,applicable,1.34,applicable,4.85,applicable,0.64,applicable,3.83,applicable,1.17,22529900
Ettayapuram Rd,Thoothukudi,Thoothukudi,Tamil Nadu,2021,0.355,Industrial,8.813,78.1341,notApplicable,0.0,notApplicable,0.0,notApplicable,0.0,applicable,2.05,notApplicable,0.0,2339900
Gandhipuram Cross Cut,Coimbatore,Coimbatore,Tamil Nadu,2024,0.7713,Commercial,11.0175,76.9725,applicable,3.29,notApplicable,0.0,applicable,5.13,applicable,5.45,notApplicable,0.0,7460000
"Avinashi Rd, Peelamedu",Coimbatore,Coimbatore,Tamil Nadu,2024,0.4882,Industrial,11.0183,76.997,applicable,5.06,applicable,4.39,applicable,3.18,notApplicable,0.0,applicable,4.73,3061800
"Trichy Rd, Singanallur",Coimbatore,Coimbatore,Tamil Nadu,2021,0.7487,Industrial,10.9979,76.9994,applicable,0.77,applicable,1.27,applicable,1.18,applicable,1.4,applicable,2.46,5795000
"NH 44, Tirunelveli",Tirunelveli,Tirunelveli,Tamil Nadu,2024,0.1388,Industrial,8.7139,77.7567,notApplicable,0.0,applicable,4.7,applicable,2.39,applicable,4.49,applicable,2.36,671700
Gandhipuram Cross Cut,Coimbatore,Coimbatore,Tamil Nadu,2021,0.6407,Industrial,11.0175,76.9725,applicable,3.11,notApplicable,0.0,applicable,4.92,applicable,1.49,applicable,1.51,4277600
"100 Feet Rd, Velachery",Chennai,Chennai,Tamil Nadu,2023,0.8851,Industrial,12.9791,80.2209,applicable,4.57,applicable,3.73,applicable,0.32,applicable,4.75,notApplicable,0.0,7907500
Ettayapuram Rd,Thoothukudi,Thoothukudi,Tamil Nadu,2021,0.4018,Conservation,8.813,78.1341,applicable,2.81,applicable,0.51,notApplicable,0.0,applicable,3.4,notApplicable,0.0,333700
Alagarkoil Rd,Madurai,Madurai,Tamil Nadu,2025,5.4775,Conservation,9.9677,78.1653,notApplicable,0.0,applicable,0.59,applicable,1.64,notApplicable,0.0,notApplicable,0.0,7866700
MTP Rd,Coimbatore,Coimbatore,Tamil Nadu,2023,3.0454,Residential,11.0616,76.9366,applicable,4.8,notApplicable,0.0,applicable,3.18,notApplicable,0.0,applicable,1.02,19309400
Rajapalayam Rd,Virudhunagar,Virudhunagar,Tamil Nadu,2022,0.8462,Residential,9.4523,77.5533,applicable,1.59,notApplicable,0.0,notApplicable,0.0,applicable,4.86,applicable,5.14,3393500
Alagarkoil Rd,Madurai,Madurai,Tamil Nadu,2024,0.42,Commercial,9.9677,78.1653,notApplicable,0.0,applicable,3.35,notApplicable,0.0,notApplicable,0.0,applicable,1.3,4684900
Alagarkoil Rd,Madurai,Madurai,Tamil Nadu,2025,3.3233,Conservation,9.9677,78.1653,applicable,0.39,notApplicable,0.0,applicable,2.58,applicable,2.82,applicable,0.53,3809300
"East Coast Rd, Thiruvanmiyur",Chennai,Chennai,Tamil Nadu,2023,2.5593,Residential,12.9834,80.259,applicable,1.41,notApplicable,0.0,notApplicable,0.0,notApplicable,0.0,applicable,2.8,23507200
"East Coast Rd, Thiruvanmiyur",Chennai,Chennai,Tamil Nadu,2024,0.117,Conservation,12.9834,80.259,applicable,4.34,applicable,3.61,applicable,4.35,notApplicable,0.0,applicable,4.12,141900
"Avinashi Rd, Peelamedu",Coimbatore,Coimbatore,Tamil Nadu,2024,3.5852,Agricultural,11.0183,76.997,notApplicable,0.0,applicable,5.4,applicable,1.73,notApplicable,0.0,notApplicable,0.0,8204100
"East Coast Rd, Thiruvanmiyur",Chennai,Chennai,Tamil Nadu,2023,5.5199,Agricultural,12.9834,80.259,notApplicable,0.0,applicable,0.31,applicable,2.18,applicable,1.88,applicable,3.01,13889400
Ettayapuram Rd,Thoothukudi,Thoothukudi,Tamil Nadu,2023,0.1245,Conservation,8.813,78.1341,applicable,5.31,applicable,2.3,notApplicable,0.0,notApplicable,0.0,applicable,4.11,97900
Alagarkoil Rd,Madurai,Madurai,Tamil Nadu,2022,0.4266,Industrial,9.9677,78.1653,applicable,3.56,applicable,3.73,notApplicable,0.0,notApplicable,0.0,notApplicable,0.0,2947400
Gandhipuram Cross Cut,Coimbatore,Coimbatore,Tamil Nadu,2025,0.4096,Industrial,11.0175,76.9725,notApplicable,0.0,notApplicable,0.0,notApplicable,0.0,applicable,0.97,applicable,2.58,3967500
"Dindigul Rd, Palani",Palani,Dindigul,Tamil Nadu,2024,0.1336,Conservation,10.4508,77.5148,notApplicable,0.0,applicable,1.49,applicable,2.92,notApplicable,0.0,applicable,1.27,184100
Ettayapuram Rd,Thoothukudi,Thoothukudi,Tamil Nadu,2021,1.9195,Industrial,8.813,78.1341,applicable,2.56,applicable,5.81,applicable,3.99,applicable,1.17,notApplicable,0.0,9017500
"Avinashi Rd, Peelamedu",Coimbatore,Coimbatore,Tamil Nadu,2022,1.4252,Residential,11.0183,76.997,applicable,5.12,applicable,5.7,applicable,3.48,notApplicable,0.0,applicable,5.85,6876300
Gandhipuram Cross Cut,Coimbatore,Coimbatore,Tamil Nadu,2024,4.6259,Agricultural,11.0175,76.9725,applicable,3.0,applicable,5.04,applicable,0.39,applicable,2.42,applicable,5.65,7371400
Simmakkal,Madurai,Madurai,Tamil Nadu,2023,0.0502,Conservation,9.921,78.1197,notApplicable,0.0,applicable,1.17,notApplicable,0.0,notApplicable,0.0,applicable,2.23,61800
"100 Feet Rd, Velachery",Chennai,Chennai,Tamil Nadu,2021,0.491,Conservation,12.9791,80.2209,applicable,3.39,notApplicable,0.0,applicable,3.9,notApplicable,0.0,notApplicable,0.0,708400
Bypass Rd,Madurai,Madurai,Tamil Nadu,2022,0.4027,Agricultural,9.924,78.135,notApplicable,0.0,notApplicable,0.0,applicable,4.36,notApplicable,0.0,applicable,2.09,721000
Bypass Rd,Madurai,Madurai,Tamil Nadu,2025,4.8319,Residential,9.924,78.135,applicable,1.66,notApplicable,0.0,applicable,1.11,notApplicable,0.0,applicable,2.0,31656900
Bypass Rd,Madurai,Madurai,Tamil Nadu,2025,1.4998,Residential,9.924,78.135,applicable,0.24,applicable,0.23,applicable,2.08,applicable,4.27,applicable,1.24,9376800
Alagarkoil Rd,Madurai,Madurai,Tamil Nadu,2022,0.1415,Agricultural,9.9677,78.1653,applicable,2.51,notApplicable,0.0,applicable,3.27,applicable,3.79,applicable,4.02,186700
"Dindigul Rd, Palani",Palani,Dindigul,Tamil Nadu,2024,0.0681,Commercial,10.4508,77.5148,applicable,4.99,applicable,1.53,notApplicable,0.0,applicable,4.38,applicable,0.52,2236700
"Trichy Rd, Singanallur",Coimbatore,Coimbatore,Tamil Nadu,2022,0.3505,Conservation,10.9979,76.9994,notApplicable,0.0,applicable,2.67,applicable,4.81,notApplicable,0.0,applicable,5.21,365000
Rajapalayam Rd,Virudhunagar,Virudhunagar,Tamil Nadu,2022,0.9018,Residential,9.4523,77.5533,applicable,4.39,applicable,3.48,notApplicable,0.0,applicable,3.08,applicable,5.89,2974000
Gandhipuram Cross Cut,Coimbatore,Coimbatore,Tamil Nadu,2021,0.2726,Residential,11.0175,76.9725,applicable,3.48,applicable,5.08,applicable,5.02,applicable,3.54,applicable,5.14,1100700
Rajapalayam Rd,Virudhunagar,Virudhunagar,Tamil Nadu,2025,1.0155,Commercial,9.4523,77.5533,notApplicable,0.0,notApplicable,0.0,applicable,3.95,notApplicable,0.0,notApplicable,0.0,8945500
Rajapalayam Rd,Virudhunagar,Virudhunagar,Tamil Nadu,2021,0.1366,Residential,9.4523,77.5533,notApplicable,0.0,notApplicable,0.0,notApplicable,0.0,applicable,5.0,notApplicable,0.0,654300
"100 Feet Rd, Velachery",Chennai,Chennai,Tamil Nadu,2022,0.0584,Industrial,12.9791,80.2209,applicable,4.42,applicable,1.57,notApplicable,0.0,notApplicable,0.0,notApplicable,0.0,644500
Bypass Rd,Madurai,Madurai,Tamil Nadu,2024,0.413,Industrial,9.924,78.135,applicable,1.16,applicable,5.85,applicable,2.38,notApplicable,0.0,applicable,2.96,2595600
Bypass Rd,Madurai,Madurai,Tamil Nadu,2022,0.1352,Commercial,9.924,78.135,notApplicable,0.0,applicable,0.93,notApplicable,0.0,notApplicable,0.0,applicable,2.93,1463800
"Dindigul Rd, Palani",Palani,Dindigul,Tamil Nadu,2021,6.194,Agricultural,10.4508,77.5148,applicable,4.72,applicable,4.22,applicable,1.0,applicable,2.32,applicable,3.64,9302400
"Avinashi Rd, Peelamedu",Coimbatore,Coimbatore,Tamil Nadu,2025,0.0423,Industrial,11.0183,76.997,notApplicable,0.0,applicable,0.86,applicable,2.87,applicable,4.95,notApplicable,0.0,353800
"East Coast Rd, Thiruvanmiyur",Chennai,Chennai,Tamil Nadu,2024,0.1444,Commercial,12.9834,80.259,applicable,5.88,applicable,3.74,applicable,5.91,notApplicable,0.0,applicable,1.78,1733100
"100 Feet Rd, Velachery",Chennai,Chennai,Tamil Nadu,2025,1.6909,Residential,12.9791,80.2209,applicable,5.62,applicable,5.9,notApplicable,0.0,applicable,1.65,applicable,3.65,12460000
"100 Feet Rd, Velachery",Chennai,Chennai,Tamil Nadu,2022,0.1138,Industrial,12.9791,80.2209,applicable,5.83,applicable,0.52,notApplicable,0.0,applicable,1.94,applicable,2.83,1050300
Simmakkal,Madurai,Madurai,Tamil Nadu,2023,0.8741,Commercial,9.921,78.1197,applicable,1.64,applicable,2.52,applicable,3.06,notApplicable,0.0,applicable,1.03,8039100
"Dindigul Rd, Palani",Palani,Dindigul,Tamil Nadu,2024,0.434,Industrial,10.4508,77.5148,applicable,5.15,applicable,4.49,applicable,4.1,notApplicable,0.0,applicable,5.22,2870300
MTP Rd,Coimbatore,Coimbatore,Tamil Nadu,2022,0.3453,Commercial,11.0616,76.9366,notApplicable,0.0,notApplicable,0.0,applicable,2.99,applicable,1.81,applicable,1.64,3709400
Gandhipuram Cross Cut,Coimbatore,Coimbatore,Tamil Nadu,2021,0.2305,Residential,11.0175,76.9725,applicable,1.31,applicable,4.95,applicable,1.11,notApplicable,0.0,applicable,1.6,1421900
Alagarkoil Rd,Madurai,Madurai,Tamil Nadu,2024,0.0167,Agricultural,9.9677,78.1653,applicable,0.51,applicable,3.61,notApplicable,0.0,applicable,5.8,notApplicable,0.0,30700
MTP Rd,Coimbatore,Coimbatore,Tamil Nadu,2023,1.7267,Agricultural,11.0616,76.9366,applicable,5.16,applicable,0.96,applicable,1.55,applicable,4.84,notApplicable,0.0,3137700
"Sathyamangalam Rd, Edayarpalayam",Erode,Erode,Tamil Nadu,2021,1.7334,Conservation,11.349,77.6951,notApplicable,0.0,applicable,5.77,notApplicable,0.0,notApplicable,0.0,applicable,5.6,1513400
Rajapalayam Rd,Virudhunagar,Virudhunagar,Tamil Nadu,2021,0.0566,Industrial,9.4523,77.5533,notApplicable,0.0,applicable,3.97,notApplicable,0.0,applicable,5.89,applicable,2.58,261600
Ettayapuram Rd,Thoothukudi,Thoothukudi,Tamil Nadu,2021,1.7781,Industrial,8.813,78.1341,notApplicable,0.0,applicable,0.2,applicable,2.73,applicable,0.62,notApplicable,0.0,11453400
"100 Feet Rd, Velachery",Chennai,Chennai,Tamil Nadu,2023,4.151,Agricultural,12.9791,80.2209,applicable,5.79,applicable,0.34,applicable,5.61,applicable,0.44,applicable,4.64,9148200
"Dindigul Rd, Palani",Palani,Dindigul,Tamil Nadu,2023,0.2962,Agricultural,10.4508,77.5148,applicable,3.64,applicable,0.42,applicable,4.84,notApplicable,0.0,applicable,5.4,543100
Bypass Rd,Madurai,Madurai,Tamil Nadu,2025,1.2624,Residential,9.924,78.135,applicable,5.96,notApplicable,0.0,applicable,3.84,applicable,4.03,applicable,2.41,6104900
Ettayapuram Rd,Thoothukudi,Thoothukudi,Tamil Nadu,2025,2.2056,Conservation,8.813,78.1341,notApplicable,0.0,applicable,3.41,applicable,4.1,applicable,5.67,applicable,1.88,1592500
"Avinashi Rd, Peelamedu",Coimbatore,Coimbatore,Tamil Nadu,2022,0.0592,Industrial,11.0183,76.997,notApplicable,0.0,applicable,3.22,notApplicable,0.0,notApplicable,0.0,notApplicable,0.0,540100
Gandhipuram Cross Cut,Coimbatore,Coimbatore,Tamil Nadu,2023,0.2394,Conservation,11.0175,76.9725,applicable,5.67,notApplicable,0.0,applicable,2.4,applicable,3.19,applicable,2.62,226000
Simmakkal,Madurai,Madurai,Tamil Nadu,2023,3.8259,Conservation,9.921,78.1197,applicable,1.96,applicable,5.57,notApplicable,0.0,notApplicable,0.0,applicable,0.72,4200300
Gandhipuram Cross Cut,Coimbatore,Coimbatore,Tamil Nadu,2022,1.5796,Industrial,11.0175,76.9725,applicable,3.0,applicable,1.6,applicable,4.13,notApplicable,0.0,notApplicable,0.0,11588900
"Sathyamangalam Rd, Edayarpalayam",Erode,Erode,Tamil Nadu,2024,1.7595,Conservation,11.349,77.6951,applicable,0.53,applicable,5.73,applicable,5.74,applicable,1.88,applicable,2.06,1411900
Alagarkoil Rd,Madurai,Madurai,Tamil Nadu,2025,0.3275,Commercial,9.9677,78.1653,applicable,0.98,applicable,2.39,notApplicable,0.0,applicable,2.47,applicable,0.28,3608300
Ettayapuram Rd,Thoothukudi,Thoothukudi,Tamil Nadu,2022,0.0837,Commercial,8.813,78.1341,applicable,0.3,applicable,4.21,notApplicable,0.0,notApplicable,0.0,applicable,4.34,651000
Rajapalayam Rd,Virudhunagar,Virudhunagar,Tamil Nadu,2024,2.9156,Conservation,9.4523,77.5533,applicable,2.15,applicable,2.82,applicable,2.1,notApplicable,0.0,applicable,2.54,2077600
"100 Feet Rd, Velachery",Chennai,Chennai,Tamil Nadu,2021,4.2337,Residential,12.9791,80.2209,applicable,2.34,notApplicable,0.0,notApplicable,0.0,applicable,3.47,applicable,0.45,34241700
"NH 44, Tirunelveli",Tirunelveli,Tirunelveli,Tamil Nadu,2025,0.1336,Residential,8.7139,77.7567,notApplicable,0.0,notApplicable,0.0,notApplicable,0.0,applicable,3.26,applicable,1.9,689100
Gandhipuram Cross Cut,Coimbatore,Coimbatore,Tamil Nadu,2021,0.2836,Conservation,11.0175,76.9725,applicable,1.83,applicable,1.96,notApplicable,0.0,notApplicable,0.0,notApplicable,0.0,369500
"100 Feet Rd, Velachery",Chennai,Chennai,Tamil Nadu,2025,0.0309,Commercial,12.9791,80.2209,applicable,5.67,applicable,5.06,applicable,5.25,applicable,5.5,applicable,0.38,340700
Gandhipuram Cross Cut,Coimbatore,Coimbatore,Tamil Nadu,2025,0.472,Industrial,11.0175,76.9725,applicable,4.74,applicable,0.74,applicable,3.11,applicable,5.03,applicable,0.92,3245500
Rajapalayam Rd,Virudhunagar,Virudhunagar,Tamil Nadu,2022,0.4464,Conservation,9.4523,77.5533,notApplicable,0.0,applicable,1.88,applicable,5.82,notApplicable,0.0,notApplicable,0.0,380800
"East Coast Rd, Thiruvanmiyur",Chennai,Chennai,Tamil Nadu,2021,0.0377,Commercial,12.9834,80.259,applicable,1.11,notApplicable,0.0,applicable,3.89,applicable,2.78,notApplicable,0.0,486200
"Dindigul Rd, Palani",Palani,Dindigul,Tamil Nadu,2023,1.1211,Commercial,10.4508,77.5148,notApplicable,0.0,notApplicable,0.0,notApplicable,0.0,applicable,4.94,applicable,2.86,32208800
"East Coast Rd, Thiruvanmiyur",Chennai,Chennai,Tamil Nadu,2023,0.2864,Commercial,12.9834,80.259,applicable,4.41,applicable,0.36,applicable,1.45,applicable,5.96,applicable,2.81,3353800
Gandhipuram Cross Cut,Coimbatore,Coimbatore,Tamil Nadu,2025,0.3338,Conservation,11.0175,76.9725,applicable,0.72,applicable,4.93,applicable,2.55,notApplicable,0.0,applicable,1.94,384100
Bypass Rd,Madurai,Madurai,Tamil Nadu,2022,0.0335,Agricultural,9.924,78.135,notApplicable,0.0,applicable,0.71,applicable,5.05,notApplicable,0.0,applicable,0.67,65600
Rajapalayam Rd,Virudhunagar,Virudhunagar,Tamil Nadu,2023,0.0513,Industrial,9.4523,77.5533,applicable,2.52,applicable,3.68,applicable,5.29,applicable,2.4,notApplicable,0.0,227200
Rajapalayam Rd,Virudhunagar,Virudhunagar,Tamil Nadu,2025,0.2383,Conservation,9.4523,77.5533,applicable,2.92,applicable,4.57,notApplicable,0.0,notApplicable,0.0,applicable,2.78,189700
Ettayapuram Rd,Thoothukudi,Thoothukudi,Tamil Nadu,2024,0.0538,Residential,8.813,78.1341,applicable,4.28,applicable,2.65,notApplicable,0.0,applicable,0.5,applicable,0.41,267400
"100 Feet Rd, Velachery",Chennai,Chennai,Tamil Nadu,2023,4.14,Agricultural,12.9791,80.2209,applicable,3.47,applicable,2.56,applicable,4.27,notApplicable,0.0,applicable,2.19,8810300
"Avinashi Rd, Peelamedu",Coimbatore,Coimbatore,Tamil Nadu,2021,1.7278,Conservation,11.0183,76.997,applicable,4.82,applicable,3.58,notApplicable,0.0,applicable,2.43,applicable,2.54,1579700
MTP Rd,Coimbatore,Coimbatore,Tamil Nadu,2021,0.144,Industrial,11.0616,76.9366,notApplicable,0.0,applicable,5.5,applicable,1.78,applicable,3.07,applicable,4.39,886200
"Avinashi Rd, Peelamedu",Coimbatore,Coimbatore,Tamil Nadu,2023,0.2816,Conservation,11.0183,76.997,notApplicable,0.0,applicable,4.27,applicable,5.95,applicable,5.76,applicable,1.79,272300
"East Coast Rd, Thiruvanmiyur",Chennai,Chennai,Tamil Nadu,2025,0.0647,Industrial,12.9834,80.259,applicable,4.36,applicable,2.45,applicable,2.17,notApplicable,0.0,applicable,2.48,607500
"NH 44, Tirunelveli",Tirunelveli,Tirunelveli,Tamil Nadu,2022,0.2798,Conservation,8.7139,77.7567,notApplicable,0.0,applicable,4.04,applicable,3.84,applicable,2.1,notApplicable,0.0,217300
Simmakkal,Madurai,Madurai,Tamil Nadu,2025,0.1104,Residential,9.921,78.1197,notApplicable,0.0,notApplicable,0.0,applicable,2.3,notApplicable,0.0,notApplicable,0.0,776800
Simmakkal,Madurai,Madurai,Tamil Nadu,2023,0.0133,Agricultural,9.921,78.1197,applicable,0.52,applicable,4.94,notApplicable,0.0,applicable,2.66,notApplicable,0.0,24000
Simmakkal,Madurai,Madurai,Tamil Nadu,2024,0.037,Conservation,9.921,78.1197,applicable,3.17,applicable,4.0,applicable,1.32,applicable,5.15,notApplicable,0.0,33900
Bypass Rd,Madurai,Madurai,Tamil Nadu,2025,7.4792,Conservation,9.924,78.135,applicable,1.72,applicable,0.92,notApplicable,0.0,applicable,4.12,applicable,5.67,7644000
Gandhipuram Cross Cut,Coimbatore,Coimbatore,Tamil Nadu,2024,0.1299,Residential,11.0175,76.9725,applicable,5.3,applicable,0.32,applicable,1.44,notApplicable,0.0,applicable,0.67,961200
Bypass Rd,Madurai,Madurai,Tamil Nadu,2021,0.1721,Commercial,9.924,78.135,notApplicable,0.0,applicable,2.73,applicable,1.58,notApplicable,0.0,applicable,3.14,1520300
Gandhipuram Cross Cut,Coimbatore,Coimbatore,Tamil Nadu,2025,0.4467,Conservation,11.0175,76.9725,applicable,4.02,applicable,5.87,notApplicable,0.0,notApplicable,0.0,notApplicable,0.0,560000
"NH 44, Tirunelveli",Tirunelveli,Tirunelveli,Tamil Nadu,2024,0.469,Residential,8.7139,77.7567,applicable,1.16,applicable,1.28,notApplicable,0.0,notApplicable,0.0,notApplicable,0.0,2746600
Rajapalayam Rd,Virudhunagar,Virudhunagar,Tamil Nadu,2023,7.7686,Industrial,9.4523,77.5533,notApplicable,0.0,applicable,0.87,applicable,1.99,applicable,5.83,notApplicable,0.0,43809500
Bypass Rd,Madurai,Madurai,Tamil Nadu,2021,0.0947,Commercial,9.924,78.135,notApplicable,0.0,applicable,0.52,applicable,3.91,notApplicable,0.0,notApplicable,0.0,1005600
"100 Feet Rd, Velachery",Chennai,Chennai,Tamil Nadu,2025,0.077,Industrial,12.9791,80.2209,applicable,2.91,applicable,0.87,notApplicable,0.0,notApplicable,0.0,notApplicable,0.0,934400
MTP Rd,Coimbatore,Coimbatore,Tamil Nadu,2024,0.1115,Industrial,11.0616,76.9366,applicable,3.49,applicable,3.04,notApplicable,0.0,applicable,4.66,applicable,4.38,715900
Ettayapuram Rd,Thoothukudi,Thoothukudi,Tamil Nadu,2022,1.2333,Conservation,8.813,78.1341,applicable,4.16,notApplicable,0.0,notApplicable,0.0,applicable,0.63,applicable,2.98,1013200
Bypass Rd,Madurai,Madurai,Tamil Nadu,2021,4.1309,Industrial,9.924,78.135,notApplicable,0.0,applicable,5.13,applicable,1.39,notApplicable,0.0,applicable,0.38,30461800
"Dindigul Rd, Palani",Palani,Dindigul,Tamil Nadu,2024,0.1612,Commercial,10.4508,77.5148,applicable,5.47,notApplicable,0.0,applicable,5.21,notApplicable,0.0,applicable,4.84,4966300
MTP Rd,Coimbatore,Coimbatore,Tamil Nadu,2025,1.1621,Conservation,11.0616,76.9366,notApplicable,0.0,applicable,0.24,applicable,3.78,applicable,5.1,applicable,3.39,1269300
"Sathyamangalam Rd, Edayarpalayam",Erode,Erode,Tamil Nadu,2021,0.4008,Commercial,11.349,77.6951,applicable,2.13,applicable,4.17,applicable,0.31,notApplicable,0.0,applicable,5.75,2928100
"Dindigul Rd, Palani",Palani,Dindigul,Tamil Nadu,2021,0.391,Conservation,10.4508,77.5148,applicable,5.98,applicable,0.98,notApplicable,0.0,applicable,1.6,applicable,0.42,488500
"NH 44, Tirunelveli",Tirunelveli,Tirunelveli,Tamil Nadu,2021,0.9076,Residential,8.7139,77.7567,applicable,4.65,applicable,1.02,notApplicable,0.0,notApplicable,0.0,notApplicable,0.0,4539800
"Dindigul Rd, Palani",Palani,Dindigul,Tamil Nadu,2021,4.5322,Conservation,10.4508,77.5148,applicable,1.4,notApplicable,0.0,applicable,0.21,notApplicable,0.0,applicable,2.37,6079400
"East Coast Rd, Thiruvanmiyur",Chennai,Chennai,Tamil Nadu,2024,1.3704,Agricultural,12.9834,80.259,applicable,0.75,applicable,2.56,applicable,1.03,applicable,5.68,notApplicable,0.0,3622500
"100 Feet Rd, Velachery",Chennai,Chennai,Tamil Nadu,2021,0.0921,Conservation,12.9791,80.2209,applicable,0.77,notApplicable,0.0,applicable,4.37,notApplicable,0.0,notApplicable,0.0,150300
Alagarkoil Rd,Madurai,Madurai,Tamil Nadu,2023,0.0621,Residential,9.9677,78.1653,applicable,1.96,notApplicable,0.0,applicable,2.23,applicable,1.77,applicable,0.53,364200
MTP Rd,Coimbatore,Coimbatore,Tamil Nadu,2024,0.211,Commercial,11.0616,76.9366,applicable,1.12,applicable,2.08,applicable,3.14,applicable,2.73,applicable,1.25,2055200
"NH 44, Tirunelveli",Tirunelveli,Tirunelveli,Tamil Nadu,2025,0.0348,Conservation,8.7139,77.7567,notApplicable,0.0,applicable,5.37,notApplicable,0.0,applicable,3.14,notApplicable,0.0,32700
Rajapalayam Rd,Virudhunagar,Virudhunagar,Tamil Nadu,2021,1.6989,Industrial,9.4523,77.5533,notApplicable,0.0,applicable,4.27,notApplicable,0.0,notApplicable,0.0,applicable,5.77,8847500
Gandhipuram Cross Cut,Coimbatore,Coimbatore,Tamil Nadu,2025,4.1157,Commercial,11.0175,76.9725,applicable,4.15,applicable,4.75,applicable,5.94,notApplicable,0.0,applicable,4.83,35675500
MTP Rd,Coimbatore,Coimbatore,Tamil Nadu,2023,0.0755,Commercial,11.0616,76.9366,applicable,5.81,applicable,3.51,applicable,5.49,notApplicable,0.0,notApplicable,0.0,717200
Ettayapuram Rd,Thoothukudi,Thoothukudi,Tamil Nadu,2023,0.4875,Agricultural,8.813,78.1341,applicable,1.34,applicable,2.86,notApplicable,0.0,applicable,4.15,notApplicable,0.0,671700
Gandhipuram Cross Cut,Coimbatore,Coimbatore,Tamil Nadu,2025,2.0422,Conservation,11.0175,76.9725,applicable,3.52,notApplicable,0.0,notApplicable,0.0,notApplicable,0.0,notApplicable,0.0,3028800
"Sathyamangalam Rd, Edayarpalayam",Erode,Erode,Tamil Nadu,2025,3.9702,Conservation,11.349,77.6951,notApplicable,0.0,notApplicable,0.0,notApplicable,0.0,applicable,3.02,applicable,3.34,3814100
Alagarkoil Rd,Madurai,Madurai,Tamil Nadu,2025,7.1647,Residential,9.9677,78.1653,applicable,3.54,applicable,2.5,notApplicable,0.0,applicable,1.61,applicable,4.33,37726200
"Dindigul Rd, Palani",Palani,Dindigul,Tamil Nadu,2024,1.4232,Agricultural,10.4508,77.5148,notApplicable,0.0,applicable,4.84,notApplicable,0.0,notApplicable,0.0,applicable,1.81,3368800
"Dindigul Rd, Palani",Palani,Dindigul,Tamil Nadu,2024,1.6157,Industrial,10.4508,77.5148,applicable,0.83,applicable,2.47,notApplicable,0.0,notApplicable,0.0,notApplicable,0.0,16702700
MTP Rd,Coimbatore,Coimbatore,Tamil Nadu,2022,1.2731,Commercial,11.0616,76.9366,notApplicable,0.0,applicable,3.71,notApplicable,0.0,notApplicable,0.0,applicable,4.74,13933500
Alagarkoil Rd,Madurai,Madurai,Tamil Nadu,2023,4.9813,Conservation,9.9677,78.1653,applicable,4.98,applicable,5.95,applicable,4.13,applicable,3.04,applicable,5.74,3425800
"Sathyamangalam Rd, Edayarpalayam",Erode,Erode,Tamil Nadu,2024,0.2858,Agricultural,11.349,77.6951,applicable,2.45,applicable,1.11,notApplicable,0.0,applicable,1.31,applicable,4.35,428700
"Trichy Rd, Singanallur",Coimbatore,Coimbatore,Tamil Nadu,2022,1.3818,Agricultural,10.9979,76.9994,applicable,1.0,applicable,4.96,applicable,4.85,applicable,2.03,notApplicable,0.0,2397800
"Avinashi Rd, Peelamedu",Coimbatore,Coimbatore,Tamil Nadu,2023,0.1232,Commercial,11.0183,76.997,applicable,2.66,notApplicable,0.0,applicable,3.75,applicable,5.34,applicable,3.59,1040800
Alagarkoil Rd,Madurai,Madurai,Tamil Nadu,2023,0.1073,Commercial,9.9677,78.1653,applicable,1.74,applicable,5.61,applicable,2.29,applicable,1.79,notApplicable,0.0,946100
Bypass Rd,Madurai,Madurai,Tamil Nadu,2022,0.3473,Agricultural,9.924,78.135,applicable,2.74,applicable,2.55,notApplicable,0.0,notApplicable,0.0,applicable,5.46,540500
"100 Feet Rd, Velachery",Chennai,Chennai,Tamil Nadu,2022,3.7762,Conservation,12.9791,80.2209,applicable,2.08,applicable,5.65,notApplicable,0.0,notApplicable,0.0,applicable,3.57,5175600
Bypass Rd,Madurai,Madurai,Tamil Nadu,2023,1.2309,Residential,9.924,78.135,notApplicable,0.0,applicable,1.31,notApplicable,0.0,applicable,4.39,notApplicable,0.0,7725000
Gandhipuram Cross Cut,Coimbatore,Coimbatore,Tamil Nadu,2021,3.4652,Industrial,11.0175,76.9725,notApplicable,0.0,notApplicable,0.0,notApplicable,0.0,notApplicable,0.0,applicable,5.59,30043300
Gandhipuram Cross Cut,Coimbatore,Coimbatore,Tamil Nadu,2022,6.0592,Residential,11.0175,76.9725,applicable,0.34,applicable,4.38,applicable,5.75,notApplicable,0.0,notApplicable,0.0,39029300
"100 Feet Rd, Velachery",Chennai,Chennai,Tamil Nadu,2021,5.6696,Agricultural,12.9791,80.2209,applicable,0.63,applicable,3.96,applicable,4.18,applicable,4.58,applicable,4.94,10273000
Gandhipuram Cross Cut,Coimbatore,Coimbatore,Tamil Nadu,2025,0.0321,Agricultural,11.0175,76.9725,applicable,2.62,applicable,5.22,applicable,5.41,applicable,0.93,applicable,1.04,56000
"Sathyamangalam Rd, Edayarpalayam",Erode,Erode,Tamil Nadu,2023,0.9733,Industrial,11.349,77.6951,applicable,5.61,applicable,0.56,notApplicable,0.0,notApplicable,0.0,notApplicable,0.0,6787400
"100 Feet Rd, Velachery",Chennai,Chennai,Tamil Nadu,2021,0.1444,Conservation,12.9791,80.2209,notApplicable,0.0,applicable,1.0,notApplicable,0.0,applicable,5.31,applicable,3.05,205500
Rajapalayam Rd,Virudhunagar,Virudhunagar,Tamil Nadu,2021,1.9262,Industrial,9.4523,77.5533,notApplicable,0.0,notApplicable,0.0,applicable,2.9,applicable,1.65,applicable,3.07,9257800
"Trichy Rd, Singanallur",Coimbatore,Coimbatore,Tamil Nadu,2024,4.4994,Agricultural,10.9979,76.9994,applicable,3.77,applicable,3.1,applicable,2.83,applicable,5.54,applicable,3.37,6037100
"NH 44, Tirunelveli",Tirunelveli,Tirunelveli,Tamil Nadu,2025,0.0291,Agricultural,8.7139,77.7567,notApplicable,0.0,applicable,1.34,applicable,3.06,applicable,3.94,applicable,5.66,35700
Bypass Rd,Madurai,Madurai,Tamil Nadu,2025,7.036,Industrial,9.924,78.135,applicable,0.57,notApplicable,0.0,notApplicable,0.0,notApplicable,0.0,applicable,2.9,60007200
"East Coast Rd, Thiruvanmiyur",Chennai,Chennai,Tamil Nadu,2023,0.8573,Residential,12.9834,80.259,applicable,3.78,applicable,4.15,applicable,3.43,notApplicable,0.0,applicable,3.23,5324900
MTP Rd,Coimbatore,Coimbatore,Tamil Nadu,2024,0.0102,Agricultural,11.0616,76.9366,applicable,2.93,applicable,1.85,applicable,1.85,applicable,1.5,notApplicable,0.0,20400
Rajapalayam Rd,Virudhunagar,Virudhunagar,Tamil Nadu,2024,7.4721,Commercial,9.4523,77.5533,applicable,3.51,applicable,0.2,notApplicable,0.0,applicable,4.12,notApplicable,0.0,57373200
"East Coast Rd, Thiruvanmiyur",Chennai,Chennai,Tamil Nadu,2025,0.1598,Industrial,12.9834,80.259,applicable,1.53,applicable,4.16,applicable,1.22,notApplicable,0.0,notApplicable,0.0,1769200
Gandhipuram Cross Cut,Coimbatore,Coimbatore,Tamil Nadu,2025,6.7433,Residential,11.0175,76.9725,applicable,3.91,applicable,5.24,notApplicable,0.0,notApplicable,0.0,notApplicable,0.0,46734700
Rajapalayam Rd,Virudhunagar,Virudhunagar,Tamil Nadu,2023,1.0198,Industrial,9.4523,77.5533,applicable,4.72,applicable,1.42,applicable,1.89,applicable,5.66,applicable,4.76,4309400
"East Coast Rd, Thiruvanmiyur",Chennai,Chennai,Tamil Nadu,2022,3.3786,Residential,12.9834,80.259,notApplicable,0.0,applicable,3.73,applicable,2.4,notApplicable,0.0,notApplicable,0.0,28481200
Gandhipuram Cross Cut,Coimbatore,Coimbatore,Tamil Nadu,2021,2.5304,Industrial,11.0175,76.9725,applicable,2.47,applicable,3.15,notApplicable,0.0,notApplicable,0.0,applicable,1.8,18527900
"Dindigul Rd, Palani",Palani,Dindigul,Tamil Nadu,2021,1.0061,Conservation,10.4508,77.5148,notApplicable,0.0,applicable,3.78,applicable,3.44,applicable,1.41,applicable,1.7,1060900
Alagarkoil Rd,Madurai,Madurai,Tamil Nadu,2024,0.1131,Residential,9.9677,78.1653,notApplicable,0.0,applicable,1.65,notApplicable,0.0,notApplicable,0.0,notApplicable,0.0,849300
"NH 44, Tirunelveli",Tirunelveli,Tirunelveli,Tamil Nadu,2025,0.1036,Conservation,8.7139,77.7567,applicable,4.95,notApplicable,0.0,applicable,2.83,notApplicable,0.0,applicable,4.23,83300
MTP Rd,Coimbatore,Coimbatore,Tamil Nadu,2021,5.9398,Conservation,11.0616,76.9366,applicable,0.25,applicable,5.14,notApplicable,0.0,applicable,1.92,notApplicable,0.0,7301500
Simmakkal,Madurai,Madurai,Tamil Nadu,2025,0.1318,Conservation,9.921,78.1197,notApplicable,0.0,applicable,5.84,applicable,1.68,notApplicable,0.0,applicable,4.43,137100
"Trichy Rd, Singanallur",Coimbatore,Coimbatore,Tamil Nadu,2021,7.7505,Industrial,10.9979,76.9994,notApplicable,0.0,notApplicable,0.0,notApplicable,0.0,notApplicable,0.0,notApplicable,0.0,77505000
Bypass Rd,Madurai,Madurai,Tamil Nadu,2024,0.2676,Agricultural,9.924,78.135,applicable,3.79,notApplicable,0.0,applicable,3.12,notApplicable,0.0,notApplicable,0.0,486100
"Sathyamangalam Rd, Edayarpalayam",Erode,Erode,Tamil Nadu,2025,0.996,Conservation,11.349,77.6951,notApplicable,0.0,applicable,5.52,notApplicable,0.0,applicable,5.57,applicable,0.99,972500
MTP Rd,Coimbatore,Coimbatore,Tamil Nadu,2024,7.7754,Residential,11.0616,76.9366,applicable,1.41,applicable,2.39,notApplicable,0.0,applicable,1.65,applicable,3.7,47311400
Simmakkal,Madurai,Madurai,Tamil Nadu,2025,1.4061,Commercial,9.921,78.1197,applicable,2.53,notApplicable,0.0,applicable,4.29,applicable,4.27,applicable,1.59,12293900
Ettayapuram Rd,Thoothukudi,Thoothukudi,Tamil Nadu,2021,0.8785,Industrial,8.813,78.1341,notApplicable,0.0,applicable,5.56,applicable,1.6,notApplicable,0.0,applicable,0.51,5205800
Gandhipuram Cross Cut,Coimbatore,Coimbatore,Tamil Nadu,2024,3.7056,Residential,11.0175,76.9725,notApplicable,0.0,applicable,0.95,applicable,0.64,applicable,3.35,notApplicable,0.0,27034800
"NH 44, Tirunelveli",Tirunelveli,Tirunelveli,Tamil Nadu,2025,7.437,Residential,8.7139,77.7567,applicable,3.18,applicable,2.38,applicable,2.25,notApplicable,0.0,applicable,2.09,32659800
"East Coast Rd, Thiruvanmiyur",Chennai,Chennai,Tamil Nadu,2021,0.4491,Conservation,12.9834,80.259,applicable,3.59,applicable,5.49,notApplicable,0.0,notApplicable,0.0,applicable,2.03,604500
"Trichy Rd, Singanallur",Coimbatore,Coimbatore,Tamil Nadu,2025,0.362,Industrial,10.9979,76.9994,notApplicable,0.0,notApplicable,0.0,notApplicable,0.0,applicable,1.09,applicable,1.61,3710300
Simmakkal,Madurai,Madurai,Tamil Nadu,2025,0.4535,Residential,9.921,78.1197,applicable,3.23,applicable,5.88,applicable,0.94,notApplicable,0.0,notApplicable,0.0,2689500
Simmakkal,Madurai,Madurai,Tamil Nadu,2025,1.3124,Industrial,9.921,78.1197,applicable,1.61,applicable,0.24,applicable,5.96,applicable,3.0,applicable,3.45,8273800
"Sathyamangalam Rd, Edayarpalayam",Erode,Erode,Tamil Nadu,2021,0.8413,Agricultural,11.349,77.6951,notApplicable,0.0,applicable,1.61,notApplicable,0.0,notApplicable,0.0,applicable,5.37,1324300
Gandhipuram Cross Cut,Coimbatore,Coimbatore,Tamil Nadu,2024,0.3998,Residential,11.0175,76.9725,applicable,4.7,applicable,1.48,applicable,3.89,applicable,4.98,notApplicable,0.0,2174700
Alagarkoil Rd,Madurai,Madurai,Tamil Nadu,2021,0.2071,Industrial,9.9677,78.1653,applicable,4.26,applicable,1.49,notApplicable,0.0,notApplicable,0.0,notApplicable,0.0,1519700
"Sathyamangalam Rd, Edayarpalayam",Erode,Erode,Tamil Nadu,2021,0.051,Industrial,11.349,77.6951,applicable,3.94,applicable,1.55,notApplicable,0.0,notApplicable,0.0,applicable,2.47,287700
Simmakkal,Madurai,Madurai,Tamil Nadu,2024,1.948,Commercial,9.921,78.1197,notApplicable,0.0,applicable,3.82,notApplicable,0.0,applicable,0.61,notApplicable,0.0,22677100
"Trichy Rd, Singanallur",Coimbatore,Coimbatore,Tamil Nadu,2025,0.0562,Conservation,10.9979,76.9994,applicable,2.01,applicable,5.07,applicable,4.13,notApplicable,0.0,applicable,1.82,59900
"Trichy Rd, Singanallur",Coimbatore,Coimbatore,Tamil Nadu,2024,0.0678,Agricultural,10.9979,76.9994,applicable,0.37,applicable,0.88,applicable,4.38,notApplicable,0.0,applicable,3.13,134700
Ettayapuram Rd,Thoothukudi,Thoothukudi,Tamil Nadu,2022,1.1364,Industrial,8.813,78.1341,notApplicable,0.0,applicable,5.69,notApplicable,0.0,applicable,2.32,applicable,1.47,6331100
Simmakkal,Madurai,Madurai,Tamil Nadu,2023,0.1574,Residential,9.921,78.1197,applicable,2.7,applicable,3.8,notApplicable,0.0,notApplicable,0.0,applicable,2.88,823600
Gandhipuram Cross Cut,Coimbatore,Coimbatore,Tamil Nadu,2023,1.0149,Commercial,11.0175,76.9725,applicable,0.98,applicable,4.32,notApplicable,0.0,applicable,0.68,applicable,0.87,12159500
Simmakkal,Madurai,Madurai,Tamil Nadu,2021,0.3685,Commercial,9.921,78.1197,notApplicable,0.0,applicable,2.83,applicable,4.08,notApplicable,0.0,applicable,3.27,2986900
"100 Feet Rd, Velachery",Chennai,Chennai,Tamil Nadu,2024,0.1837,Agricultural,12.9791,80.2209,applicable,1.06,notApplicable,0.0,applicable,4.86,applicable,0.43,applicable,4.88,454000
Gandhipuram Cross Cut,Coimbatore,Coimbatore,Tamil Nadu,2025,0.3121,Industrial,11.0175,76.9725,applicable,1.2,applicable,5.64,notApplicable,0.0,applicable,4.76,notApplicable,0.0,2607500
"Trichy Rd, Singanallur",Coimbatore,Coimbatore,Tamil Nadu,2021,0.2105,Commercial,10.9979,76.9994,applicable,4.82,notApplicable,0.0,notApplicable,0.0,notApplicable,0.0,applicable,0.71,2467800
"Dindigul Rd, Palani",Palani,Dindigul,Tamil Nadu,2022,0.0595,Commercial,10.4508,77.5148,applicable,5.48,notApplicable,0.0,notApplicable,0.0,applicable,1.57,applicable,1.09,1707700
"NH 44, Tirunelveli",Tirunelveli,Tirunelveli,Tamil Nadu,2021,0.4236,Conservation,8.7139,77.7567,applicable,4.65,applicable,3.82,applicable,4.21,applicable,5.38,applicable,2.68,231600
"100 Feet Rd, Velachery",Chennai,Chennai,Tamil Nadu,2022,0.1949,Industrial,12.9791,80.2209,applicable,0.43,notApplicable,0.0,notApplicable,0.0,notApplicable,0.0,notApplicable,0.0,2554100
Simmakkal,Madurai,Madurai,Tamil Nadu,2025,0.0148,Commercial,9.921,78.1197,applicable,4.98,applicable,0.82,applicable,3.54,applicable,3.62,applicable,3.18,109000
"Avinashi Rd, Peelamedu",Coimbatore,Coimbatore,Tamil Nadu,2023,3.2414,Residential,11.0183,76.997,notApplicable,0.0,applicable,0.51,applicable,1.94,notApplicable,0.0,applicable,5.57,22874800
"East Coast Rd, Thiruvanmiyur",Chennai,Chennai,Tamil Nadu,2021,0.0116,Industrial,12.9834,80.259,applicable,4.92,notApplicable,0.0,notApplicable,0.0,applicable,0.38,applicable,1.59,120800
"100 Feet Rd, Velachery",Chennai,Chennai,Tamil Nadu,2022,4.5791,Agricultural,12.9791,80.2209,applicable,4.35,notApplicable,0.0,applicable,2.83,applicable,4.56,applicable,1.09,9597900
Gandhipuram Cross Cut,Coimbatore,Coimbatore,Tamil Nadu,2022,3.2538,Industrial,11.0175,76.9725,applicable,0.74,applicable,5.84,applicable,4.1,notApplicable,0.0,notApplicable,0.0,25416600
"Dindigul Rd, Palani",Palani,Dindigul,Tamil Nadu,2024,6.5582,Commercial,10.4508,77.5148,notApplicable,0.0,applicable,2.2,applicable,3.72,notApplicable,0.0,applicable,2.54,218007500
Bypass Rd,Madurai,Madurai,Tamil Nadu,2025,3.4869,Industrial,9.924,78.135,applicable,4.73,applicable,3.56,notApplicable,0.0,applicable,5.23,notApplicable,0.0,22086900
Gandhipuram Cross Cut,Coimbatore,Coimbatore,Tamil Nadu,2025,0.0689,Agricultural,11.0175,76.9725,notApplicable,0.0,applicable,5.31,notApplicable,0.0,notApplicable,0.0,applicable,3.34,148000
"Avinashi Rd, Peelamedu",Coimbatore,Coimbatore,Tamil Nadu,2022,7.0444,Conservation,11.0183,76.997,applicable,1.02,applicable,2.37,notApplicable,0.0,notApplicable,0.0,notApplicable,0.0,9734400
MTP Rd,Coimbatore,Coimbatore,Tamil Nadu,2023,6.6158,Commercial,11.0616,76.9366,notApplicable,0.0,notApplicable,0.0,notApplicable,0.0,notApplicable,0.0,applicable,4.56,83374700
"NH 44, Tirunelveli",Tirunelveli,Tirunelveli,Tamil Nadu,2022,0.3212,Conservation,8.7139,77.7567,applicable,1.68,applicable,2.31,applicable,2.0,applicable,2.64,applicable,4.84,215400
MTP Rd,Coimbatore,Coimbatore,Tamil Nadu,2023,2.7816,Industrial,11.0616,76.9366,applicable,2.52,applicable,0.91,applicable,2.28,applicable,1.95,applicable,3.17,18449400
Ettayapuram Rd,Thoothukudi,Thoothukudi,Tamil Nadu,2023,0.7674,Commercial,8.813,78.1341,notApplicable,0.0,applicable,0.89,notApplicable,0.0,applicable,1.98,applicable,5.52,6450900
Bypass Rd,Madurai,Madurai,Tamil Nadu,2021,1.6228,Agricultural,9.924,78.135,applicable,1.22,applicable,2.51,applicable,5.82,notApplicable,0.0,notApplicable,0.0,2691300
Ettayapuram Rd,Thoothukudi,Thoothukudi,Tamil Nadu,2022,0.9004,Commercial,8.813,78.1341,notApplicable,0.0,applicable,5.12,notApplicable,0.0,applicable,2.25,notApplicable,0.0,7329000
Bypass Rd,Madurai,Madurai,Tamil Nadu,2021,5.6058,Agricultural,9.924,78.135,applicable,3.23,applicable,4.84,applicable,2.94,applicable,1.75,applicable,0.93,7406600
Simmakkal,Madurai,Madurai,Tamil Nadu,2022,0.0647,Industrial,9.921,78.1197,notApplicable,0.0,applicable,3.6,notApplicable,0.0,applicable,1.7,notApplicable,0.0,486100
Rajapalayam Rd,Virudhunagar,Virudhunagar,Tamil Nadu,2021,0.0669,Conservation,9.4523,77.5533,applicable,5.69,notApplicable,0.0,notApplicable,0.0,notApplicable,0.0,notApplicable,0.0,59200
Simmakkal,Madurai,Madurai,Tamil Nadu,2023,4.8432,Conservation,9.921,78.1197,applicable,4.33,applicable,3.54,applicable,5.28,applicable,0.92,applicable,4.91,3793100
Alagarkoil Rd,Madurai,Madurai,Tamil Nadu,2023,0.0958,Commercial,9.9677,78.1653,notApplicable,0.0,applicable,5.1,applicable,0.96,notApplicable,0.0,notApplicable,0.0,1047700
"NH 44, Tirunelveli",Tirunelveli,Tirunelveli,Tamil Nadu,2021,0.0257,Agricultural,8.7139,77.7567,applicable,1.85,applicable,4.56,applicable,3.59,applicable,1.56,applicable,4.11,26600
MTP Rd,Coimbatore,Coimbatore,Tamil Nadu,2025,6.3937,Residential,11.0616,76.9366,notApplicable,0.0,applicable,0.27,notApplicable,0.0,applicable,3.43,applicable,5.69,43588800
MTP Rd,Coimbatore,Coimbatore,Tamil Nadu,2023,0.2682,Conservation,11.0616,76.9366,applicable,3.44,applicable,0.72,notApplicable,0.0,notApplicable,0.0,applicable,5.54,318200
Gandhipuram Cross Cut,Coimbatore,Coimbatore,Tamil Nadu,2023,0.4209,Residential,11.0175,76.9725,applicable,5.18,applicable,4.02,notApplicable,0.0,notApplicable,0.0,notApplicable,0.0,2783900
"NH 44, Tirunelveli",Tirunelveli,Tirunelveli,Tamil Nadu,2022,4.2701,Agricultural,8.7139,77.7567,notApplicable,0.0,applicable,5.32,notApplicable,0.0,applicable,4.43,applicable,0.58,6001200
"Sathyamangalam Rd, Edayarpalayam",Erode,Erode,Tamil Nadu,2025,7.6161,Agricultural,11.349,77.6951,notApplicable,0.0,applicable,2.53,notApplicable,0.0,applicable,1.68,applicable,4.33,11548700
"East Coast Rd, Thiruvanmiyur",Chennai,Chennai,Tamil Nadu,2025,0.4154,Conservation,12.9834,80.259,notApplicable,0.0,applicable,4.66,notApplicable,0.0,applicable,3.19,notApplicable,0.0,686400
Gandhipuram Cross Cut,Coimbatore,Coimbatore,Tamil Nadu,2022,7.8229,Commercial,11.0175,76.9725,applicable,2.18,applicable,1.2,applicable,5.6,notApplicable,0.0,applicable,1.11,82345200
MTP Rd,Coimbatore,Coimbatore,Tamil Nadu,2021,0.0871,Conservation,11.0616,76.9366,applicable,2.29,applicable,4.37,applicable,1.38,applicable,5.96,applicable,5.01,74100
Alagarkoil Rd,Madurai,Madurai,Tamil Nadu,2021,0.0674,Industrial,9.9677,78.1653,notApplicable,0.0,applicable,0.26,applicable,4.59,notApplicable,0.0,notApplicable,0.0,527500
"Dindigul Rd, Palani",Palani,Dindigul,Tamil Nadu,2021,5.1664,Industrial,10.4508,77.5148,notApplicable,0.0,applicable,1.15,applicable,3.09,notApplicable,0.0,applicable,5.08,39515200
"Dindigul Rd, Palani",Palani,Dindigul,Tamil Nadu,2025,6.0343,Conservation,10.4508,77.5148,applicable,3.77,applicable,2.22,applicable,5.14,applicable,4.83,applicable,4.1,5389400
Alagarkoil Rd,Madurai,Madurai,Tamil Nadu,2023,0.0718,Industrial,9.9677,78.1653,notApplicable,0.0,applicable,3.09,applicable,3.55,applicable,0.22,applicable,5.53,439700
"Trichy Rd, Singanallur",Coimbatore,Coimbatore,Tamil Nadu,2022,0.1714,Commercial,10.9979,76.9994,applicable,2.2,applicable,5.73,notApplicable,0.0,notApplicable,0.0,notApplicable,0.0,1941700
"Sathyamangalam Rd, Edayarpalayam",Erode,Erode,Tamil Nadu,2022,7.9946,Residential,11.349,77.6951,notApplicable,0.0,notApplicable,0.0,notApplicable,0.0,applicable,2.14,applicable,2.71,40699900
Gandhipuram Cross Cut,Coimbatore,Coimbatore,Tamil Nadu,2023,0.4106,Residential,11.0175,76.9725,applicable,2.28,applicable,5.06,applicable,1.42,applicable,4.4,notApplicable,0.0,2336600
Rajapalayam Rd,Virudhunagar,Virudhunagar,Tamil Nadu,2022,0.3021,Residential,9.4523,77.5533,applicable,1.54,applicable,1.01,applicable,4.76,notApplicable,0.0,notApplicable,0.0,1392600
"Avinashi Rd, Peelamedu",Coimbatore,Coimbatore,Tamil Nadu,2022,0.4128,Industrial,11.0183,76.997,notApplicable,0.0,notApplicable,0.0,notApplicable,0.0,notApplicable,0.0,applicable,3.35,3692400
"100 Feet Rd, Velachery",Chennai,Chennai,Tamil Nadu,2023,0.1619,Residential,12.9791,80.2209,applicable,5.35,notApplicable,0.0,applicable,3.18,applicable,3.29,applicable,2.33,1051200
"East Coast Rd, Thiruvanmiyur",Chennai,Chennai,Tamil Nadu,2023,2.0758,Residential,12.9834,80.259,applicable,4.57,applicable,4.19,applicable,0.86,notApplicable,0.0,applicable,5.71,14833900
Bypass Rd,Madurai,Madurai,Tamil Nadu,2021,1.0792,Conservation,9.924,78.135,applicable,4.24,applicable,4.79,notApplicable,0.0,applicable,2.89,applicable,4.08,823300
"Dindigul Rd, Palani",Palani,Dindigul,Tamil Nadu,2022,5.8862,Commercial,10.4508,77.5148,applicable,5.95,applicable,1.44,applicable,4.86,notApplicable,0.0,applicable,0.42,187375900
Rajapalayam Rd,Virudhunagar,Virudhunagar,Tamil Nadu,2025,0.3872,Industrial,9.4523,77.5533,applicable,5.79,applicable,4.83,applicable,4.72,notApplicable,0.0,applicable,4.15,1720800
"100 Feet Rd, Velachery",Chennai,Chennai,Tamil Nadu,2021,5.8961,Commercial,12.9791,80.2209,applicable,3.07,applicable,2.93,applicable,5.25,applicable,5.01,notApplicable,0.0,59831600
"NH 44, Tirunelveli",Tirunelveli,Tirunelveli,Tamil Nadu,2022,0.0299,Industrial,8.7139,77.7567,applicable,1.09,applicable,2.09,applicable,3.48,notApplicable,0.0,applicable,2.52,154600
"Sathyamangalam Rd, Edayarpalayam",Erode,Erode,Tamil Nadu,2022,0.8418,Commercial,11.349,77.6951,notApplicable,0.0,applicable,4.52,applicable,2.61,notApplicable,0.0,applicable,2.73,6264800
Alagarkoil Rd,Madurai,Madurai,Tamil Nadu,2021,0.0758,Residential,9.9677,78.1653,applicable,4.09,applicable,1.48,notApplicable,0.0,applicable,4.51,applicable,1.17,375500
Gandhipuram Cross Cut,Coimbatore,Coimbatore,Tamil Nadu,2022,0.755,Industrial,11.0175,76.9725,notApplicable,0.0,applicable,4.07,applicable,0.23,notApplicable,0.0,applicable,0.76,6739000
Rajapalayam Rd,Virudhunagar,Virudhunagar,Tamil Nadu,2023,6.3635,Agricultural,9.4523,77.5533,applicable,2.79,notApplicable,0.0,applicable,4.66,applicable,5.34,notApplicable,0.0,7593400
"Avinashi Rd, Peelamedu",Coimbatore,Coimbatore,Tamil Nadu,2025,2.5482,Industrial,11.0183,76.997,notApplicable,0.0,applicable,0.76,notApplicable,0.0,applicable,2.61,applicable,5.51,22339300
Gandhipuram Cross Cut,Coimbatore,Coimbatore,Tamil Nadu,2025,1.6268,Commercial,11.0175,76.9725,applicable,1.44,notApplicable,0.0,notApplicable,0.0,applicable,5.77,applicable,1.56,19231300
"NH 44, Tirunelveli",Tirunelveli,Tirunelveli,Tamil Nadu,2023,3.9905,Agricultural,8.7139,77.7567,applicable,1.96,notApplicable,0.0,applicable,2.81,applicable,0.73,notApplicable,0.0,6035100
Ettayapuram Rd,Thoothukudi,Thoothukudi,Tamil Nadu,2025,0.0431,Conservation,8.813,78.1341,applicable,1.11,applicable,2.08,applicable,1.07,applicable,0.46,applicable,5.19,39200
Simmakkal,Madurai,Madurai,Tamil Nadu,2023,0.3629,Industrial,9.921,78.1197,applicable,1.23,notApplicable,0.0,applicable,0.85,notApplicable,0.0,applicable,4.96,2760000
Bypass Rd,Madurai,Madurai,Tamil Nadu,2022,1.2817,Agricultural,9.924,78.135,notApplicable,0.0,applicable,3.61,applicable,0.54,applicable,2.97,notApplicable,0.0,2198600
"Trichy Rd, Singanallur",Coimbatore,Coimbatore,Tamil Nadu,2024,7.288,Industrial,10.9979,76.9994,applicable,4.42,applicable,4.93,notApplicable,0.0,applicable,2.55,notApplicable,0.0,53526500
Alagarkoil Rd,Madurai,Madurai,Tamil Nadu,2024,0.1094,Conservation,9.9677,78.1653,applicable,1.46,notApplicable,0.0,applicable,0.96,notApplicable,0.0,applicable,3.35,126600
Gandhipuram Cross Cut,Coimbatore,Coimbatore,Tamil Nadu,2021,0.0241,Industrial,11.0175,76.9725,applicable,0.81,applicable,5.28,notApplicable,0.0,applicable,0.38,applicable,1.27,198600
Alagarkoil Rd,Madurai,Madurai,Tamil Nadu,2021,0.1448,Industrial,9.9677,78.1653,applicable,3.83,applicable,4.4,notApplicable,0.0,applicable,0.41,notApplicable,0.0,973900
"East Coast Rd, Thiruvanmiyur",Chennai,Chennai,Tamil Nadu,2021,6.9999,Conservation,12.9834,80.259,applicable,0.25,applicable,0.27,applicable,2.0,notApplicable,0.0,applicable,5.7,11017500
"Avinashi Rd, Peelamedu",Coimbatore,Coimbatore,Tamil Nadu,2025,0.137,Residential,11.0183,76.997,applicable,3.63,notApplicable,0.0,applicable,1.4,applicable,1.01,applicable,4.62,845500
Alagarkoil Rd,Madurai,Madurai,Tamil Nadu,2022,0.0159,Residential,9.9677,78.1653,applicable,5.63,notApplicable,0.0,notApplicable,0.0,applicable,2.93,applicable,2.31,79700
Bypass Rd,Madurai,Madurai,Tamil Nadu,2024,0.1524,Residential,9.924,78.135,notApplicable,0.0,applicable,5.52,notApplicable,0.0,notApplicable,0.0,applicable,5.97,914200
Simmakkal,Madurai,Madurai,Tamil Nadu,2021,2.661,Commercial,9.921,78.1197,applicable,0.96,applicable,4.08,applicable,3.94,notApplicable,0.0,applicable,1.53,22497500
Simmakkal,Madurai,Madurai,Tamil Nadu,2022,7.2489,Conservation,9.921,78.1197,applicable,4.79,notApplicable,0.0,applicable,4.93,notApplicable,0.0,applicable,2.18,6716100
Gandhipuram Cross Cut,Coimbatore,Coimbatore,Tamil Nadu,2025,7.2888,Conservation,11.0175,76.9725,applicable,2.28,applicable,2.19,applicable,0.72,notApplicable,0.0,notApplicable,0.0,9800600
"Dindigul Rd, Palani",Palani,Dindigul,Tamil Nadu,2024,0.0108,Residential,10.4508,77.5148,applicable,4.27,applicable,4.21,notApplicable,0.0,notApplicable,0.0,notApplicable,0.0,301200
"Dindigul Rd, Palani",Palani,Dindigul,Tamil Nadu,2022,0.8954,Conservation,10.4508,77.5148,applicable,5.01,applicable,5.49,applicable,0.4,notApplicable,0.0,notApplicable,0.0,1107200
MTP Rd,Coimbatore,Coimbatore,Tamil Nadu,2023,1.3363,Industrial,11.0616,76.9366,applicable,1.97,applicable,4.06,applicable,4.02,notApplicable,0.0,applicable,1.88,9145700
Simmakkal,Madurai,Madurai,Tamil Nadu,2024,1.5117,Industrial,9.921,78.1197,applicable,1.33,applicable,0.76,notApplicable,0.0,notApplicable,0.0,notApplicable,0.0,14135800
"Trichy Rd, Singanallur",Coimbatore,Coimbatore,Tamil Nadu,2022,7.9354,Industrial,10.9979,76.9994,notApplicable,0.0,applicable,4.18,notApplicable,0.0,applicable,0.95,notApplicable,0.0,70562500
Bypass Rd,Madurai,Madurai,Tamil Nadu,2021,5.2409,Agricultural,9.924,78.135,applicable,2.52,applicable,3.38,applicable,5.52,applicable,5.99,notApplicable,0.0,6807500
"Sathyamangalam Rd, Edayarpalayam",Erode,Erode,Tamil Nadu,2021,1.7588,Agricultural,11.349,77.6951,applicable,1.4,applicable,4.36,applicable,1.06,notApplicable,0.0,notApplicable,0.0,2701800
"100 Feet Rd, Velachery",Chennai,Chennai,Tamil Nadu,2023,1.0854,Residential,12.9791,80.2209,notApplicable,0.0,applicable,2.83,notApplicable,0.0,notApplicable,0.0,notApplicable,0.0,10525200
Simmakkal,Madurai,Madurai,Tamil Nadu,2023,0.1529,Agricultural,9.921,78.1197,applicable,5.53,applicable,0.3,applicable,3.75,applicable,5.01,applicable,1.53,224500
"Avinashi Rd, Peelamedu",Coimbatore,Coimbatore,Tamil Nadu,2022,0.3989,Residential,11.0183,76.997,notApplicable,0.0,applicable,0.83,notApplicable,0.0,notApplicable,0.0,applicable,4.92,2905900
Gandhipuram Cross Cut,Coimbatore,Coimbatore,Tamil Nadu,2023,0.4326,Agricultural,11.0175,76.9725,applicable,5.28,notApplicable,0.0,notApplicable,0.0,notApplicable,0.0,applicable,2.99,870400
"100 Feet Rd, Velachery",Chennai,Chennai,Tamil Nadu,2021,0.1838,Commercial,12.9791,80.2209,applicable,4.53,applicable,0.67,notApplicable,0.0,notApplicable,0.0,applicable,0.83,2751000
"Dindigul Rd, Palani",Palani,Dindigul,Tamil Nadu,2024,4.0628,Conservation,10.4508,77.5148,applicable,2.3,applicable,2.95,notApplicable,0.0,notApplicable,0.0,applicable,5.84,4857500
Simmakkal,Madurai,Madurai,Tamil Nadu,2022,0.4185,Commercial,9.921,78.1197,applicable,1.91,applicable,1.28,applicable,3.91,notApplicable,0.0,applicable,1.38,3815200
"Sathyamangalam Rd, Edayarpalayam",Erode,Erode,Tamil Nadu,2025,0.9967,Conservation,11.349,77.6951,applicable,1.12,applicable,5.92,notApplicable,0.0,applicable,2.76,notApplicable,0.0,948800
Bypass Rd,Madurai,Madurai,Tamil Nadu,2021,3.7954,Industrial,9.924,78.135,applicable,4.17,applicable,4.96,applicable,4.36,applicable,2.46,applicable,2.29,17840300
Alagarkoil Rd,Madurai,Madurai,Tamil Nadu,2024,0.028,Residential,9.9677,78.1653,applicable,4.87,notApplicable,0.0,applicable,0.67,notApplicable,0.0,applicable,5.55,160200
Rajapalayam Rd,Virudhunagar,Virudhunagar,Tamil Nadu,2024,0.2734,Conservation,9.4523,77.5533,applicable,4.16,applicable,2.3,notApplicable,0.0,applicable,1.52,notApplicable,0.0,225000
"Trichy Rd, Singanallur",Coimbatore,Coimbatore,Tamil Nadu,2024,0.033,Conservation,10.9979,76.9994,notApplicable,0.0,applicable,3.68,notApplicable,0.0,applicable,3.08,applicable,4.49,35900
Alagarkoil Rd,Madurai,Madurai,Tamil Nadu,2024,2.5539,Conservation,9.9677,78.1653,applicable,0.87,applicable,3.52,notApplicable,0.0,notApplicable,0.0,notApplicable,0.0,3106300
Rajapalayam Rd,Virudhunagar,Virudhunagar,Tamil Nadu,2022,0.8294,Commercial,9.4523,77.5533,applicable,1.28,applicable,5.25,notApplicable,0.0,applicable,2.06,applicable,3.43,5374200
"Sathyamangalam Rd, Edayarpalayam",Erode,Erode,Tamil Nadu,2023,0.39,Agricultural,11.349,77.6951,notApplicable,0.0,applicable,1.68,applicable,2.86,applicable,1.48,notApplicable,0.0,614000
Simmakkal,Madurai,Madurai,Tamil Nadu,2024,0.3853,Commercial,9.921,78.1197,applicable,4.77,notApplicable,0.0,notApplicable,0.0,applicable,3.94,notApplicable,0.0,3740000
Rajapalayam Rd,Virudhunagar,Virudhunagar,Tamil Nadu,2025,0.7475,Residential,9.4523,77.5533,notApplicable,0.0,applicable,1.35,applicable,0.26,notApplicable,0.0,applicable,1.94,4234600
Gandhipuram Cross Cut,Coimbatore,Coimbatore,Tamil Nadu,2024,4.4138,Conservation,11.0175,76.9725,applicable,1.66,applicable,5.5,applicable,1.39,applicable,2.17,applicable,4.91,4387700
"NH 44, Tirunelveli",Tirunelveli,Tirunelveli,Tamil Nadu,2021,1.9722,Agricultural,8.7139,77.7567,applicable,1.56,notApplicable,0.0,applicable,3.43,applicable,0.71,applicable,4.59,2463300
"NH 44, Tirunelveli",Tirunelveli,Tirunelveli,Tamil Nadu,2024,0.6423,Residential,8.7139,77.7567,applicable,4.32,notApplicable,0.0,notApplicable,0.0,notApplicable,0.0,notApplicable,0.0,3565100
"Trichy Rd, Singanallur",Coimbatore,Coimbatore,Tamil Nadu,2021,0.3249,Residential,10.9979,76.9994,notApplicable,0.0,applicable,1.23,notApplicable,0.0,applicable,2.52,applicable,2.68,2025200
"Sathyamangalam Rd, Edayarpalayam",Erode,Erode,Tamil Nadu,2025,1.1377,Commercial,11.349,77.6951,applicable,4.92,applicable,3.42,applicable,5.77,notApplicable,0.0,applicable,3.98,7809500
"100 Feet Rd, Velachery",Chennai,Chennai,Tamil Nadu,2024,2.0779,Industrial,12.9791,80.2209,notApplicable,0.0,applicable,1.5,notApplicable,0.0,applicable,0.82,applicable,1.99,25653800
"Trichy Rd, Singanallur",Coimbatore,Coimbatore,Tamil Nadu,2022,0.1149,Commercial,10.9979,76.9994,applicable,5.71,applicable,0.76,applicable,5.62,applicable,4.71,notApplicable,0.0,1065900
"Trichy Rd, Singanallur",Coimbatore,Coimbatore,Tamil Nadu,2025,0.0126,Industrial,10.9979,76.9994,applicable,2.83,notApplicable,0.0,applicable,5.64,notApplicable,0.0,applicable,2.41,97100
Bypass Rd,Madurai,Madurai,Tamil Nadu,2022,0.3544,Industrial,9.924,78.135,notApplicable,0.0,applicable,2.31,applicable,4.83,applicable,3.49,applicable,2.75,1934700
"Trichy Rd, Singanallur",Coimbatore,Coimbatore,Tamil Nadu,2025,1.7664,Commercial,10.9979,76.9994,notApplicable,0.0,applicable,0.24,applicable,0.87,notApplicable,0.0,applicable,2.15,25093700
"East Coast Rd, Thiruvanmiyur",Chennai,Chennai,Tamil Nadu,2024,0.0388,Industrial,12.9834,80.259,notApplicable,0.0,applicable,3.31,applicable,3.92,applicable,3.39,applicable,4.58,302900
Ettayapuram Rd,Thoothukudi,Thoothukudi,Tamil Nadu,2023,5.0057,Conservation,8.813,78.1341,notApplicable,0.0,notApplicable,0.0,notApplicable,0.0,applicable,4.24,applicable,1.33,4792300
"Trichy Rd, Singanallur",Coimbatore,Coimbatore,Tamil Nadu,2024,4.3737,Commercial,10.9979,76.9994,applicable,5.26,notApplicable,0.0,notApplicable,0.0,applicable,1.73,applicable,2.14,48032300
MTP Rd,Coimbatore,Coimbatore,Tamil Nadu,2024,0.0967,Industrial,11.0616,76.9366,applicable,5.46,notApplicable,0.0,notApplicable,0.0,applicable,5.21,notApplicable,0.0,798400
MTP Rd,Coimbatore,Coimbatore,Tamil Nadu,2023,0.0133,Residential,11.0616,76.9366,applicable,5.3,applicable,3.92,notApplicable,0.0,notApplicable,0.0,applicable,1.7,82900
"Avinashi Rd, Peelamedu",Coimbatore,Coimbatore,Tamil Nadu,2023,0.0492,Industrial,11.0183,76.997,applicable,3.57,applicable,1.28,applicable,3.72,notApplicable,0.0,notApplicable,0.0,377300
Rajapalayam Rd,Virudhunagar,Virudhunagar,Tamil Nadu,2023,0.1466,Industrial,9.4523,77.5533,applicable,2.24,applicable,4.39,applicable,2.44,notApplicable,0.0,applicable,1.22,736700
"Trichy Rd, Singanallur",Coimbatore,Coimbatore,Tamil Nadu,2023,0.4308,Agricultural,10.9979,76.9994,notApplicable,0.0,applicable,5.56,applicable,2.91,applicable,3.96,notApplicable,0.0,754500
Ettayapuram Rd,Thoothukudi,Thoothukudi,Tamil Nadu,2024,7.7099,Industrial,8.813,78.1341,applicable,1.05,applicable,0.51,notApplicable,0.0,applicable,5.74,applicable,3.54,45179300
"East Coast Rd, Thiruvanmiyur",Chennai,Chennai,Tamil Nadu,2021,0.013,Agricultural,12.9834,80.259,applicable,3.63,applicable,2.88,applicable,3.48,applicable,2.92,applicable,3.21,20900
Simmakkal,Madurai,Madurai,Tamil Nadu,2024,1.8342,Agricultural,9.921,78.1197,applicable,5.69,notApplicable,0.0,applicable,5.49,applicable,4.08,applicable,4.66,2505100
Bypass Rd,Madurai,Madurai,Tamil Nadu,2022,1.1052,Agricultural,9.924,78.135,applicable,3.34,applicable,5.67,applicable,5.66,notApplicable,0.0,notApplicable,0.0,1664300
"Avinashi Rd, Peelamedu",Coimbatore,Coimbatore,Tamil Nadu,2021,0.6911,Industrial,11.0183,76.997,applicable,4.26,applicable,5.8,applicable,5.47,applicable,1.64,applicable,2.59,3798600
"Dindigul Rd, Palani",Palani,Dindigul,Tamil Nadu,2025,6.551,Commercial,10.4508,77.5148,notApplicable,0.0,applicable,3.08,notApplicable,0.0,notApplicable,0.0,applicable,5.8,217169600
Gandhipuram Cross Cut,Coimbatore,Coimbatore,Tamil Nadu,2024,0.2441,Commercial,11.0175,76.9725,applicable,2.11,notApplicable,0.0,applicable,1.85,applicable,4.13,notApplicable,0.0,2730000
"Trichy Rd, Singanallur",Coimbatore,Coimbatore,Tamil Nadu,2022,3.1349,Conservation,10.9979,76.9994,applicable,5.92,notApplicable,0.0,applicable,1.63,notApplicable,0.0,applicable,5.7,3402300
MTP Rd,Coimbatore,Coimbatore,Tamil Nadu,2023,0.9005,Conservation,11.0616,76.9366,notApplicable,0.0,applicable,3.61,notApplicable,0.0,notApplicable,0.0,notApplicable,0.0,1243000
"100 Feet Rd, Velachery",Chennai,Chennai,Tamil Nadu,2024,0.5076,Agricultural,12.9791,80.2209,applicable,1.4,applicable,5.49,notApplicable,0.0,applicable,0.42,applicable,0.96,1470200
Gandhipuram Cross Cut,Coimbatore,Coimbatore,Tamil Nadu,2024,0.2266,Conservation,11.0175,76.9725,notApplicable,0.0,applicable,5.88,notApplicable,0.0,applicable,0.37,notApplicable,0.0,329400
Rajapalayam Rd,Virudhunagar,Virudhunagar,Tamil Nadu,2023,3.08,Agricultural,9.4523,77.5533,applicable,2.27,applicable,0.74,applicable,5.86,notApplicable,0.0,applicable,2.09,3895700
"100 Feet Rd, Velachery",Chennai,Chennai,Tamil Nadu,2021,6.5484,Residential,12.9791,80.2209,notApplicable,0.0,applicable,4.73,notApplicable,0.0,applicable,0.39,notApplicable,0.0,60164600
"Dindigul Rd, Palani",Palani,Dindigul,Tamil Nadu,2023,5.0972,Commercial,10.4508,77.5148,notApplicable,0.0,applicable,5.66,applicable,1.07,applicable,5.02,notApplicable,0.0,164865800
"Avinashi Rd, Peelamedu",Coimbatore,Coimbatore,Tamil Nadu,2021,0.1796,Conservation,11.0183,76.997,notApplicable,0.0,notApplicable,0.0,applicable,2.26,applicable,5.75,applicable,3.13,183000
Alagarkoil Rd,Madurai,Madurai,Tamil Nadu,2024,0.106,Commercial,9.9677,78.1653,applicable,3.54,applicable,4.42,applicable,5.14,applicable,3.8,applicable,5.1,685600
"NH 44, Tirunelveli",Tirunelveli,Tirunelveli,Tamil Nadu,2024,0.5223,Industrial,8.7139,77.7567,applicable,4.48,applicable,3.16,notApplicable,0.0,notApplicable,0.0,notApplicable,0.0,3076400
"Trichy Rd, Singanallur",Coimbatore,Coimbatore,Tamil Nadu,2024,2.1606,Commercial,10.9979,76.9994,applicable,5.62,applicable,2.34,notApplicable,0.0,notApplicable,0.0,notApplicable,0.0,25525200
"NH 44, Tirunelveli",Tirunelveli,Tirunelveli,Tamil Nadu,2021,1.4961,Agricultural,8.7139,77.7567,applicable,2.36,applicable,5.27,applicable,2.35,applicable,5.3,applicable,0.88,1621500
"Sathyamangalam Rd, Edayarpalayam",Erode,Erode,Tamil Nadu,2023,0.1131,Residential,11.349,77.6951,applicable,5.9,applicable,3.38,applicable,2.0,applicable,4.19,applicable,2.61,404400
MTP Rd,Coimbatore,Coimbatore,Tamil Nadu,2024,6.7286,Agricultural,11.0616,76.9366,applicable,1.18,applicable,2.81,applicable,2.79,applicable,3.82,applicable,4.79,10255300
"East Coast Rd, Thiruvanmiyur",Chennai,Chennai,Tamil Nadu,2022,0.0787,Residential,12.9834,80.259,notApplicable,0.0,notApplicable,0.0,notApplicable,0.0,notApplicable,0.0,applicable,0.8,832000
Gandhipuram Cross Cut,Coimbatore,Coimbatore,Tamil Nadu,2021,1.0046,Agricultural,11.0175,76.9725,applicable,4.85,applicable,5.76,applicable,2.66,notApplicable,0.0,notApplicable,0.0,1699100
Gandhipuram Cross Cut,Coimbatore,Coimbatore,Tamil Nadu,2022,6.1961,Residential,11.0175,76.9725,applicable,1.95,applicable,4.86,notApplicable,0.0,notApplicable,0.0,notApplicable,0.0,42230800
"Dindigul Rd, Palani",Palani,Dindigul,Tamil Nadu,2024,0.8014,Conservation,10.4508,77.5148,notApplicable,0.0,applicable,4.37,applicable,2.85,notApplicable,0.0,applicable,1.54,984200
Bypass Rd,Madurai,Madurai,Tamil Nadu,2025,0.1054,Agricultural,9.924,78.135,applicable,3.95,notApplicable,0.0,notApplicable,0.0,notApplicable,0.0,applicable,0.34,219000
Alagarkoil Rd,Madurai,Madurai,Tamil Nadu,2025,0.1774,Commercial,9.9677,78.1653,applicable,4.13,applicable,1.58,applicable,1.46,notApplicable,0.0,applicable,3.51,1601300
Rajapalayam Rd,Virudhunagar,Virudhunagar,Tamil Nadu,2022,5.2601,Agricultural,9.4523,77.5533,applicable,1.43,notApplicable,0.0,notApplicable,0.0,applicable,1.92,applicable,5.73,6958800
"East Coast Rd, Thiruvanmiyur",Chennai,Chennai,Tamil Nadu,2024,0.237,Industrial,12.9834,80.259,notApplicable,0.0,applicable,1.28,applicable,4.64,notApplicable,0.0,applicable,2.72,2452200
"100 Feet Rd, Velachery",Chennai,Chennai,Tamil Nadu,2023,0.1605,Industrial,12.9791,80.2209,notApplicable,0.0,applicable,3.98,applicable,3.21,applicable,4.16,applicable,3.39,1247800
Simmakkal,Madurai,Madurai,Tamil Nadu,2023,0.0953,Commercial,9.921,78.1197,applicable,3.5,notApplicable,0.0,applicable,4.28,notApplicable,0.0,notApplicable,0.0,909800
Ettayapuram Rd,Thoothukudi,Thoothukudi,Tamil Nadu,2023,1.4804,Commercial,8.813,78.1341,applicable,5.11,applicable,5.64,applicable,4.87,notApplicable,0.0,notApplicable,0.0,10213800
Rajapalayam Rd,Virudhunagar,Virudhunagar,Tamil Nadu,2024,0.0686,Industrial,9.4523,77.5533,applicable,1.61,applicable,4.68,notApplicable,0.0,notApplicable,0.0,notApplicable,0.0,424300
Gandhipuram Cross Cut,Coimbatore,Coimbatore,Tamil Nadu,2023,2.3147,Residential,11.0175,76.9725,applicable,4.12,applicable,0.57,applicable,3.19,applicable,3.05,notApplicable,0.0,12984900
"NH 44, Tirunelveli",Tirunelveli,Tirunelveli,Tamil Nadu,2024,3.9782,Commercial,8.7139,77.7567,applicable,3.98,notApplicable,0.0,applicable,4.06,notApplicable,0.0,applicable,4.79,27748300
Ettayapuram Rd,Thoothukudi,Thoothukudi,Tamil Nadu,2025,0.064,Industrial,8.813,78.1341,notApplicable,0.0,applicable,1.71,applicable,1.68,notApplicable,0.0,applicable,3.69,388800
Bypass Rd,Madurai,Madurai,Tamil Nadu,2022,0.6611,Residential,9.924,78.135,applicable,0.71,applicable,4.17,applicable,2.7,applicable,1.65,applicable,4.35,3037100
"100 Feet Rd, Velachery",Chennai,Chennai,Tamil Nadu,2022,0.639,Agricultural,12.9791,80.2209,applicable,1.57,applicable,2.04,notApplicable,0.0,applicable,5.14,applicable,2.05,1463800
Gandhipuram Cross Cut,Coimbatore,Coimbatore,Tamil Nadu,2022,5.0042,Commercial,11.0175,76.9725,notApplicable,0.0,applicable,3.63,notApplicable,0.0,applicable,4.36,applicable,4.72,46667400
"Avinashi Rd, Peelamedu",Coimbatore,Coimbatore,Tamil Nadu,2021,0.0102,Conservation,11.0183,76.997,notApplicable,0.0,applicable,3.27,applicable,2.23,applicable,5.42,applicable,4.0,9200
"Trichy Rd, Singanallur",Coimbatore,Coimbatore,Tamil Nadu,2024,0.0607,Conservation,10.9979,76.9994,notApplicable,0.0,applicable,1.88,notApplicable,0.0,applicable,2.04,applicable,5.88,75400
"Dindigul Rd, Palani",Palani,Dindigul,Tamil Nadu,2021,0.0979,Commercial,10.4508,77.5148,applicable,5.87,applicable,0.83,applicable,3.39,notApplicable,0.0,notApplicable,0.0,2967100
"Avinashi Rd, Peelamedu",Coimbatore,Coimbatore,Tamil Nadu,2021,1.9496,Industrial,11.0183,76.997,applicable,2.6,applicable,2.59,applicable,2.51,applicable,0.45,applicable,1.49,13082900
Bypass Rd,Madurai,Madurai,Tamil Nadu,2023,0.7183,Commercial,9.924,78.135,applicable,2.55,applicable,5.37,notApplicable,0.0,notApplicable,0.0,applicable,4.53,6188000
MTP Rd,Coimbatore,Coimbatore,Tamil Nadu,2021,6.49,Commercial,11.0616,76.9366,applicable,4.68,applicable,5.83,applicable,0.68,applicable,3.23,notApplicable,0.0,58233600
"Sathyamangalam Rd, Edayarpalayam",Erode,Erode,Tamil Nadu,2022,0.4901,Conservation,11.349,77.6951,notApplicable,0.0,notApplicable,0.0,applicable,1.83,notApplicable,0.0,applicable,3.58,460600
"East Coast Rd, Thiruvanmiyur",Chennai,Chennai,Tamil Nadu,2023,0.1696,Industrial,12.9834,80.259,notApplicable,0.0,applicable,4.16,applicable,2.59,applicable,3.26,applicable,2.14,1444700
Alagarkoil Rd,Madurai,Madurai,Tamil Nadu,2025,0.0134,Agricultural,9.9677,78.1653,applicable,3.72,applicable,1.3,applicable,2.47,notApplicable,0.0,applicable,2.32,22000
Bypass Rd,Madurai,Madurai,Tamil Nadu,2022,0.3187,Residential,9.924,78.135,applicable,0.89,notApplicable,0.0,applicable,4.67,notApplicable,0.0,notApplicable,0.0,1973400
"Sathyamangalam Rd, Edayarpalayam",Erode,Erode,Tamil Nadu,2021,1.6794,Industrial,11.349,77.6951,applicable,1.18,applicable,5.41,applicable,5.04,notApplicable,0.0,notApplicable,0.0,9371700
"Avinashi Rd, Peelamedu",Coimbatore,Coimbatore,Tamil Nadu,2024,0.023,Conservation,11.0183,76.997,applicable,5.72,applicable,1.57,applicable,4.2,applicable,3.46,applicable,0.38,23600
"Dindigul Rd, Palani",Palani,Dindigul,Tamil Nadu,2023,0.3564,Commercial,10.4508,77.5148,applicable,1.87,applicable,3.1,applicable,3.21,applicable,4.34,notApplicable,0.0,10563400
Bypass Rd,Madurai,Madurai,Tamil Nadu,2023,1.7421,Commercial,9.924,78.135,applicable,5.65,notApplicable,0.0,applicable,2.42,applicable,2.34,applicable,3.54,13477200
Simmakkal,Madurai,Madurai,Tamil Nadu,2024,0.3768,Agricultural,9.921,78.1197,applicable,5.87,applicable,5.02,notApplicable,0.0,applicable,4.01,notApplicable,0.0,608800
Simmakkal,Madurai,Madurai,Tamil Nadu,2021,0.0886,Agricultural,9.921,78.1197,notApplicable,0.0,notApplicable,0.0,notApplicable,0.0,applicable,3.97,applicable,3.62,146500
"Dindigul Rd, Palani",Palani,Dindigul,Tamil Nadu,2021,7.968,Conservation,10.4508,77.5148,applicable,4.08,applicable,4.2,applicable,2.88,applicable,4.98,notApplicable,0.0,7187800
Ettayapuram Rd,Thoothukudi,Thoothukudi,Tamil Nadu,2021,0.356,Agricultural,8.813,78.1341,notApplicable,0.0,applicable,4.46,applicable,5.47,applicable,1.97,applicable,0.36,450800
"Avinashi Rd, Peelamedu",Coimbatore,Coimbatore,Tamil Nadu,2025,0.3934,Commercial,11.0183,76.997,applicable,2.34,applicable,1.59,notApplicable,0.0,notApplicable,0.0,notApplicable,0.0,5379100
Simmakkal,Madurai,Madurai,Tamil Nadu,2024,1.6737,Conservation,9.921,78.1197,applicable,4.9,applicable,3.24,applicable,3.91,applicable,1.3,applicable,3.34,1320100
MTP Rd,Coimbatore,Coimbatore,Tamil Nadu,2024,7.8823,Agricultural,11.0616,76.9366,applicable,4.13,applicable,2.13,notApplicable,0.0,notApplicable,0.0,applicable,3.39,14741300
"Avinashi Rd, Peelamedu",Coimbatore,Coimbatore,Tamil Nadu,2024,0.3566,Commercial,11.0183,76.997,notApplicable,0.0,notApplicable,0.0,notApplicable,0.0,applicable,1.67,applicable,3.91,4240200
Bypass Rd,Madurai,Madurai,Tamil Nadu,2021,0.349,Industrial,9.924,78.135,applicable,2.97,applicable,1.46,applicable,2.06,applicable,2.48,notApplicable,0.0,2095400
Ettayapuram Rd,Thoothukudi,Thoothukudi,Tamil Nadu,2023,0.2653,Industrial,8.813,78.1341,applicable,2.98,applicable,0.92,applicable,1.28,notApplicable,0.0,applicable,1.11,1604000
Gandhipuram Cross Cut,Coimbatore,Coimbatore,Tamil Nadu,2022,0.2789,Conservation,11.0175,76.9725,notApplicable,0.0,applicable,2.7,applicable,5.45,applicable,0.25,applicable,1.62,317200
Gandhipuram Cross Cut,Coimbatore,Coimbatore,Tamil Nadu,2023,3.9539,Industrial,11.0175,76.9725,applicable,1.94,applicable,0.63,applicable,0.93,notApplicable,0.0,applicable,1.95,34436500
Alagarkoil Rd,Madurai,Madurai,Tamil Nadu,2023,6.1396,Residential,9.9677,78.1653,applicable,3.79,notApplicable,0.0,applicable,3.19,notApplicable,0.0,applicable,4.45,29934500
Rajapalayam Rd,Virudhunagar,Virudhunagar,Tamil Nadu,2024,0.4971,Commercial,9.4523,77.5533,applicable,5.86,applicable,4.88,applicable,3.32,notApplicable,0.0,notApplicable,0.0,3327700
Bypass Rd,Madurai,Madurai,Tamil Nadu,2023,0.0419,Conservation,9.924,78.135,applicable,4.54,applicable,2.95,applicable,3.81,applicable,2.22,applicable,5.08,30200
"Dindigul Rd, Palani",Palani,Dindigul,Tamil Nadu,2025,0.122,Agricultural,10.4508,77.5148,applicable,2.8,applicable,5.73,notApplicable,0.0,notApplicable,0.0,applicable,1.42,257000
"NH 44, Tirunelveli",Tirunelveli,Tirunelveli,Tamil Nadu,2021,3.1319,Agricultural,8.7139,77.7567,applicable,5.08,applicable,5.3,applicable,1.14,notApplicable,0.0,applicable,1.29,3952500
Alagarkoil Rd,Madurai,Madurai,Tamil Nadu,2023,0.2069,Commercial,9.9677,78.1653,applicable,4.05,applicable,3.5,applicable,0.22,notApplicable,0.0,applicable,5.05,1745100
"Sathyamangalam Rd, Edayarpalayam",Erode,Erode,Tamil Nadu,2023,1.8696,Residential,11.349,77.6951,notApplicable,0.0,applicable,0.49,notApplicable,0.0,notApplicable,0.0,applicable,4.79,10928900
"NH 44, Tirunelveli",Tirunelveli,Tirunelveli,Tamil Nadu,2021,1.0362,Agricultural,8.7139,77.7567,applicable,5.49,applicable,1.16,notApplicable,0.0,applicable,3.87,applicable,3.03,1186900
Bypass Rd,Madurai,Madurai,Tamil Nadu,2021,0.8796,Conservation,9.924,78.135,applicable,4.86,applicable,1.01,notApplicable,0.0,applicable,2.18,applicable,5.65,780700
"East Coast Rd, Thiruvanmiyur",Chennai,Chennai,Tamil Nadu,2024,0.1075,Commercial,12.9834,80.259,applicable,1.23,applicable,4.86,applicable,3.64,notApplicable,0.0,notApplicable,0.0,1482800
Simmakkal,Madurai,Madurai,Tamil Nadu,2021,0.9247,Conservation,9.921,78.1197,applicable,3.18,applicable,2.3,applicable,4.28,notApplicable,0.0,applicable,5.43,729700
Rajapalayam Rd,Virudhunagar,Virudhunagar,Tamil Nadu,2023,0.2943,Agricultural,9.4523,77.5533,notApplicable,0.0,applicable,3.79,applicable,3.14,notApplicable,0.0,applicable,1.96,370500
Rajapalayam Rd,Virudhunagar,Virudhunagar,Tamil Nadu,2025,0.1444,Conservation,9.4523,77.5533,applicable,4.04,applicable,2.85,applicable,4.07,notApplicable,0.0,applicable,5.71,98600
Bypass Rd,Madurai,Madurai,Tamil Nadu,2023,0.3518,Commercial,9.924,78.135,notApplicable,0.0,applicable,1.31,applicable,3.2,applicable,5.32,applicable,1.46,3090000
Simmakkal,Madurai,Madurai,Tamil Nadu,2022,0.1342,Conservation,9.921,78.1197,notApplicable,0.0,applicable,1.21,notApplicable,0.0,notApplicable,0.0,applicable,2.48,160200
Gandhipuram Cross Cut,Coimbatore,Coimbatore,Tamil Nadu,2022,0.8703,Residential,11.0175,76.9725,applicable,2.43,applicable,2.0,applicable,0.98,applicable,5.53,applicable,1.35,4908100
Gandhipuram Cross Cut,Coimbatore,Coimbatore,Tamil Nadu,2025,6.25,Conservation,11.0175,76.9725,applicable,5.21,notApplicable,0.0,notApplicable,0.0,notApplicable,0.0,applicable,0.64,8952100
Alagarkoil Rd,Madurai,Madurai,Tamil Nadu,2023,0.128,Residential,9.9677,78.1653,notApplicable,0.0,applicable,4.58,applicable,4.35,notApplicable,0.0,notApplicable,0.0,742800
"100 Feet Rd, Velachery",Chennai,Chennai,Tamil Nadu,2024,0.9148,Commercial,12.9791,80.2209,notApplicable,0.0,applicable,1.4,notApplicable,0.0,notApplicable,0.0,applicable,1.23,16681500
Bypass Rd,Madurai,Madurai,Tamil Nadu,2025,0.3948,Residential,9.924,78.135,notApplicable,0.0,applicable,4.09,applicable,1.17,applicable,5.04,applicable,3.39,2000300
"Dindigul Rd, Palani",Palani,Dindigul,Tamil Nadu,2021,7.4227,Industrial,10.4508,77.5148,notApplicable,0.0,applicable,0.61,applicable,0.67,notApplicable,0.0,applicable,2.67,67692000
"100 Feet Rd, Velachery",Chennai,Chennai,Tamil Nadu,2022,0.0546,Agricultural,12.9791,80.2209,notApplicable,0.0,notApplicable,0.0,notApplicable,0.0,applicable,0.24,applicable,3.44,158500
"Trichy Rd, Singanallur",Coimbatore,Coimbatore,Tamil Nadu,2023,1.6886,Conservation,10.9979,76.9994,applicable,1.58,applicable,5.62,notApplicable,0.0,applicable,4.91,notApplicable,0.0,1959500
Alagarkoil Rd,Madurai,Madurai,Tamil Nadu,2025,0.24,Agricultural,9.9677,78.1653,applicable,4.98,applicable,4.31,applicable,4.51,applicable,3.75,notApplicable,0.0,335900
"East Coast Rd, Thiruvanmiyur",Chennai,Chennai,Tamil Nadu,2024,0.0391,Conservation,12.9834,80.259,applicable,5.19,applicable,5.6,applicable,1.53,applicable,4.59,applicable,4.46,43000
Simmakkal,Madurai,Madurai,Tamil Nadu,2021,0.3219,Commercial,9.921,78.1197,applicable,4.76,applicable,2.9,applicable,5.77,notApplicable,0.0,notApplicable,0.0,2598600
MTP Rd,Coimbatore,Coimbatore,Tamil Nadu,2022,5.0957,Residential,11.0616,76.9366,applicable,4.55,applicable,2.25,applicable,5.19,notApplicable,0.0,notApplicable,0.0,29632300
MTP Rd,Coimbatore,Coimbatore,Tamil Nadu,2022,1.8547,Commercial,11.0616,76.9366,notApplicable,0.0,applicable,0.61,notApplicable,0.0,applicable,1.97,notApplicable,0.0,24496300
"Avinashi Rd, Peelamedu",Coimbatore,Coimbatore,Tamil Nadu,2021,0.4987,Residential,11.0183,76.997,applicable,1.7,applicable,5.02,notApplicable,0.0,notApplicable,0.0,applicable,0.36,3342200
"NH 44, Tirunelveli",Tirunelveli,Tirunelveli,Tamil Nadu,2025,1.1262,Agricultural,8.7139,77.7567,notApplicable,0.0,applicable,1.97,notApplicable,0.0,applicable,4.3,applicable,0.34,1792600
"Dindigul Rd, Palani",Palani,Dindigul,Tamil Nadu,2025,5.3009,Residential,10.4508,77.5148,applicable,3.53,applicable,5.2,applicable,5.15,applicable,1.42,applicable,0.94,148005900
"Trichy Rd, Singanallur",Coimbatore,Coimbatore,Tamil Nadu,2023,2.6268,Industrial,10.9979,76.9994,applicable,0.58,notApplicable,0.0,notApplicable,0.0,applicable,3.85,applicable,0.84,23003900
Alagarkoil Rd,Madurai,Madurai,Tamil Nadu,2023,2.284,Commercial,9.9677,78.1653,notApplicable,0.0,notApplicable,0.0,notApplicable,0.0,applicable,5.77,applicable,2.65,22770900
MTP Rd,Coimbatore,Coimbatore,Tamil Nadu,2022,2.4605,Industrial,11.0616,76.9366,notApplicable,0.0,notApplicable,0.0,notApplicable,0.0,applicable,2.74,applicable,2.35,19903200
"NH 44, Tirunelveli",Tirunelveli,Tirunelveli,Tamil Nadu,2024,0.1951,Industrial,8.7139,77.7567,applicable,1.5,applicable,1.79,notApplicable,0.0,applicable,0.88,applicable,1.67,1232000
"NH 44, Tirunelveli",Tirunelveli,Tirunelveli,Tamil Nadu,2025,0.1796,Industrial,8.7139,77.7567,applicable,3.56,applicable,2.54,notApplicable,0.0,applicable,2.01,notApplicable,0.0,1057300
"Avinashi Rd, Peelamedu",Coimbatore,Coimbatore,Tamil Nadu,2023,0.1327,Agricultural,11.0183,76.997,notApplicable,0.0,applicable,0.39,applicable,5.42,notApplicable,0.0,notApplicable,0.0,314500
Rajapalayam Rd,Virudhunagar,Virudhunagar,Tamil Nadu,2022,0.0917,Residential,9.4523,77.5533,notApplicable,0.0,applicable,1.01,applicable,0.52,applicable,2.92,applicable,3.88,387400
"Avinashi Rd, Peelamedu",Coimbatore,Coimbatore,Tamil Nadu,2025,1.5302,Industrial,11.0183,76.997,notApplicable,0.0,applicable,5.13,notApplicable,0.0,applicable,2.81,notApplicable,0.0,13688200
"NH 44, Tirunelveli",Tirunelveli,Tirunelveli,Tamil Nadu,2024,0.3945,Conservation,8.7139,77.7567,applicable,5.56,notApplicable,0.0,applicable,4.49,notApplicable,0.0,applicable,2.84,299100
Gandhipuram Cross Cut,Coimbatore,Coimbatore,Tamil Nadu,2023,0.013,Agricultural,11.0175,76.9725,notApplicable,0.0,applicable,4.08,applicable,3.32,applicable,0.29,applicable,5.67,22600
"Dindigul Rd, Palani",Palani,Dindigul,Tamil Nadu,2025,1.2827,Commercial,10.4508,77.5148,applicable,3.09,applicable,4.24,notApplicable,0.0,applicable,3.47,notApplicable,0.0,36977000
Ettayapuram Rd,Thoothukudi,Thoothukudi,Tamil Nadu,2021,0.5207,Agricultural,8.813,78.1341,applicable,0.37,applicable,1.62,applicable,1.99,applicable,2.38,notApplicable,0.0,737800
"NH 44, Tirunelveli",Tirunelveli,Tirunelveli,Tamil Nadu,2025,0.1325,Conservation,8.7139,77.7567,notApplicable,0.0,applicable,5.9,applicable,4.86,notApplicable,0.0,applicable,2.77,108500
MTP Rd,Coimbatore,Coimbatore,Tamil Nadu,2025,2.9651,Conservation,11.0616,76.9366,applicable,0.54,notApplicable,0.0,applicable,3.17,notApplicable,0.0,applicable,4.65,3655900
"100 Feet Rd, Velachery",Chennai,Chennai,Tamil Nadu,2021,0.124,Residential,12.9791,80.2209,applicable,2.95,applicable,0.33,applicable,1.77,notApplicable,0.0,notApplicable,0.0,1064400
"Sathyamangalam Rd, Edayarpalayam",Erode,Erode,Tamil Nadu,2022,6.8364,Commercial,11.349,77.6951,applicable,2.4,notApplicable,0.0,notApplicable,0.0,notApplicable,0.0,applicable,2.03,60949300
Gandhipuram Cross Cut,Coimbatore,Coimbatore,Tamil Nadu,2022,0.0273,Residential,11.0175,76.9725,applicable,3.04,notApplicable,0.0,applicable,1.64,applicable,2.53,applicable,3.58,141700
"Dindigul Rd, Palani",Palani,Dindigul,Tamil Nadu,2022,2.9837,Commercial,10.4508,77.5148,notApplicable,0.0,applicable,4.93,notApplicable,0.0,applicable,3.45,notApplicable,0.0,90598900
Bypass Rd,Madurai,Madurai,Tamil Nadu,2021,1.5281,Agricultural,9.924,78.135,applicable,5.0,applicable,2.02,notApplicable,0.0,applicable,2.74,applicable,4.69,2072900
"NH 44, Tirunelveli",Tirunelveli,Tirunelveli,Tamil Nadu,2024,0.0842,Residential,8.7139,77.7567,applicable,1.26,applicable,1.31,notApplicable,0.0,notApplicable,0.0,notApplicable,0.0,490000
"NH 44, Tirunelveli",Tirunelveli,Tirunelveli,Tamil Nadu,2025,0.5839,Commercial,8.7139,77.7567,notApplicable,0.0,applicable,3.08,applicable,0.46,applicable,3.08,notApplicable,0.0,4994100
"East Coast Rd, Thiruvanmiyur",Chennai,Chennai,Tamil Nadu,2024,0.2762,Conservation,12.9834,80.259,applicable,1.85,applicable,5.48,notApplicable,0.0,applicable,3.48,applicable,1.73,382700
"Dindigul Rd, Palani",Palani,Dindigul,Tamil Nadu,2024,0.1685,Commercial,10.4508,77.5148,applicable,4.88,applicable,4.85,applicable,3.08,notApplicable,0.0,applicable,3.64,5475300
"NH 44, Tirunelveli",Tirunelveli,Tirunelveli,Tamil Nadu,2023,0.1015,Commercial,8.7139,77.7567,notApplicable,0.0,applicable,5.87,applicable,4.44,notApplicable,0.0,applicable,3.7,694300
Ettayapuram Rd,Thoothukudi,Thoothukudi,Tamil Nadu,2021,0.4971,Industrial,8.813,78.1341,notApplicable,0.0,applicable,5.72,applicable,2.29,applicable,5.64,applicable,4.81,2141000
"Trichy Rd, Singanallur",Coimbatore,Coimbatore,Tamil Nadu,2021,0.4208,Residential,10.9979,76.9994,notApplicable,0.0,notApplicable,0.0,notApplicable,0.0,applicable,3.67,applicable,5.62,2569000
"Trichy Rd, Singanallur",Coimbatore,Coimbatore,Tamil Nadu,2024,0.088,Residential,10.9979,76.9994,notApplicable,0.0,applicable,2.15,notApplicable,0.0,notApplicable,0.0,notApplicable,0.0,735300
Rajapalayam Rd,Virudhunagar,Virudhunagar,Tamil Nadu,2025,2.6958,Commercial,9.4523,77.5533,notApplicable,0.0,applicable,5.21,applicable,4.85,notApplicable,0.0,applicable,2.75,18465300
"Avinashi Rd, Peelamedu",Coimbatore,Coimbatore,Tamil Nadu,2022,0.248,Residential,11.0183,76.997,applicable,5.53,applicable,1.77,applicable,0.38,applicable,4.06,applicable,5.88,1271000
Bypass Rd,Madurai,Madurai,Tamil Nadu,2023,0.0239,Commercial,9.924,78.135,notApplicable,0.0,applicable,3.29,notApplicable,0.0,notApplicable,0.0,notApplicable,0.0,272000
"Dindigul Rd, Palani",Palani,Dindigul,Tamil Nadu,2023,0.2685,Industrial,10.4508,77.5148,applicable,1.4,notApplicable,0.0,applicable,1.42,applicable,4.26,applicable,1.46,2196900
Simmakkal,Madurai,Madurai,Tamil Nadu,2022,7.7803,Industrial,9.921,78.1197,notApplicable,0.0,applicable,0.27,applicable,2.4,notApplicable,0.0,applicable,3.04,56480300
"East Coast Rd, Thiruvanmiyur",Chennai,Chennai,Tamil Nadu,2022,6.1814,Commercial,12.9834,80.259,notApplicable,0.0,applicable,2.19,notApplicable,0.0,notApplicable,0.0,notApplicable,0.0,104532500
"East Coast Rd, Thiruvanmiyur",Chennai,Chennai,Tamil Nadu,2023,0.189,Commercial,12.9834,80.259,applicable,0.5,applicable,3.81,applicable,5.08,notApplicable,0.0,notApplicable,0.0,2679200
Simmakkal,Madurai,Madurai,Tamil Nadu,2021,1.9834,Residential,9.921,78.1197,notApplicable,0.0,applicable,1.13,applicable,4.2,applicable,4.09,notApplicable,0.0,10440500
Rajapalayam Rd,Virudhunagar,Virudhunagar,Tamil Nadu,2025,5.645,Agricultural,9.4523,77.5533,applicable,5.67,applicable,0.9,notApplicable,0.0,applicable,3.59,notApplicable,0.0,8153800
"Trichy Rd, Singanallur",Coimbatore,Coimbatore,Tamil Nadu,2022,0.0443,Commercial,10.9979,76.9994,applicable,5.38,applicable,3.19,notApplicable,0.0,notApplicable,0.0,notApplicable,0.0,480200
Alagarkoil Rd,Madurai,Madurai,Tamil Nadu,2024,0.0605,Agricultural,9.9677,78.1653,notApplicable,0.0,applicable,5.34,applicable,1.84,notApplicable,0.0,notApplicable,0.0,115900
Alagarkoil Rd,Madurai,Madurai,Tamil Nadu,2022,0.1437,Agricultural,9.9677,78.1653,applicable,4.26,applicable,3.01,applicable,2.18,applicable,3.34,applicable,5.71,168000
Alagarkoil Rd,Madurai,Madurai,Tamil Nadu,2021,0.1651,Conservation,9.9677,78.1653,notApplicable,0.0,applicable,1.23,notApplicable,0.0,notApplicable,0.0,applicable,2.69,187600
"NH 44, Tirunelveli",Tirunelveli,Tirunelveli,Tamil Nadu,2023,0.197,Agricultural,8.7139,77.7567,applicable,4.19,applicable,5.46,notApplicable,0.0,notApplicable,0.0,applicable,1.05,277800
Bypass Rd,Madurai,Madurai,Tamil Nadu,2022,0.8018,Commercial,9.924,78.135,applicable,2.8,applicable,5.82,notApplicable,0.0,notApplicable,0.0,notApplicable,0.0,7734300
"2, Dindigul Rd, opposite bustand, Anna Nagar, Palani, Tamil Nadu 624601, India",0.009986225895316805,Agricultural,applicable,1,applicable,1.99,applicable,1,notApplicable,0,applicable,1.98,10.4508,77.5148,800.1198347107438,2025-10-18T09:50:16.045Z
